
> crm-backend@1.0.0 start:dev
> nest start --watch

[2J[3J[H[[90m11:31:54[0m] Starting compilation in watch mode...

[96msrc/analytics/analytics.service.ts[0m:[93m169[0m:[93m16[0m - [91merror[0m[90m TS5076: [0m'??' and '||' operations cannot be mixed without parentheses.

[7m169[0m         label: options.find(o => o.value === key)?.label ?? key || '(No Status)',
[7m   [0m [91m               ~~~~~~~~~~~~~~~~~~~~~~~~~~~~~~~~~~~~~~~~~~~~~~~~[0m

[[90m11:32:00[0m] Found 1 error. Watching for file changes.

[2J[3J[H[[90m11:32:07[0m] File change detected. Starting incremental compilation...

[[90m11:32:07[0m] Found 0 errors. Watching for file changes.

(node:21612) [DEP0190] DeprecationWarning: Passing args to a child process with shell option true can lead to security vulnerabilities, as the arguments are not escaped, only concatenated.
(Use `node --trace-deprecation ...` to show where the warning was created)
[32m[Nest] 8632  - [39m23/05/2026, 11:32:09 [32m    LOG[39m [38;5;3m[NestFactory] [39m[32mStarting Nest application...[39m
[32m[Nest] 8632  - [39m23/05/2026, 11:32:09 [32m    LOG[39m [38;5;3m[InstanceLoader] [39m[32mAppModule dependencies initialized[39m[38;5;3m +48ms[39m
[32m[Nest] 8632  - [39m23/05/2026, 11:32:09 [32m    LOG[39m [38;5;3m[InstanceLoader] [39m[32mPrismaModule dependencies initialized[39m[38;5;3m +364ms[39m
[32m[Nest] 8632  - [39m23/05/2026, 11:32:09 [32m    LOG[39m [38;5;3m[InstanceLoader] [39m[32mPassportModule dependencies initialized[39m[38;5;3m +0ms[39m
[32m[Nest] 8632  - [39m23/05/2026, 11:32:09 [32m    LOG[39m [38;5;3m[InstanceLoader] [39m[32mWebsocketModule dependencies initialized[39m[38;5;3m +0ms[39m
[32m[Nest] 8632  - [39m23/05/2026, 11:32:09 [32m    LOG[39m [38;5;3m[InstanceLoader] [39m[32mThrottlerModule dependencies initialized[39m[38;5;3m +4ms[39m
[32m[Nest] 8632  - [39m23/05/2026, 11:32:09 [32m    LOG[39m [38;5;3m[InstanceLoader] [39m[32mJwtModule dependencies initialized[39m[38;5;3m +1ms[39m
[32m[Nest] 8632  - [39m23/05/2026, 11:32:09 [32m    LOG[39m [38;5;3m[InstanceLoader] [39m[32mConfigHostModule dependencies initialized[39m[38;5;3m +0ms[39m
[32m[Nest] 8632  -[32m[Nest] 17488  - [39m23/05/2026, 11:32:09 [32m    LOG[39m [38;5;3m[InstanceLoader] [39m[32mThrottlerModule dependencies initialized[39m[32m[Nest] 8632  - [39m23/05/2026, 11:32:09 [32m    LOG[39m [38;5;3m[InstanceLoader] [39m[32mConfigModule dependencies initialized[39m[38;5;3m +5ms[39m
[32m[Nest] 8632  - [39m23/05/2026, 11:32:09 [32m    LOG[39m [38;5;3m[InstanceLoader] [39m[32mScheduleModule dependencies initialized[39m[38;5;3m +1ms[39m
[32m[Nest] 8632  - [39m23/05/2026, 11:32:09 [32m    LOG[39m [38;5;3m[InstanceLoader] [39m[32mUsersModule dependencies initialized[39m[38;5;3m +1ms[39m
[32m[Nest] 8632  - [39m23/05/2026, 11:32:09 [32m    LOG[39m [38;5;3m[InstanceLoader] [39m[32mOrganizationsModule dependencies initialized[39m[38;5;3m +0ms[39m
[32m[Nest] 8632  - [39m23/05/2026, 11:32:09 [32m    LOG[39m [38;5;3m[InstanceLoader] [39m[32mModulesModule dependencies initialized[39m[38;5;3m +0ms[39m
[32m[Nest] 8632  - [[32m[Nest] 17488  - [39m23/05/2026, 11:32:09 [32m    LOG[39m [38;5;3m[InstanceLoader] [39m[32mUsersModule dependencies initialized[39m[38;5;3m +1ms[39m
[32m[Nest] 17488  - [39m23/05/2026, 11:32:09 [32m    LOG[39m [38;5;3m[InstanceLoader] [39m[32mOrganizationsModule dependencies initialized[39m[38;5;3m +0ms[39m
[32m[Nest] 17488  - [39m23/05/2026, 11:32:09 [32m    LOG[39m [38;5;3m[InstanceLoader] [39m[32mModulesModule dependencies initialized[39m[38;5;3m +0ms[39m
[32m[Nest] 17488  - [39m23/05/2026, 11:32:09 [32m    LOG[39m [38;5;3m[InstanceLoader] [39m[32mFieldsModule dependencies initialized[39m[38;5;3m +0ms[39m
[32m[Nest] 17488  - [39m23/05/2026, 11:32:09 [32m    LOG[39m [38;5;3m[InstanceLoader] [39m[32mRecordsModule dependencies initialized[39m[38;5;3m +0ms[39m
[32m[Nest] 17488  - [39m23/05/2026, 11:32:09 [32m    LOG[39m [38;5;3m[InstanceLoader] [39m[32mRelationshipsModule dependencies initialized[39m[38;5;3m +0ms[39m
[32m[Nest] 17488  - [39m23/05/2026, 11:32:09 [32m    LOG[39m [38;5;3m[InstanceLoader] [39m[32mWorkflowsModule dependencies initialized[39m[38;5;3m +0ms[39m
[32m[Nest] 17488  - [39m23/05/2026, 11:32:09 [32m    LOG[39m [38;5;3m[InstanceLoader] [39m[32mNotificationsModule dependencies initialized[39m[38;5;3m +0ms[39m
[32m[Nest] 17488  - [39m23/05/2026, 11:32:09 [32m    LOG[39m [38;5;3m[InstanceLoader] [39m[32mAuditModule dependencies initialized[39m[38;5;3m +0ms[39m
[32m[Nest] 17488  - [39m23/05/2026, 11:32:09 [32m    LOG[39m [38;5;3m[InstanceLoader] [39m[32mFilesModule dependencies initialized[39m[38;5;3m +0ms[39m
[32m[Nest] 17488  - [39m23/05/2026, 11:32:09 [32m    LOG[39m [38;5;3m[InstanceLoader] [39m[32mDashboardsModule dependencies initialized[39m[38;5;3m +0ms[39m
[32m[Nest] 17488  - [39m23/05/2026, 11:32:09 [32m    LOG[39m [38;5;3m[InstanceLoader] [39m[32mViewsModule dependencies initialized[39m[38;5;3m +0ms[39m
[32m[Nest] 17488  - [39m23/05/2026, 11:32:09 [32m    LOG[39m [38;5;3m[InstanceLoader] [39m[32mPermissionsModule dependencies initialized[39m[38;5;3m +0ms[39m
[32m[Nest] 17488  - [39m23/05/2026, 11:32:09 [32m    LOG[39m [38;5;3m[InstanceLoader] [39m[32mGlobalListsModule depend[32m[Nest] 8632  - [39m23/05/2026, 11:32:09 [32m    LOG[39m [38;5;3m[WebSocketsController] [39m[32mAppGateway subscribed to the "join-org" message[39m[38;5;3m +51ms[39m
[32m[Nest] 8632  - [39m23/05/2026, 11:32:09 [32m    LOG[39m [38;5;3m[WebSocketsController] [39m[32mAppGateway subscribed to the "join-module" message[39m[38;5;3m +0ms[39m
[32m[Nest] 8632  - [39m23/05/2026, 11:32:09 [32m    LOG[39m [38;5;3m[RoutesResolver] [39m[32mAuthController {/api/v1/auth}:[39m[38;5;3m +1ms[39m
[32m[Nest] 8632 [32m[Nest] 17488  - [39m23/05/2026, 11:32:09 [32m    LOG[39m [38;5;3m[WebSocketsController] [39m[32mAppGateway subscribed to the "join-org" message[39m[38;5;3m +54ms[39m
[32m[Nest] 17488  - [39m23/05/2026, 11:32:09 [32m    LOG[39m [38;5;3m[WebSocketsController] [39m[32mAppGateway subscribed to the "join-module" message[39m[38;5;3m +1ms[39m
[32m[Nest] 17488  - [39m23/05/2026, 11:32:09 [32m    LOG[39m [38;5;3m[RoutesResolver] [39m[32mAuthController {/api/v1/auth}:[39m[38;5;3m +1ms[39m
[32m[Nest] 17488  - [39m23/05/2026, 11:32:09 [32m    LOG[39m [38;5;3m[RouterExplorer] [39m[32mMapped {/api/v1/auth/register, POST} route[39m[38;5;3m +3ms[39m
[32m[Nest] 17488  - [39m23/05/2026, 11:32:09 [32m    LOG[39m [38;5;3m[RouterExplorer] [39m[32mMapped {/api/v1/auth/login, POST} route[39m[38;5;3m +1ms[39m
[32m[Nest] 17488  - [39m23/05/2026, 11:32:09 [32m    LOG[39m [38;5;3m[RouterExplorer] [39m[32mMapped {/api/v1/auth/refresh, POST} route[39m[38;5;3m +0ms[39m
[32m[Nest] 17488  - [39m23/05/2026, 11:32:09 [32m    LOG[39m [38;5;3m[RouterExplorer] [39m[32mMapped {/api/v1/auth/logout, POST} route[39m[38;5;3m +1ms[39m
[32m[Nest] 17488  - [39m23/05/2026, 11:32:09 [32m    LOG[39m [38;5;3m[RoutesResolver] [39m[32mUsersController {/api/v1/users}:[39m[38;5;3m +0ms[39m
[32m[Nest] 17488  - [39m23/05/2026, 11:32:09 [32m    LOG[39m [38;5;3m[RouterExplorer] [39m[32mMapped {/api/v1/users, GET} route[39m[38;5;3m +1ms[39m
[32m[Nest] 17488  - [39m23/05/2026, 11:32:09 [32m    LOG[39m [38;5;3m[RouterExplorer] [39m[32mMapped {/api/v1/users/:id, GET} route[39m[38;5;3m +0ms[39m
[32m[Nest] 17488  - [39m23/05/2026, 11:32:09 [32m    LOG[39m [38;5;3m[RouterExplorer] [39m[32mMapped {/api/v1/users/:id, PATCH} route[39m[38;5;3m +1ms[39m
[32m[Nest] 17488  - [39m23/05/2026, 11:32:09 [32m    LOG[39m [38;5;3m[RouterExplorer] [39m[32mMapped {/api/v1/users/:id, DELETE} route[39m[38;5;3m +0ms[39m
[32m[Nest] 17488  - [39m23/05/2026, 11:32:09 [32m    LOG[39m [38;5;3m[RoutesResolver] [39m[32mOrganizationsController {/api/v1/organizations}:[39m[38;5;3m +0ms[39m
[32m[Nest] 17488  - [39m23/05/2026, 11:32:09 [32m    LOG[39m [38;5;3m[RouterExplorer] [39m[32mMapped {/api/v1/organizations/me, GET} route[39m[38;5;3m +0ms[39m
[32m[Nest] 17488  - [39m23/05/2026, 11:32:09 [32m    LOG[39m [38;5;3m[RouterExplorer] [39m[32mMapped {/api/v1/organizations/me, PATCH} route[39m[38;5;3m +1ms[39m
[32m[Nest] 17488  - [39m23/05/2026, 11:32:09 [32m    LOG[39m [38;5;3m[RoutesResolver] [39m[32mModulesController {/api/v1/modules}:[39m[38;5;3m +0ms[39m
[32m[Nest] 17488  - [39m23/05/2026, 11:32:09 [32m    LOG[39m [38;5;3m[RouterExplorer] [39m[32mMapped {/api/v1/modules, POST} route[39m[38;5;3m +0ms[39m
[32m[Nest] 17488  - [39m23/05/2026, 11:32:09 [32m    LOG[39m [38;5;3m[RouterExplorer] [39m[32mMapped {/api/v1/modules, GET} route[39m[38;5;3m +0ms[39m
[32m[Nest] 17488  - [39m23/05/2026, 11:32:09 [32m    LOG[39m [38;5;3m[RouterExplorer] [39m[32mMapped {/api/v1/modules/:id, GET} route[39m[38;5;3m +0ms[39m
[32m[Nest] 17488  - [39m23/05/2026, 11:32:09 [32m    LOG[39m [38;5;3m[RouterExplorer] [39m[32mMapped {/api/v1/modules/by-slug/:slug, GET} route[39m[38;5;3m +0ms[39m
[32m[Nest] 17488  - [39m23/05/2026, 11:32:09 [32m    LOG[39m [38;5;3m[RouterExplorer] [39m[32mMapped {/api/v1/modules/:id, PATCH} route[39m[38;5;3m +0ms[39m
[32m[Nest] 17488  - [39m23/05/2026, 11:32:09 [32m    LOG[39m [38;5;3m[RouterExplorer] [39m[32mMapped {/api/v1/modules/:id, DELETE} route[39m[38;5;3m +0ms[39m
[32m[Nest] 17488  - [39m23/05/2026, 11:32:09 [32m    LOG[39m [38;5;3m[RoutesResolver] [39m[32mFieldsController {/api/v1/modules/:moduleId/fields}:[39m[38;5;3m +0ms[39m
[32m[Nest] 17488  - [39m23/05/2026, 11:32:09 [32m    LOG[39m [38;5;3m[RouterExplorer] [39m[32mMapped {/api/v1/modules/:moduleId/fields, POST} route[39m[38;5;3m +1ms[39m
[32m[Nest] 17488  - [39m23/05/2026, 11:32:09 [32m    LOG[39m [38;5;3m[RouterExplorer] [39m[32mMapped {/api/v1/modules/:moduleId/fields, GET} route[39m[38;5;3m +0ms[39m
[32m[Nest] 17488  - [39m23/05/2026, 11:32:09 [32m    LOG[39m [38;5;3m[RouterExplorer] [39m[32mMapped {/api/v1/modules/:moduleId/fields/:id, PATCH} route[39m[38;5;3m +0ms[39m
[32m[Nest] 17488  - [39m23/05/2026, 11:32:09 [32m    LOG[39m [38;5;3m[RouterExplorer] [39m[32mMapped {/api/v1/modules/:moduleId/fields/reorder, POST} route[39m[38;5;3m +0ms[39m
[32m[Nest] 17488  - [39m23/05/2026, 11:32:09 [32m    LOG[39m [38;5;3m[RouterExplorer] [39m[32mMapped {/api/v1/modules/:moduleId/fields/:id, DELETE} route[39m[38;5;3m +0ms[39m
[32m[Nest] 17488  - [39m23/05/2026, 11:32:09 [32m    LOG[39m [38;5;3m[RoutesResolver] [39m[32mRecordsController {/api/v1/modules/:moduleId/records}:[39m[38;5;3m +0ms[39m
[32m[Nest] 17488  - [39m23/05/2026, 11:32:09 [32m    LOG[39m [38;5;3m[RouterExplorer] [39m[32mMapped {/api/v1/modules/:moduleId/records, POST} route[39m[38;5;3m +0ms[39m
[32m[Nest] 17488  - [39m23/05/2026, 11:32:09 [32m    LOG[39m [38;5;3m[RouterExplorer] [39m[32mMapped {/api/v1/modules/:moduleId/records, GET} route[39m[38;5;3m +0ms[39m
[32m[Nest] 17488  - [39m23/05/2026, 11:32:09 [32m    LOG[39m [38;5;3m[RouterExplorer] [39m[32mMapped {/api/v1/modules/:moduleId/records/:id, GET} route[39m[38;5;3m +0ms[39m
[32m[Nest] 17488  - [39m23/05/2026, 11:32:09 [32m    LOG[39m [38;5;3m[RouterExplorer] [39m[32mMapped {/api/v1/modules/:moduleId/records/:id, PATCH} route[39m[38;5;3m +0ms[39m
[32m[Nest] 17488  - [39m23/05/2026, 11:32:09 [32m    LOG[39m [38;5;3m[RouterExplorer] [39m[32mMapped {/api/v1/modules/:moduleId/records/:id, DELETE} route[39m[38;5;3m +0ms[39m
[32m[Nest] 17488  - [39m23/05/2026, 11:32:09 [32m    LOG[39m [38;5;3m[RouterExplorer] [39m[32mMapped {/api/v1/modules/:moduleId/records/bulk-delete, POST} route[39m[38;5;3m +0ms[39m
[32m[Nest] 17488  - [39m23/05/2026, 11:32:09 [32m    LOG[39m [38;5;3m[RouterExplorer] [39m[32mMapped {/api/v1/modules/:moduleId/records/:id/comments, POST} route[39m[38;5;3m +1ms[39m
[32m[Nest] 17488  - [39m23/05/2026, 11:32:09 [32m    LOG[39m [38;5;3m[RoutesResolver] [39m[32mLookupController {/api/v1/records}:[39m[38;5;3m +0ms[39m
[32m[Nest] 17488  - [39m23/05/2026, 11:32:09 [32m    LOG[39m [38;5;3m[RouterExplorer] [39m[32mMapped {/api/v1/records/lookup, GET} route[39m[38;5;3m +0ms[39m
[32m[Nest] 17488  - [39m23/05/2026, 11:32:09 [32m    LOG[39m [38;5;3m[RoutesResolver] [39m[32mRelationshipsController {/api/v1/relationships}:[39m[38;5;3m +0ms[39m
[32m[Nest] 17488  - [39m23/05/2026, 11:32:09 [32m    LOG[39m [38;5;3m[RouterExplorer] [39m[32mMapped {/api/v1/relationships, POST} route[39m[38;5;3m +0ms[39m
[32m[Nest] 17488  - [39m23/05/2026, 11:32:09 [32m    LOG[39m [38;5;3m[RouterExplorer] [39m[32mMapped {/api/v1/relationships, GET} route[39m[38;5;3m +0ms[39m
[32m[Nest] 17488  - [39m23/05/2026, 11:32:09 [32m    LOG[39m [38;5;3m[RouterExplorer] [39m[32mMapped {/api/v1/relationships/module/:moduleId, GET} route[39m[38;5;3m +0ms[39m
[32m[Nest] 17488  - [39m23/05/2026, 11:32:09 [32m    LOG[39m [38;5;3m[RoutesResolver] [39m[32mWorkflowsController {/api/v1/workflows}:[39m[38;5;3m +0ms[39m
[32m[Nest] 17488  - [39m23/05/2026, 11:32:09 [32m    LOG[39m [38;5;3m[RouterExplorer] [39m[32mMapped {/api/v1/workflows, POST} route[39m[38;5;3m +0ms[39m
[32m[Nest] 17488  - [39m23/05/2026, 11:32:09 [32m    LOG[39m [38;5;3m[RouterExplorer] [39m[32mMapped {/api/v1/workflows, GET} route[39m[38;5;3m +0ms[39m
[32m[Nest] 17488  - [39m23/05/2026, 11:32:09 [32m    LOG[39m [38;5;3m[RouterExplorer] [39m[32mMapped {/api/v1/workflows/:id/toggle, PATCH} route[39m[38;5;3m +0ms[39m
[32m[Nest] 17488  - [39m23/05/2026, 11:32:09 [32m    LOG[39m [38;5;3m[RoutesResolver] [39m[32mNotificationsController {/api/v1/notifications}:[39m[38;5;3m +0ms[39m
[32m[Nest] 17488  - [39m23/05/2026, 11:32:09 [32m    LOG[39m [38;5;3m[RouterExplorer] [39m[32mMapped {/api/v1/notifications, GET} route[39m[38;5;3m +0ms[39m
[32m[Nest] 17488  - [39m23/05/2026, 11:32:09 [32m    LOG[39m [38;5;3m[RouterExplorer] [39m[32mMapped {/api/v1/notifications/unread-count, GET} route[39m[38;5;3m +0ms[39m
[32m[Nest] 17488  - [39m23/05/2026, 11:32:09 [32m    LOG[39m [38;5;3m[RouterExplorer] [39m[32mMapped {/api/v1/notifications/:id/read, PATCH} route[39m[38;5;3m +1ms[39m
[32m[Nest] 17488  - [39m23/05/2026, 11:32:09 [32m    LOG[39m [38;5;3m[RouterExplorer] [39m[32mMapped {/api/v1/notifications/read-all, PATCH} route[39m[38;5;3m +0ms[39m
[32m[Nest] 17488  - [39m23/05/2026, 11:32:09 [32m    LOG[39m [38;5;3m[RoutesResolver] [39m[32mAuditController {/api/v1/audit}:[39m[38;5;3m +0ms[39m
[32m[Nest] 17488  - [39m23/05/2026, 11:32:09 [32m    LOG[39m [38;5;3m[RouterExplorer] [39m[32mMapped {/api/v1/audit, GET} route[39m[38;5;3m +0ms[39m
[32m[Nest] 17488  - [39m23/05/2026, 11:32:09 [32m    LOG[39m [38;5;3m[RoutesResolver] [39m[32mFilesController {/api/v1/files}:[39m[38;5;3m +0ms[39m
[32m[Nest] 17488  - [39m23/05/2026, 11:32:09 [32m    LOG[39m [38;5;3m[RouterExplorer] [39m[32mMapped {/api/v1/files/record/:recordId, GET} route[39m[38;5;3m +0ms[39m
[32m[Nest] 17488  - [39m23/05/2026, 11:32:09 [32m    LOG[39m [38;5;3m[RoutesResolver] [39m[32mDashboardsController {/api/v1/dashboards}:[39m[38;5;3m +0ms[39m
[32m[Nest] 17488  - [39m23/05/2026, 11:32:09 [32m    LOG[39m [38;5;3m[RouterExplorer] [39m[32mMapped {/api/v1/dashboards, POST} route[39m[38;5;3m +0ms[39m
[32m[Nest] 17488  - [39m23/05/2026, 11:32:09 [32m    LOG[39m [38;5;3m[RouterExplorer] [39m[32mMapped {/api/v1/dashboards, GET} route[39m[38;5;3m +0ms[39m
[32m[Nest] 17488  - [39m23/05/2026, 11:32:09 [32m    LOG[39m [38;5;3m[RouterExplorer] [39m[32mMapped {/api/v1/dashboards/:id, GET} route[39m[38;5;3m +0ms[39m
[32m[Nest] 17488  - [39m23/05/2026, 11:32:09 [32m    LOG[39m [38;5;3m[RouterExplorer] [39m[32mMapped {/api/v1/dashboards/:id/widgets, POST} route[39m[38;5;3m +0ms[39m
[32m[Nest] 17488  - [39m23/05/2026, 11:32:09 [32m    LOG[39m [38;5;3m[RouterExplorer] [39m[32mMapped {/api/v1/dashboards/widgets/:widgetId, DELETE} route[39m[38;5;3m +0ms[39m
[32m[Nest] 17488  - [39m23/05/2026, 11:32:09 [32m    LOG[39m [38;5;3m[RouterExplorer] [39m[32mMapped {/api/v1/dashboards/analytics/:moduleId, GET} route[39m[38;5;3m +0ms[39m
[32m[Nest] 17488  - [39m23/05/2026, 11:32:09 [32m    LOG[39m [38;5;3m[RoutesResolver] [39m[32mViewsController {/api/v1/modules/:moduleId/views}:[39m[38;5;3m +0ms[39m
[32m[Nest] 17488  - [39m23/05/2026, 11:32:09 [32m    LOG[39m [38;5;3m[RouterExplorer] [39m[32mMapped {/api/v1/modules/:moduleId/views, POST} route[39m[38;5;3m +1ms[39m
[32m[Nest] 17488  - [39m23/05/2026, 11:32:09 [32m    LOG[39m [38;5;3m[RouterExplorer] [39m[32mMapped {/api/v1/modules/:moduleId/views, GET} route[39m[38;5;3m +0ms[39m
[32m[Nest] 17488  - [39m23/05/2026, 11:32:09 [32m    LOG[39m [38;5;3m[RouterExplorer] [39m[32mMapped {/api/v1/modules/:moduleId/views/:id, PATCH} route[39m[38;5;3m +0ms[39m
[32m[Nest] 17488  - [39m23/05/2026, 11:32:09 [32m    LOG[39m [38;5;3m[RouterExplorer] [39m[32mMapped {/api/v1/modules/:moduleId/views/:id, DELETE} route[39m[38;5;3m +0ms[39m
[32m[Nest] 17488  - [39m23/05/2026, 11:32:09 [32m    LOG[39m [38;5;3m[RoutesResolver] [39m[32mPermissionsController {/api/v1/permissions}:[39m[38;5;3m +0ms[39m
[32m[Nest] 17488  - [39m23/05/2026, 11:32:09 [32m    LOG[39m [38;5;3m[RouterExplorer] [39m[32mMapped {/api/v1/permissions, POST} route[39m[38;5;3m +0ms[39m
[32m[Nest] 17488  - [39m23/05/2026, 11:32:09 [32m    LOG[39m [38;5;3m[RouterExplorer] [39m[32mMapped {/api/v1/permissions, GET} route[39m[38;5;3m +0ms[39m
[32m[Nest] 17488  - [39m23/05/2026, 11:32:09 [32m    LOG[39m [38;5;3m[RouterExplorer] [39m[32mMapped {/api/v1/permissions/matrix, GET} route[39m[38;5;3m +0ms[39m
[32m[Nest] 17488  - [39m23/05/2026, 11:32:09 [32m    LOG[39m [38;5;3m[RouterExplorer] [39m[32mMapped {/api/v1/permissions/bulk, POST} route[39m[38;5;3m +0ms[39m
[32m[Nest] 17488  - [39m23/05/2026, 11:32:09 [32m    LOG[39m [38;5;3m[RouterExplorer] [39m[32mMapped {/api/v1/permissions/seed/:moduleId, POST} route[39m[38;5;3m +0ms[39m
[32m[Nest] 17488  - [39m23/05/2026, 11:32:09 [32m    LOG[39m [38;5;3m[RoutesResolver] [39m[32mGlobalListsController {/api/v1/global-lists}:[39m[38;5;3m +0ms[39m
[32m[Nest] 17488  - [39m23/05/2026, 11:32:09 [32m    LOG[39m [38;5;3m[RouterExplorer] [39m[32mMapped {/api/v1/global-lists, GET} route[39m[38;5;3m +0ms[39m
[32m[Nest] 17488  - [39m23/05/2026, 11:32:09 [32m    LOG[39m [38;5;3m[RouterExplorer] [39m[32mMapped {/api/v1/global-lists/:id, GET} route[39m[38;5;3m +0ms[39m
[32m[Nest] 17488  - [39m23/05/2026, 11:32:09 [32m    LOG[39m [38;5;3m[RouterExplorer] [39m[32mMapped {/api/v1/global-lists, POST} route[39m[38;5;3m +0ms[39m
[32m[Nest] 17488  - [39m23/05/2026, 11:32:09 [32m    LOG[39m [38;5;3m[RouterExplorer] [39m[32mMapped {/api/v1/global-lists/:id, PATCH} route[39m[38;5;3m +1ms[39m
[32m[Nest] 17488  - [39m23/05/2026, 11:32:09 [32m    LOG[39m [38;5;3m[RouterExplorer] [39m[32mMapped {/api/v1/global-lists/:id, DELETE} route[39m[38;5;3m +0ms[39m
[32m[Nest] 17488  - [39m23/05/2026, 11:32:09 [32m    LOG[39m [38;5;3m[RouterExplorer] [39m[32mMapped {/api/v1/global-lists/:id/items, GET} route[39m[38;5;3m +0ms[39m
[32m[Nest] 17488  - [39m23/05/2026, 11:32:09 [32m    LOG[39m [38;5;3m[RouterExplorer] [39m[32mMapped {/api/v1/global-lists/:id/tree, GET} route[39m[38;5;3m +0ms[39m
[32m[Nest] 17488  - [39m23/05/2026, 11:32:09 [32m    LOG[39m [38;5;3m[RouterExplorer] [39m[32mMapped {/api/v1/global-lists/:id/items, POST} route[39m[38;5;3m +0ms[39m
[32m[Nest] 17488  - [39m23/05/2026, 11:32:09 [32m    LOG[39m [38;5;3m[RouterExplorer] [39m[32mMapped {/api/v1/global-lists/:id/items/:itemId, PATCH} route[39m[38;5;3m +0ms[39m
[32m[Nest] 17488  - [39m23/05/2026, 11:32:09 [32m    LOG[39m [38;5;3m[RouterExplorer] [39m[32mMapped {/api/v1/global-lists/:id/items/:itemId, DELETE} route[39m[38;5;3m +0ms[39m
[32m[Nest] 17488  - [39m23/05/2026, 11:32:09 [32m    LOG[39m [38;5;3m[RouterExplorer] [39m[32mMapped {/api/v1/global-lists/:id/items/:itemId/children, GET} route[39m[38;5;3m +0ms[39m
[32m[Nest] 17488  - [39m23/05/2026, 11:32:09 [32m    LOG[39m [38;5;3m[RoutesResolver] [39m[32mFormsController {/api/v1/forms}:[39m[38;5;3m +0ms[39m
[32m[Nest] 17488  - [39m23/05/2026, 11:32:09 [32m    LOG[39m [38;5;3m[RouterExplorer] [39m[32mMapped {/api/v1/forms, GET} route[39m[38;5;3m +0ms[39m
[32m[Nest] 17488  - [39m23/05/2026, 11:32:09 [32m    LOG[39m [38;5;3m[RouterExplorer] [39m[32mMapped {/api/v1/forms/:id, GET} route[39m[38;5;3m +0ms[39m
[32m[Nest] 17488  - [39m23/05/2026, 11:32:09 [32m    LOG[39m [38;5;3m[RouterExplorer] [39m[32mMapped {/api/v1/forms, POST} route[39m[38;5;3m +0ms[39m
[32m[Nest] 17488  - [39m23/05/2026, 11:32:09 [32m    LOG[39m [38;5;3m[RouterExplorer] [39m[32mMapped {/api/v1/forms/:id, PATCH} route[39m[38;5;3m +0ms[39m
[32m[Nest] 17488  - [39m23/05/2026, 11:32:09 [32m    LOG[39m [38;5;3m[RouterExplorer] [39m[32mMapped {/api/v1/forms/:id, DELETE} route[39m[38;5;3m +0ms[39m
[32m[Nest] 17488  - [39m23/05/2026, 11:32:09 [32m    LOG[39m [38;5;3m[RouterExplorer] [39m[32mMapped {/api/v1/forms/:id/sections, POST} route[39m[38;5;3m +1ms[39m
[32m[Nest] 17488  - [39m23/05/2026, 11:32:09 [32m    LOG[39m [38;5;3m[RouterExplorer] [39m[32mMapped {/api/v1/forms/:id/sections/:sectionId, PATCH} route[39m[38;5;3m +0ms[39m
[32m[Nest] 17488  - [39m23/05/2026, 11:32:09 [32m    LOG[39m [38;5;3m[RouterExplorer] [39m[32mMapped {/api/v1/forms/:id/sections/:sectionId, DELETE} route[39m[38;5;3m +0ms[39m
[32m[Nest] 17488  - [39m23/05/2026, 11:32:09 [32m    LOG[39m [38;5;3m[RouterExplorer] [39m[32mMapped {/api/v1/forms/:id/available-fields, GET} route[39m[38;5;3m +0ms[39m
[32m[Nest] 17488  - [39m23/05/2026, 11:32:09 [32m    LOG[39m [38;5;3m[RouterExplorer] [39m[32mMapped {/api/v1/forms/:id/fields, POST} route[39m[38;5;3m +0ms[39m
[32m[Nest] 17488  - [39m23/05/2026, 11:32:09 [32m    LOG[39m [38;5;3m[RouterExplorer] [39m[32mMapped {/api/v1/forms/:id/fields/:formFieldId, PATCH} route[39m[38;5;3m +0ms[39m
[32m[Nest] 17488  - [39m23/05/2026, 11:32:09 [32m    LOG[39m [38;5;3m[RouterExplorer] [39m[32mMapped {/api/v1/forms/:id/fields/:formFieldId, DELETE} route[39m[38;5;3m +0ms[39m
[32m[Nest] 17488  - [39m23/05/2026, 11:32:09 [32m    LOG[39m [38;5;3m[RouterExplorer] [39m[32mMapped {/api/v1/forms/:id/fields/reorder, POST} route[39m[38;5;3m +0ms[39m
[32m[Nest] 17488  - [39m23/05/2026, 11:32:09 [32m    LOG[39m [38;5;3m[RouterExplorer] [39m[32mMapped {/api/v1/forms/:id/permissions, GET} route[39m[38;5;3m +0ms[39m
[32m[Nest] 17488  - [39m23/05/2026, 11:32:09 [32m    LOG[39m [38;5;3m[RouterExplorer] [39m[32mMapped {/api/v1/forms/:id/permissions, POST} route[39m[38;5;3m +0ms[39m
[32m[Nest] 17488  - [39m23/05/2026, 11:32:09 [32m    LOG[39m [38;5;3m[RouterExplorer] [39m[32mMapped {/api/v1/forms/:id/generate-token, POST} route[39m[38;5;3m +0ms[39m
[32m[Nest] 17488  - [39m23/05/2026, 11:32:09 [32m    LOG[39m [38;5;3m[RouterExplorer] [39m[32mMapped {/api/v1/forms/:id/revoke-token, POST} route[39m[38;5;3m +0ms[39m
[32m[Nest] 17488  - [39m23/05/2026, 11:32:09 [32m    LOG[39m [38;5;3m[RouterExplorer] [39m[32mMapped {/api/v1/forms/:id/submissions, GET} route[39m[38;5;3m +0ms[39m
[32m[Nest] 17488  - [39m23/05/2026, 11:32:09 [32m    LOG[39m [38;5;3m[RoutesResolver] [39m[32mPublicFormsController {/api/v1/public/forms}:[39m[38;5;3m +0ms[39m
[32m[Nest] 17488  - [39m23/05/2026, 11:32:09 [32m    LOG[39m [38;5;3m[RouterExplorer] [39m[32mMapped {/api/v1/public/forms/:token, GET} route[39m[38;5;3m +0ms[39m
[32m[Nest] 17488  - [39m23/05/2026, 11:32:09 [32m    LOG[39m [38;5;3m[RouterExplorer] [39m[32mMapped {/api/v1/public/forms/:token/submit, POST} route[39m[38;5;3m +0ms[39m
[32m[Nest] 17488  - [39m23/05/2026, 11:32:09 [32m    LOG[39m [38;5;3m[RoutesResolver] [39m[32mAnalyticsController {/api/v1/analytics}:[39m[38;5;3m +1ms[39m
[32m[Nest] 17488  - [39m23/05/2026, 11:32:09 [32m    LOG[39m [38;5;3m[RouterExplorer] [39m[32mMapped {/api/v1/analytics/data/:moduleId, POST} route[39m[38;5;3m +0ms[39m
[32m[Nest] 17488  - [39m23/05/2026, 11:32:09 [32m    LOG[39m [38;5;3m[RouterExplorer] [39m[32mMapped {/api/v1/analytics/:moduleId, GET} route[39m[38;5;3m +0ms[39m
[32m[Nest] 17488  - [39m23/05/2026, 11:32:09 [32m    LOG[39m [38;5;3m[RouterExplorer] [39m[32mMapped {/api/v1/analytics/kanban/:moduleId, POST} route[39m[38;5;3m +0ms[39m
[32m[Nest] 17488  - [39m23/05/2026, 11:32:09 [32m    LOG[39m [38;5;3m[RouterExplorer] [39m[32mMapped {/api/v1/analytics/views/list, GET} route[39m[38;5;3m +0ms[39m
[32m[Nest] 17488  - [39m23/05/2026, 11:32:09 [32m    LOG[39m [38;5;3m[RouterExplorer] [39m[32mMapped {/api/v1/analytics/views, POST} route[39m[38;5;3m +0ms[39m
[32m[Nest] 17488  - [39m23/05/2026, 11:32:09 [32m    LOG[39m [38;5;3m[RouterExplorer] [39m[32mMapped {/api/v1/analytics/views/:id, PATCH} route[39m[38;5;3m +0ms[39m
[32m[Nest] 17488  - [39m23/05/2026, 11:32:09 [32m    LOG[39m [38;5;3m[RouterExplorer] [39m[32mMapped {/api/v1/analytics/views/:id, DELETE} route[39m[38;5;3m +0ms[39m
[32m[Nest] 17488  - [39m23/05/2026, 11:32:09 [32m    LOG[39m [38;5;3m[RouterExplorer] [39m[32mMapped {/api/v1/analytics/targets/list, GET} route[39m[38;5;3m +0ms[39m
[32m[Nest] 17488  - [39m23/05/2026, 11:32:09 [32m    LOG[32m[Nest] 8632  - [39m23/05/2026, 11:32:09 [32m    LOG[39m [38;5;3m[NestApplication] [39m[32mNest application successfully started[39m[38;5;3m +22ms[39m
Application running on http://localhost:4000
[31m[Nest] 8632  - [39m23/05/2026, 11:41:08 [31m  ERROR[39m [38;5;3m[ExceptionsHandler] [39m[31mUnexpected end of JSON input[39m
SyntaxError: Unexpected end of JSON input
    at JSON.parse (<anonymous>)
    at dp (C:\xampp\htdocs\CRM\backend\node_modules\@prisma\client\runtime\library.js:21:35354)
    at wt (C:\xampp\htdocs\CRM\backend\node_modules\@prisma\client\runtime\library.js:21:35058)
    at yt (C:\xampp\htdocs\CRM\backend\node_modules\@prisma\client\runtime\library.js:21:1055)
    at wt (C:\xampp\htdocs\CRM\backend\node_modules\@prisma\client\runtime\library.js:21:35064)
    at Array.map (<anonymous>)
    at wt (C:\xampp\htdocs\CRM\backend\node_modules\@prisma\client\runtime\library.js:21:35025)
    at $n.unpack (C:\xampp\htdocs\CRM\backend\node_modules\@prisma\client\runtime\library.js:121:8048)
    at $n.mapQueryEngineResult (C:\xampp\htdocs\CRM\backend\node_modules\@prisma\client\runtime\library.js:121:6509)
    at Object.singleLoader (C:\xampp\htdocs\CRM\backend\node_modules\@prisma\client\runtime\library.js:121:5927)
[31m[Nest] 8632  - [39m23/05/2026, 11:41:08 [31m  ERROR[39m [38;5;3m[ExceptionsHandler] [39m[31mUnexpected end of JSON input[39m
SyntaxError: Unexpected end of JSON input
    at JSON.parse (<anonymous>)
    at dp (C:\xampp\htdocs\CRM\backend\node_modules\@prisma\client\runtime\library.js:21:35354)
    at wt (C:\xampp\htdocs\CRM\backend\node_modules\@prisma\client\runtime\library.js:21:35058)
    at yt (C:\xampp\htdocs\CRM\backend\node_modules\@prisma\client\runtime\library.js:21:1055)
    at wt (C:\xampp\htdocs\CRM\backend\node_modules\@prisma\client\runtime\library.js:21:35064)
    at Array.map (<[2J[3J[H[[90m11:55:30[0m] File change detected. Starting incremental compilation...

[[90m11:55:31[0m] Found 0 errors. Watching for file changes.

[32m[Nest] 12384  - [39m23/05/2026, 11:55:32 [32m    LOG[39m [38;5;3m[NestFactory] [39m[32mStarting Nest application...[39m
[32m[Nest] 12384  - [39m23/05/2026, 11:55:32 [32m    LOG[39m [38;5;3m[InstanceLoader] [39m[32mAppModule dependencies initialized[39m[38;5;3m +24ms[39m
[32m[Nest] 12384  - [39m23/05/2026, 11:55:32 [32m    LOG[39m [38;5;3m[InstanceLoader] [39m[32mPrismaModule dependencies initialized[39m[38;5;3m +8ms[39m
[32m[Nest] 12384  - [39m23/05/2026, 11:55:32 [32m    LOG[39m [38;5;3m[InstanceLoader] [39m[32mPassportModule dependencies initialized[39m[38;5;3m +0ms[39m
[32m[Nest] 12384  - [39m23/05/2026, 11:55:32 [32m    LOG[39m [38;5;3m[InstanceLoader] [39m[32mWebsocketModule dependencies initialized[39m[38;5;3m +0ms[39m
[32m[Nest] 12384  - [39m23/05/2026, 11:55:32 [32m    LOG[39m [38;5;3m[InstanceLoader] [39m[32mThrottlerModule dependencies initialized[39m[38;5;3m +5ms[39m
[32m[Nest] 12384  - [39m23/05/2026, 11:55:32 [32m    LOG[39m [38;5;3m[InstanceLoader] [39m[32mJwtModule dependencies initialized[39m[38;5;3m +0ms[39m
[32m[Nest] 12384  - [39m23/05/2026, 11:55:32 [32m    LOG[39m [38;5;3m[InstanceLoader] [39m[32mConfigHostModule dependencies initialized[39m[38;5;3m +1ms[39m
[32m[Nest] 12384  - [39m23/05/2026, 11:55:32 [32m    LOG[39m [38;5;3m[InstanceLoader] [39m[32mDiscoveryModule dependencies initialized[39m[38;5;3m +1ms[39m
[32m[Nest] 12384  - [39m23/05/2026, 11:55:32 [32m    LOG[39m [38;5;3m[InstanceLoader] [39m[32mConfigModule dependencies initialized[39m[38;5;3m +1ms[39m
[32m[Nest] 12384  - [39m23/05/2026, 11:55:32 [32m    LOG[39m [38;5;3m[InstanceLoader] [39m[32mScheduleModule dependencies initialized[39m[38;5;3m +0ms[39m
[32m[Nest] 12384  - [39m23/05/2026, 11:55:32 [32m    LOG[39m [38;5;3m[InstanceLoader] [39m[32mUsersModule dependencies initialized[39m[38;5;3m +1ms[39m
[32m[Nest] 12384  - [39m23/05/2026, 11:55:32 [32m    LOG[39m [38;5;3m[InstanceLoader] [39m[32mOrganizationsModule dependencies initialized[39m[38;5;3m +0ms[39m
[32m[Nest] 12384  - [39m23/05/2026, 11:55:32 [32m    LOG[39m [38;5;3m[InstanceLoader] [39m[32mModulesModule dependencies initialized[39m[38;5;3m +0ms[39m
[32m[Nest] 12384  - [39m23/05/2026, 11:55:32 [32m    LOG[39m [38;5;3m[InstanceLoader] [39m[32mFieldsModule dependencies initialized[39m[38;5;3m +0ms[39m
[32m[Nest] 12384  - [39m23/05/2026, 11:55:32 [32m    LOG[39m [38;5;3m[InstanceLoader] [39m[32mRecordsModule dependencies initialized[39m[38;5;3m +0ms[39m
[32m[Nest] 12384  - [39m23/05/2026, 11:55:32 [32m    LOG[39m [38;5;3m[InstanceLoader] [39m[32mRelationshipsModule dependencies initialized[39m[38;5;3m +0ms[39m
[32m[Nest] 12384  - [39m23/05/2026, 11:55:32 [32m    LOG[39m [38;5;3m[InstanceLoader] [39m[32mWorkflowsModule dependencies initialized[39m[38;5;3m +0ms[39m
[32m[Nest] 12384  - [39m23/05/2026, 11:55:32 [32m    LOG[39m [38;5;3m[InstanceLoader] [39m[32mNotificationsModule dependencies initialized[39m[38;5;3m +0ms[39m
[32m[Nest] 12384  - [39m23/05/2026, 11:55:32 [32m    LOG[39m [38;5;3m[InstanceLoader] [39m[32mAuditModule dependencies initialized[39m[38;5;3m +0ms[39m
[32m[Nest] 12384  - [39m23/05/2026, 11:55:32 [32m    LOG[39m [38;5;3m[InstanceLoader] [39m[32mFilesModule dependencies initialized[39m[38;5;3m +0ms[39m
[32m[Nest] 12384  - [39m23/05/2026, 11:55:32 [32m    LOG[39m [38;5;3m[InstanceLoader] [39m[32mDashboardsModule dependencies initialized[39m[38;5;3m +0ms[39m
[32m[Nest] 12384  - [39m23/05/2026, 11:55:32 [32m    LOG[39m [38;5;3m[InstanceLoader] [39m[32mViewsModule dependencies initialized[39m[38;5;3m +0ms[39m
[32m[Nest] 12384  - [39m23/05/2026, 11:55:32 [32m    LOG[39m [38;5;3m[InstanceLoader] [39m[32mPermissionsModule dependencies initialized[39m[38;5;3m +0ms[39m
[32m[Nest] 12384  - [39m23/05/2026, 11:55:32 [32m    LOG[39m [38;5;3m[InstanceLoader] [39m[32mGlobalListsModule dependencies initialized[39m[38;5;3m +0ms[39m
[32m[Nest] 12384  - [39m23/05/2026, 11:55:32 [32m    LOG[39m [38;5;3m[InstanceLoader] [39m[32mFormsModule dependencies initialized[39m[38;5;3m +0ms[39m
[32m[Nest] 12384  - [39m23/05/2026, 11:55:32 [32m    LOG[39m [38;5;3m[InstanceLoader] [39m[32mAnalyticsModule dependencies initialized[39m[38;5;3m +0ms[39m
[32m[Nest] 12384  - [39m23/05/2026, 11:55:32 [32m    LOG[39m [38;5;3m[InstanceLoader] [39m[32mAuthModule dependencies initialized[39m[38;5;3m +0ms[39m
[32m[Nest] 12384  - [39m23/05/2026, 11:55:33 [32m    LOG[39m [38;5;3m[WebSocketsController] [39m[32mAppGateway subscribed to the "join-org" message[39m[38;5;3m +44ms[39m
[32m[Nest] 12384  - [39m23/05/2026, 11:55:33 [32m    LOG[39m [38;5;3m[WebSocketsController] [39m[32mAppGateway subscribed to the "join-module" message[39m[38;5;3m +0ms[39m
[32m[Nest] 12384  - [39m23/05/2026, 11:55:33 [32m    LOG[39m [38;5;3m[RoutesResolver] [39m[32mAuthController {/api/v1/auth}:[39m[38;5;3m +1ms[39m
[32m[Nest] 12384  - [39m23/05/2026, 11:55:33 [32m    LOG[39m [38;5;3m[RouterExplorer] [39m[32mMapped {/api/v1/auth/register, POST} route[39m[38;5;3m +1ms[39m
[32m[Nest] 12384  - [39m23/05/2026, 11:55:33 [32m    LOG[39m [38;5;3m[RouterExplorer] [39m[32mMapped {/api/v1/auth/login, POST} route[39m[38;5;3m +0ms[39m
[32m[Nest] 12384  - [39m23/05/2026, 11:55:33 [32m    LOG[39m [38;5;3m[RouterExplorer] [39m[32mMapped {/api/v1/auth/refresh, POST} route[39m[38;5;3m +1ms[39m
[32m[Nest] 12384  - [39m23/05/2026, 11:55:33 [32m    LOG[39m [38;5;3m[RouterExplorer] [39m[32mMapped {/api/v1/auth/logout, POST} route[39m[38;5;3m +0ms[39m
[32m[Nest] 12384  - [39m23/05/2026, 11:55:33 [32m    LOG[39m [38;5;3m[RoutesResolver] [39m[32mUsersController {/api/v1/users}:[39m[38;5;3m +0ms[39m
[32m[Nest] 12384  - [39m23/05/2026, 11:55:33 [32m    LOG[39m [38;5;3m[RouterExplorer] [39m[32mMapped {/api/v1/users, GET} route[39m[38;5;3m +0ms[39m
[32m[Nest] 12384  - [39m23/05/2026, 11:55:33 [32m    LOG[39m [38;5;3m[RouterExplorer] [39m[32mMapped {/api/v1/users/:id, GET} route[39m[38;5;3m +0ms[39m
[32m[Nest] 12384  - [39m23/05/2026, 11:55:33 [32m    LOG[39m [38;5;3m[RouterExplorer] [39m[32mMapped {/api/v1/users/:id, PATCH} route[39m[38;5;3m +1ms[39m
[32m[Nest] 12384  - [39m23/05/2026, 11:55:33 [32m    LOG[39m [38;5;3m[RouterExplorer] [39m[32mMapped {/api/v1/users/:id, DELETE} route[39m[38;5;3m +0ms[39m
[32m[Nest] 12384  - [39m23/05/2026, 11:55:33 [32m    LOG[39m [38;5;3m[RoutesResolver] [39m[32mOrganizationsController {/api/v1/organizations}:[39m[38;5;3m +0ms[39m
[32m[Nest] 12384  - [39m23/05/2026, 11:55:33 [32m    LOG[39m [38;5;3m[RouterExplorer] [39m[32mMapped {/api/v1/organizations/me, GET} route[39m[38;5;3m +0ms[39m
[32m[Nest] 12384  - [39m23/05/2026, 11:55:33 [32m    LOG[39m [38;5;3m[RouterExplorer] [39m[32mMapped {/api/v1/organizations/me, PATCH} route[39m[38;5;3m +0ms[39m
[32m[Nest] 12384  - [39m23/05/2026, 11:55:33 [32m    LOG[39m [38;5;3m[RoutesResolver] [39m[32mModulesController {/api/v1/modules}:[39m[38;5;3m +0ms[39m
[32m[Nest] 12384  - [39m23/05/2026, 11:55:33 [32m    LOG[39m [38;5;3m[RouterExplorer] [39m[32mMapped {/api/v1/modules, POST} route[39m[38;5;3m +0ms[39m
[32m[Nest] 12384  - [39m23/05/2026, 11:55:33 [32m    LOG[39m [38;5;3m[RouterExplorer] [39m[32mMapped {/api/v1/modules, GET} route[39m[38;5;3m +1ms[39m
[32m[Nest] 12384  - [39m23/05/2026, 11:55:33 [32m    LOG[39m [38;5;3m[RouterExplorer] [39m[32mMapped {/api/v1/modules/:id, GET} route[39m[38;5;3m +0ms[39m
[32m[Nest] 12384  - [39m23/05/2026, 11:55:33 [32m    LOG[39m [38;5;3m[RouterExplorer] [39m[32mMapped {/api/v1/modules/by-slug/:slug, GET} route[39m[38;5;3m +0ms[39m
[32m[Nest] 12384  - [39m23/05/2026, 11:55:33 [32m    LOG[39m [38;5;3m[RouterExplorer] [39m[32mMapped {/api/v1/modules/:id, PATCH} route[39m[38;5;3m +0ms[39m
[32m[Nest] 12384  - [39m23/05/2026, 11:55:33 [32m    LOG[39m [38;5;3m[RouterExplorer] [39m[32mMapped {/api/v1/modules/:id, DELETE} route[39m[38;5;3m +0ms[39m
[32m[Nest] 12384  - [39m23/05/2026, 11:55:33 [32m    LOG[39m [38;5;3m[RoutesResolver] [39m[32mFieldsController {/api/v1/modules/:moduleId/fields}:[39m[38;5;3m +0ms[39m
[32m[Nest] 12384  - [39m23/05/2026, 11:55:33 [32m    LOG[39m [38;5;3m[RouterExplorer] [39m[32mMapped {/api/v1/modules/:moduleId/fields, POST} route[39m[38;5;3m +0ms[39m
[32m[Nest] 12384  - [39m23/05/2026, 11:55:33 [32m    LOG[39m [38;5;3m[RouterExplorer] [39m[32mMapped {/api/v1/modules/:moduleId/fields, GET} route[39m[38;5;3m +0ms[39m
[32m[Nest] 12384  - [39m23/05/2026, 11:55:33 [32m    LOG[39m [38;5;3m[RouterExplorer] [39m[32mMapped {/api/v1/modules/:moduleId/fields/:id, PATCH} route[39m[38;5;3m +0ms[39m
[32m[Nest] 12384  - [39m23/05/2026, 11:55:33 [32m    LOG[39m [38;5;3m[RouterExplorer] [39m[32mMapped {/api/v1/modules/:moduleId/fields/reorder, POST} route[39m[38;5;3m +0ms[39m
[32m[Nest] 12384  - [39m23/05/2026, 11:55:33 [32m    LOG[39m [38;5;3m[RouterExplorer] [39m[32mMapped {/api/v1/modules/:moduleId/fields/:id, DELETE} route[39m[38;5;3m +0ms[39m
[32m[Nest] 12384  - [39m23/05/2026, 11:55:33 [32m    LOG[39m [38;5;3m[RoutesResolver] [39m[32mRecordsController {/api/v1/modules/:moduleId/records}:[39m[38;5;3m +0ms[39m
[32m[Nest] 12384  - [39m23/05/2026, 11:55:33 [32m    LOG[39m [38;5;3m[RouterExplorer] [39m[32mMapped {/api/v1/modules/:moduleId/records, POST} route[39m[38;5;3m +1ms[39m
[32m[Nest] 12384  - [39m23/05/2026, 11:55:33 [32m    LOG[39m [38;5;3m[RouterExplorer] [39m[32mMapped {/api/v1/modules/:moduleId/records, GET} route[39m[38;5;3m +0ms[39m
[32m[Nest] 12384  - [39m23/05/2026, 11:55:33 [32m    LOG[39m [38;5;3m[RouterExplorer] [39m[32mMapped {/api/v1/modules/:moduleId/records/:id, GET} route[39m[38;5;3m +0ms[39m
[32m[Nest] 12384  - [39m23/05/2026, 11:55:33 [32m    LOG[39m [38;5;3m[RouterExplorer] [39m[32mMapped {/api/v1/modules/:moduleId/records/:id, PATCH} route[39m[38;5;3m +0ms[39m
[32m[Nest] 12384  - [39m23/05/2026, 11:55:33 [32m    LOG[39m [38;5;3m[RouterExplorer] [39m[32mMapped {/api/v1/modules/:moduleId/records/:id, DELETE} route[39m[38;5;3m +0ms[39m
[32m[Nest] 12384  - [39m23/05/2026, 11:55:33 [32m    LOG[39m [38;5;3m[RouterExplorer] [39m[32mMapped {/api/v1/modules/:moduleId/records/bulk-delete, POST} route[39m[38;5;3m +0ms[39m
[32m[Nest] 12384  - [39m23/05/2026, 11:55:33 [32m    LOG[39m [38;5;3m[RouterExplorer] [39m[32mMapped {/api/v1/modules/:moduleId/records/:id/comments, POST} route[39m[38;5;3m +0ms[39m
[32m[Nest] 12384  - [39m23/05/2026, 11:55:33 [32m    LOG[39m [38;5;3m[RoutesResolver] [39m[32mLookupController {/api/v1/records}:[39m[38;5;3m +0ms[39m
[32m[Nest] 12384  - [39m23/05/2026, 11:55:33 [32m    LOG[39m [38;5;3m[RouterExplorer] [39m[32mMapped {/api/v1/records/lookup, GET} route[39m[38;5;3m +0ms[39m
[32m[Nest] 12384  - [39m23/05/2026, 11:55:33 [32m    LOG[39m [38;5;3m[RoutesResolver] [39m[32mRelationshipsController {/api/v1/relationships}:[39m[38;5;3m +0ms[39m
[32m[Nest] 12384  - [39m23/05/2026, 11:55:33 [32m    LOG[39m [38;5;3m[RouterExplorer] [39m[32mMapped {/api/v1/relationships, POST} route[39m[38;5;3m +0ms[39m
[32m[Nest] 12384  - [39m23/05/2026, 11:55:33 [32m    LOG[39m [38;5;3m[RouterExplorer] [39m[32mMapped {/api/v1/relationships, GET} route[39m[38;5;3m +0ms[39m
[32m[Nest] 12384  - [39m23/05/2026, 11:55:33 [32m    LOG[39m [38;5;3m[RouterExplorer] [39m[32mMapped {/api/v1/relationships/module/:moduleId, GET} route[39m[38;5;3m +0ms[39m
[32m[Nest] 12384  - [39m23/05/2026, 11:55:33 [32m    LOG[39m [38;5;3m[RoutesResolver] [39m[32mWorkflowsController {/api/v1/workflows}:[39m[38;5;3m +0ms[39m
[32m[Nest] 12384  - [39m23/05/2026, 11:55:33 [32m    LOG[39m [38;5;3m[RouterExplorer] [39m[32mMapped {/api/v1/workflows, POST} route[39m[38;5;3m +0ms[39m
[32m[Nest] 12384  - [39m23/05/2026, 11:55:33 [32m    LOG[39m [38;5;3m[RouterExplorer] [39m[32mMapped {/api/v1/workflows, GET} route[39m[38;5;3m +1ms[39m
[32m[Nest] 12384  - [39m23/05/2026, 11:55:33 [32m    LOG[39m [38;5;3m[RouterExplorer] [39m[32mMapped {/api/v1/workflows/:id/toggle, PATCH} route[39m[38;5;3m +0ms[39m
[32m[Nest] 12384  - [39m23/05/2026, 11:55:33 [32m    LOG[39m [38;5;3m[RoutesResolver] [39m[32mNotificationsController {/api/v1/notifications}:[39m[38;5;3m +0ms[39m
[32m[Nest] 12384  - [39m23/05/2026, 11:55:33 [32m    LOG[39m [38;5;3m[RouterExplorer] [39m[32mMapped {/api/v1/notifications, GET} route[39m[38;5;3m +0ms[39m
[32m[Nest] 12384  - [39m23/05/2026, 11:55:33 [32m    LOG[39m [38;5;3m[RouterExplorer] [39m[32mMapped {/api/v1/notifications/unread-count, GET} route[39m[38;5;3m +0ms[39m
[32m[Nest] 12384  - [39m23/05/2026, 11:55:33 [32m    LOG[39m [38;5;3m[RouterExplorer] [39m[32mMapped {/api/v1/notifications/:id/read, PATCH} route[39m[38;5;3m +0ms[39m
[32m[Nest] 12384  - [39m23/05/2026, 11:55:33 [32m    LOG[39m [38;5;3m[RouterExplorer] [39m[32mMapped {/api/v1/notifications/read-all, PATCH} route[39m[38;5;3m +0ms[39m
[32m[Nest] 12384  - [39m23/05/2026, 11:55:33 [32m    LOG[39m [38;5;3m[RoutesResolver] [39m[32mAuditController {/api/v1/audit}:[39m[38;5;3m +0ms[39m
[32m[Nest] 12384  - [39m23/05/2026, 11:55:33 [32m    LOG[39m [38;5;3m[RouterExplorer] [39m[32mMapped {/api/v1/audit, GET} route[39m[38;5;3m +0ms[39m
[32m[Nest] 12384  - [39m23/05/2026, 11:55:33 [32m    LOG[39m [38;5;3m[RoutesResolver] [39m[32mFilesController {/api/v1/files}:[39m[38;5;3m +0ms[39m
[32m[Nest] 12384  - [39m23/05/2026, 11:55:33 [32m    LOG[39m [38;5;3m[RouterExplorer] [39m[32mMapped {/api/v1/files/record/:recordId, GET} route[39m[38;5;3m +0ms[39m
[32m[Nest] 12384  - [39m23/05/2026, 11:55:33 [32m    LOG[39m [38;5;3m[RoutesResolver] [39m[32mDashboardsController {/api/v1/dashboards}:[39m[38;5;3m +0ms[39m
[32m[Nest] 12384  - [39m23/05/2026, 11:55:33 [32m    LOG[39m [38;5;3m[RouterExplorer] [39m[32mMapped {/api/v1/dashboards, POST} route[39m[38;5;3m +0ms[39m
[32m[Nest] 12384  - [39m23/05/2026, 11:55:33 [32m    LOG[39m [38;5;3m[RouterExplorer] [39m[32mMapped {/api/v1/dashboards, GET} route[39m[38;5;3m +0ms[39m
[32m[Nest] 12384  - [39m23/05/2026, 11:55:33 [32m    LOG[39m [38;5;3m[RouterExplorer] [39m[32mMapped {/api/v1/dashboards/:id, GET} route[39m[38;5;3m +0ms[39m
[32m[Nest] 12384  - [39m23/05/2026, 11:55:33 [32m    LOG[39m [38;5;3m[RouterExplorer] [39m[32mMapped {/api/v1/dashboards/:id/widgets, POST} route[39m[38;5;3m +1ms[39m
[32m[Nest] 12384  - [39m23/05/2026, 11:55:33 [32m    LOG[39m [38;5;3m[RouterExplorer] [39m[32mMapped {/api/v1/dashboards/widgets/:widgetId, DELETE} route[39m[38;5;3m +0ms[39m
[32m[Nest] 12384  - [39m23/05/2026, 11:55:33 [32m    LOG[39m [38;5;3m[RouterExplorer] [39m[32mMapped {/api/v1/dashboards/analytics/:moduleId, GET} route[39m[38;5;3m +0ms[39m
[32m[Nest] 12384  - [39m23/05/2026, 11:55:33 [32m    LOG[39m [38;5;3m[RoutesResolver] [39m[32mViewsController {/api/v1/modules/:moduleId/views}:[39m[38;5;3m +0ms[39m
[32m[Nest] 12384  - [39m23/05/2026, 11:55:33 [32m    LOG[39m [38;5;3m[RouterExplorer] [39m[32mMapped {/api/v1/modules/:moduleId/views, POST} route[39m[38;5;3m +0ms[39m
[32m[Nest] 12384  - [39m23/05/2026, 11:55:33 [32m    LOG[39m [38;5;3m[RouterExplorer] [39m[32mMapped {/api/v1/modules/:moduleId/views, GET} route[39m[38;5;3m +0ms[39m
[32m[Nest] 12384  - [39m23/05/2026, 11:55:33 [32m    LOG[39m [38;5;3m[RouterExplorer] [39m[32mMapped {/api/v1/modules/:moduleId/views/:id, PATCH} route[39m[38;5;3m +0ms[39m
[32m[Nest] 12384  - [39m23/05/2026, 11:55:33 [32m    LOG[39m [38;5;3m[RouterExplorer] [39m[32mMapped {/api/v1/modules/:moduleId/views/:id, DELETE} route[39m[38;5;3m +0ms[39m
[32m[Nest] 12384  - [39m23/05/2026, 11:55:33 [32m    LOG[39m [38;5;3m[RoutesResolver] [39m[32mPermissionsController {/api/v1/permissions}:[39m[38;5;3m +0ms[39m
[32m[Nest] 12384  - [39m23/05/2026, 11:55:33 [32m    LOG[39m [38;5;3m[RouterExplorer] [39m[32mMapped {/api/v1/permissions, POST} route[39m[38;5;3m +0ms[39m
[32m[Nest] 12384  - [39m23/05/2026, 11:55:33 [32m    LOG[39m [38;5;3m[RouterExplorer] [39m[32mMapped {/api/v1/permissions, GET} route[39m[38;5;3m +0ms[39m
[32m[Nest] 12384  - [39m23/05/2026, 11:55:33 [32m    LOG[39m [38;5;3m[RouterExplorer] [39m[32mMapped {/api/v1/permissions/matrix, GET} route[39m[38;5;3m +0ms[39m
[32m[Nest] 12384  - [39m23/05/2026, 11:55:33 [32m    LOG[39m [38;5;3m[RouterExplorer] [39m[32mMapped {/api/v1/permissions/bulk, POST} route[39m[38;5;3m +0ms[39m
[32m[Nest] 12384  - [39m23/05/2026, 11:55:33 [32m    LOG[39m [38;5;3m[RouterExplorer] [39m[32mMapped {/api/v1/permissions/seed/:moduleId, POST} route[39m[38;5;3m +1ms[39m
[32m[Nest] 12384  - [39m23/05/2026, 11:55:33 [32m    LOG[39m [38;5;3m[RoutesResolver] [39m[32mGlobalListsController {/api/v1/global-lists}:[39m[38;5;3m +0ms[39m
[32m[Nest] 12384  - [39m23/05/2026, 11:55:33 [32m    LOG[39m [38;5;3m[RouterExplorer] [39m[32mMapped {/api/v1/global-lists, GET} route[39m[38;5;3m +0ms[39m
[32m[Nest] 12384  - [39m23/05/2026, 11:55:33 [32m    LOG[39m [38;5;3m[RouterExplorer] [39m[32mMapped {/api/v1/global-lists/:id, GET} route[39m[38;5;3m +0ms[39m
[32m[Nest] 12384  - [39m23/05/2026, 11:55:33 [32m    LOG[39m [38;5;3m[RouterExplorer] [39m[32mMapped {/api/v1/global-lists, POST} route[39m[38;5;3m +0ms[39m
[32m[Nest] 12384  - [39m23/05/2026, 11:55:33 [32m    LOG[39m [38;5;3m[RouterExplorer] [39m[32mMapped {/api/v1/global-lists/:id, PATCH} route[39m[38;5;3m +0ms[39m
[32m[Nest] 12384  - [39m23/05/2026, 11:55:33 [32m    LOG[39m [38;5;3m[RouterExplorer] [39m[32mMapped {/api/v1/global-lists/:id, DELETE} route[39m[38;5;3m +0ms[39m
[32m[Nest] 12384  - [39m23/05/2026, 11:55:33 [32m    LOG[39m [38;5;3m[RouterExplorer] [39m[32mMapped {/api/v1/global-lists/:id/items, GET} route[39m[38;5;3m +0ms[39m
[32m[Nest] 12384  - [39m23/05/2026, 11:55:33 [32m    LOG[39m [38;5;3m[RouterExplorer] [39m[32mMapped {/api/v1/global-lists/:id/tree, GET} route[39m[38;5;3m +0ms[39m
[32m[Nest] 12384  - [39m23/05/2026, 11:55:33 [32m    LOG[39m [38;5;3m[RouterExplorer] [39m[32mMapped {/api/v1/global-lists/:id/items, POST} route[39m[38;5;3m +0ms[39m
[32m[Nest] 12384  - [39m23/05/2026, 11:55:33 [32m    LOG[39m [38;5;3m[RouterExplorer] [39m[32mMapped {/api/v1/global-lists/:id/items/:itemId, PATCH} route[39m[38;5;3m +0ms[39m
[32m[Nest] 12384  - [39m23/05/2026, 11:55:33 [32m    LOG[39m [38;5;3m[RouterExplorer] [39m[32mMapped {/api/v1/global-lists/:id/items/:itemId, DELETE} route[39m[38;5;3m +0ms[39m
[32m[Nest] 12384  - [39m23/05/2026, 11:55:33 [32m    LOG[39m [38;5;3m[RouterExplorer] [39m[32mMapped {/api/v1/global-lists/:id/items/:itemId/children, GET} route[39m[38;5;3m +0ms[39m
[32m[Nest] 12384  - [39m23/05/2026, 11:55:33 [32m    LOG[39m [38;5;3m[RoutesResolver] [39m[32mFormsController {/api/v1/forms}:[39m[38;5;3m +0ms[39m
[32m[Nest] 12384  - [39m23/05/2026, 11:55:33 [32m    LOG[39m [38;5;3m[RouterExplorer] [39m[32mMapped {/api/v1/forms, GET} route[39m[38;5;3m +0ms[39m
[32m[Nest] 12384  - [39m23/05/2026, 11:55:33 [32m    LOG[39m [38;5;3m[RouterExplorer] [39m[32mMapped {/api/v1/forms/:id, GET} route[39m[38;5;3m +1ms[39m
[32m[Nest] 12384  - [39m23/05/2026, 11:55:33 [32m    LOG[39m [38;5;3m[RouterExplorer] [39m[32mMapped {/api/v1/forms, POST} route[39m[38;5;3m +0ms[39m
[32m[Nest] 12384  - [39m23/05/2026, 11:55:33 [32m    LOG[39m [38;5;3m[RouterExplorer] [39m[32mMapped {/api/v1/forms/:id, PATCH} route[39m[38;5;3m +0ms[39m
[32m[Nest] 12384  - [39m23/05/2026, 11:55:33 [32m    LOG[39m [38;5;3m[RouterExplorer] [39m[32mMapped {/api/v1/forms/:id, DELETE} route[39m[38;5;3m +0ms[39m
[32m[Nest] 12384  - [39m23/05/2026, 11:55:33 [32m    LOG[39m [38;5;3m[RouterExplorer] [39m[32mMapped {/api/v1/forms/:id/sections, POST} route[39m[38;5;3m +0ms[39m
[32m[Nest] 12384  - [39m23/05/2026, 11:55:33 [32m    LOG[39m [38;5;3m[RouterExplorer] [39m[32mMapped {/api/v1/forms/:id/sections/:sectionId, PATCH} route[39m[38;5;3m +0ms[39m
[32m[Nest] 12384  - [39m23/05/2026, 11:55:33 [32m    LOG[39m [38;5;3m[RouterExplorer] [39m[32mMapped {/api/v1/forms/:id/sections/:sectionId, DELETE} route[39m[38;5;3m +0ms[39m
[32m[Nest] 12384  - [39m23/05/2026, 11:55:33 [32m    LOG[39m [38;5;3m[RouterExplorer] [39m[32mMapped {/api/v1/forms/:id/available-fields, GET} route[39m[38;5;3m +0ms[39m
[32m[Nest] 12384  - [39m23/05/2026, 11:55:33 [32m    LOG[39m [38;5;3m[RouterExplorer] [39m[32mMapped {/api/v1/forms/:id/fields, POST} route[39m[38;5;3m +0ms[39m
[32m[Nest] 12384  - [39m23/05/2026, 11:55:33 [32m    LOG[39m [38;5;3m[RouterExplorer] [39m[32mMapped {/api/v1/forms/:id/fields/:formFieldId, PATCH} route[39m[38;5;3m +0ms[39m
[32m[Nest] 12384  - [39m23/05/2026, 11:55:33 [32m    LOG[39m [38;5;3m[RouterExplorer] [39m[32mMapped {/api/v1/forms/:id/fields/:formFieldId, DELETE} route[39m[38;5;3m +0ms[39m
[32m[Nest] 12384  - [39m23/05/2026, 11:55:33 [32m    LOG[39m [38;5;3m[RouterExplorer] [39m[32mMapped {/api/v1/forms/:id/fields/reorder, POST} route[39m[38;5;3m +0ms[39m
[32m[Nest] 12384  - [39m23/05/2026, 11:55:33 [32m    LOG[39m [38;5;3m[RouterExplorer] [39m[32mMapped {/api/v1/forms/:id/permissions, GET} route[39m[38;5;3m +0ms[39m
[32m[Nest] 12384  - [39m23/05/2026, 11:55:33 [32m    LOG[39m [38;5;3m[RouterExplorer] [39m[32mMapped {/api/v1/forms/:id/permissions, POST} route[39m[38;5;3m +0ms[39m
[32m[Nest] 12384  - [39m23/05/2026, 11:55:33 [32m    LOG[39m [38;5;3m[RouterExplorer] [39m[32mMapped {/api/v1/forms/:id/generate-token, POST} route[39m[38;5;3m +0ms[39m
[32m[Nest] 12384  - [39m23/05/2026, 11:55:33 [32m    LOG[39m [38;5;3m[RouterExplorer] [39m[32mMapped {/api/v1/forms/:id/revoke-token, POST} route[39m[38;5;3m +0ms[39m
[32m[Nest] 12384  - [39m23/05/2026, 11:55:33 [32m    LOG[39m [38;5;3m[RouterExplorer] [39m[32mMapped {/api/v1/forms/:id/submissions, GET} route[39m[38;5;3m +1ms[39m
[32m[Nest] 12384  - [39m23/05/2026, 11:55:33 [32m    LOG[39m [38;5;3m[RoutesResolver] [39m[32mPublicFormsController {/api/v1/public/forms}:[39m[38;5;3m +0ms[39m
[32m[Nest] 12384  - [39m23/05/2026, 11:55:33 [32m    LOG[39m [38;5;3m[RouterExplorer] [39m[32mMapped {/api/v1/public/forms/:token, GET} route[39m[38;5;3m +0ms[39m
[32m[Nest] 12384  - [39m23/05/2026, 11:55:33 [32m    LOG[39m [38;5;3m[RouterExplorer] [39m[32mMapped {/api/v1/public/forms/:token/submit, POST} route[39m[38;5;3m +0ms[39m
[32m[Nest] 12384  - [39m23/05/2026, 11:55:33 [32m    LOG[39m [38;5;3m[RoutesResolver] [39m[32mAnalyticsController {/api/v1/analytics}:[39m[38;5;3m +0ms[39m
[32m[Nest] 12384  - [39m23/05/2026, 11:55:33 [32m    LOG[39m [38;5;3m[RouterExplorer] [39m[32mMapped {/api/v1/analytics/data/:moduleId, POST} route[39m[38;5;3m +0ms[39m
[32m[Nest] 12384  - [39m23/05/2026, 11:55:33 [32m    LOG[39m [38;5;3m[RouterExplorer] [39m[32mMapped {/api/v1/analytics/:moduleId, GET} route[39m[38;5;3m +0ms[39m
[32m[Nest] 12384  - [39m23/05/2026, 11:55:33 [32m    LOG[39m [38;5;3m[RouterExplorer] [39m[32mMapped {/api/v1/analytics/kanban/:moduleId, POST} route[39m[38;5;3m +0ms[39m
[32m[Nest] 12384  - [39m23/05/2026, 11:55:33 [32m    LOG[39m [38;5;3m[RouterExplorer] [39m[32mMapped {/api/v1/analytics/views/list, GET} route[39m[38;5;3m +0ms[39m
[32m[Nest] 12384  - [39m23/05/2026, 11:55:33 [32m    LOG[39m [38;5;3m[RouterExplorer] [39m[32mMapped {/api/v1/analytics/views, POST} route[39m[38;5;3m +0ms[39m
[32m[Nest] 12384  - [39m23/05/2026, 11:55:33 [32m    LOG[39m [38;5;3m[RouterExplorer] [39m[32mMapped {/api/v1/analytics/views/:id, PATCH} route[39m[38;5;3m +0ms[39m
[32m[Nest] 12384  - [39m23/05/2026, 11:55:33 [32m    LOG[39m [38;5;3m[RouterExplorer] [39m[32mMapped {/api/v1/analytics/views/:id, DELETE} route[39m[38;5;3m +0ms[39m
[32m[Nest] 12384  - [39m23/05/2026, 11:55:33 [32m    LOG[39m [38;5;3m[RouterExplorer] [39m[32mMapped {/api/v1/analytics/targets/list, GET} route[39m[38;5;3m +0ms[39m
[32m[Nest] 12384  - [39m23/05/2026, 11:55:33 [32m    LOG[39m [38;5;3m[RouterExplorer] [39m[32mMapped {/api/v1/analytics/targets, POST} route[39m[38;5;3m +0ms[39m
[32m[Nest] 12384  - [39m23/05/2026, 11:55:33 [32m    LOG[39m [38;5;3m[RouterExplorer] [39m[32mMapped {/api/v1/analytics/targets/:id, PATCH} route[39m[38;5;3m +0ms[39m
[32m[Nest] 12384  - [39m23/05/2026, 11:55:33 [32m    LOG[39m [38;5;3m[RouterExplorer] [39m[32mMapped {/api/v1/analytics/targets/:id, DELETE} route[39m[38;5;3m +1ms[39m
[32m[Nest] 12384  - [39m23/05/2026, 11:55:33 [32m    LOG[39m [38;5;3m[RouterExplorer] [39m[32mMapped {/api/v1/analytics/targets/:id/compute, POST} route[39m[38;5;3m +0ms[39m
[32m[Nest] 12384  - [39m23/05/2026, 11:55:33 [32m    LOG[39m [38;5;3m[NestApplication] [39m[32mNest application successfully started[39m[38;5;3m +25ms[39m
[31m[Nest] 12384  - [39m23/05/2026, 11:55:33 [31m  ERROR[39m [38;5;3m[NestApplication] [39m[31mError: listen EADDRINUSE: address already in use :::4000[39m[38;5;3m +2ms[39m
node:net:1948
    const ex = new UVExceptionWithHostPort(err, 'listen', address, port);
               ^

Error: listen EADDRINUSE: address already in use :::4000
    at Server.setupListenHandle [as _listen2] (node:net:1948:16)
    at listenInCluster (node:net:2005:12)
    at Server.listen (node:net:2110:7)
    at ExpressAdapter.listen (C:\xampp\htdocs\CRM\backend\node_modules\@nestjs\platform-express\adapters\express-adapter.js:95:32)
    at C:\xampp\htdocs\CRM\backend\node_modules\@nestjs\core\nest-application.js:183:30
    at new Promise (<anonymous>)
    at NestApplication.listen (C:\xampp\htdocs\CRM\backend\node_modules\@nestjs\core\nest-application.js:173:16)
    at async bootstrap (C:\xampp\htdocs\CRM\backend\src\main.ts:34:3) {
  code: 'EADDRINUSE',
  errno: -4091,
  syscall: 'listen',
  address: '::',
  port: 4000
}

Node.js v24.14.0
[2J[3J[H[[90m11:55:35[0m] File change detected. Starting incremental compilation...

[[90m11:55:35[0m] Found 0 errors. Watching for file changes.

[2J[3J[H[[90m11:55:36[0m] File change detected. Starting incremental compilation...

[[90m11:55:36[0m] Found 0 errors. Watching for file changes.

[32m[Nest] 10048  - [39m23/05/2026, 11:55:37 [32m    LOG[39m [38;5;3m[NestFactory] [39m[32mStarting Nest application...[39m
[32m[Nest] 10048  - [39m23/05/2026, 11:55:37 [32m    LOG[39m [38;5;3m[InstanceLoader] [39m[32mAppModule dependencies initialized[39m[38;5;3m +20ms[39m
[32m[Nest] 10048  - [39m23/05/2026, 11:55:37 [32m    LOG[39m [38;5;3m[InstanceLoader] [39m[32mPrismaModule dependencies initialized[39m[38;5;3m +4ms[39m
[32m[Nest] 10048  - [39m23/05/2026, 11:55:37 [32m    LOG[39m [38;5;3m[InstanceLoader] [39m[32mPassportModule dependencies initialized[39m[38;5;3m +0ms[39m
[32m[Nest] 10048  - [39m23/05/2026, 11:55:37 [32m    LOG[39m [38;5;3m[InstanceLoader] [39m[32mWebsocketModule dependencies initialized[39m[38;5;3m +0ms[39m
[32m[Nest] 10048  - [39m23/05/2026, 11:55:37 [32m    LOG[39m [38;5;3m[InstanceLoader] [39m[32mThrottlerModule dependencies initialized[39m[38;5;3m +4ms[39m
[32m[Nest] 10048  - [39m23/05/2026, 11:55:37 [32m    LOG[39m [38;5;3m[InstanceLoader] [39m[32mJwtModule dependencies initialized[39m[38;5;3m +0ms[39m
[32m[Nest] 10048  - [39m23/05/2026, 11:55:37 [32m    LOG[39m [38;5;3m[InstanceLoader] [39m[32mConfigHostModule dependencies initialized[39m[38;5;3m +1ms[39m
[32m[Nest] 10048  - [39m23/05/2026, 11:55:37 [32m    LOG[39m [38;5;3m[InstanceLoader] [39m[32mDiscoveryModule dependencies initialized[39m[38;5;3m +0ms[39m
[32m[Nest] 10048  - [39m23/05/2026, 11:55:37 [32m    LOG[39m [38;5;[32m[Nest] 23072  - [39m23/05/2026, 11:55:37 [32m    LOG[39m [38;5;3m[InstanceLoader] [39m[32mAppModule dependencies initialized[39m[38;5;3m +21ms[39m
[32m[Nest] 23072  - [39m23/05/2026, 11:55:37 [32m    LOG[39m [38;5;3m[InstanceLoader] [39m[32mPrismaModule dependencies initialized[39m[38;5;3m +3ms[39m
[32m[Nest] 23072  - [39m23/05/2026, 11:55:37 [32m    LOG[39m [38;5;3m[InstanceLoader] [39m[32mPassportModule dependencies initialized[39m[38;5;3m +1ms[39m
[32m[Nest] 23072  - [39m23/05/2026, 11:55:37 [32m    LOG[39m [38;5;3m[InstanceLoader] [39m[32mWebsocketModule dependencies initialized[39m[38;5;3m +0ms[39m
[32m[Nest] 23072  - [39m23/05/2026, 11:55:37 [32m    LOG[39m [38;5;3m[InstanceLoader] [39m[32mThrottlerModule dependencies initialized[39m[38;5;3m +4ms[39m
[32m[Nest] 23072  - [39m23/05/2026, 11:55:37 [32m    LOG[39m [38;5;3m[InstanceLoader] [39m[32mJwtModule dependencies initialized[39m[38;5;3m +0ms[39m
[32m[Nest] 23072  - [39m23/05/2026, 11:55:37 [32m    LOG[39m [38;5;3m[InstanceLoader] [39m[32mConfigHostModule dependencies initialized[39m[38;5;3m +0ms[39m
[32m[Nest] 23072  - [39m23/05/2026, 11:55:37 [32m    LOG[39m [38;5;3m[InstanceLoader] [39m[32mDiscoveryModule dependencies initialized[39m[38;5;3m +1ms[39m
[32m[Nest] 23072  - [39m23/05/2026, 11:55:37 [32m    LOG[39m [38;5;3m[InstanceLoader] [39m[32mConfigModule dependencies initialized[39m[38;5;3m +1ms[39m
[32m[Nest] 23072  - [39m23/05/2026, 11:55:37 [32m    LOG[39m [38;5;3m[InstanceLoader] [39m[32mScheduleModule dependencies initialized[39m[38;5;3m +0ms[39m
[32m[Nest] 23072  - [39m23/05/2026, 11:55:37 [32m    LOG[39m [38;5;3m[InstanceLoader] [39m[32mUsersModule dependencies initialized[39m[38;5;3m +1ms[39m
[32m[Nest] 23072  - [39m23/05/2026, 11:55:37 [32m    LOG[39m [38;5;3m[InstanceLoader] [39m[32mOrganizationsModule dependencies initialized[39m[38;5;3m +0ms[39m
[32m[Nest] 23072  - [39m23/05/2026, 11:55:37 [32m    LOG[39m [38;5;3m[InstanceLoader] [39m[32mModulesModule dependencies initialized[39m[38;5;3m +0ms[39m
[32m[Nest] 23072  - [39m23/05/2026, 11:55:37 [32m    LOG[39m [38;5;3m[InstanceLoader] [39m[32mFieldsModule dependencies initialized[39m[38;5;3m +0ms[39m
[32m[Nest] 23072  - [39m23/05/2026, 11:55:37 [32m    LOG[39m [38;5;3m[InstanceLoader] [39m[32mRecordsModule dependencies initialized[39m[38;5;3m +0ms[39m
[32m[Nest] 23072  - [39m23/05/2026, 11:55:37 [32m    LOG[39m [38;5;3m[InstanceLoader] [39m[32mRelationshipsModule dependencies initialized[39m[38;5;3m +0ms[39m
[32m[Nest] 23072  - [39m23/05/2026, 11:55:37 [32m    LOG[39m [38;5;3m[InstanceLoader] [39m[32mWorkflowsModule dependencies initialized[39m[38;5;3m +0ms[39m
[32m[Nest] 23072  - [39m23/05/2026, 11:55:37 [32m    LOG[39m [38;5;3m[InstanceLoader] [39m[32mNotificationsModule dependencies initialized[39m[38;5;3m +0ms[39m
[32m[Nest] 23072  - [39m23/05/2026, 11:55:37 [32m    LOG[39m [38;5;3m[InstanceLoader] [32m[Nest] 10048  - [39m23/05/2026, 11:55:37 [32m    LOG[39m [38;5;3m[WebSocketsController] [39m[32mAppGateway subscribed to the "join-org" message[39m[38;5;3m +38ms[39m
[32m[Nest] 10048  - [39m23/05/2026, 11:55:37 [32m    LOG[39m [38;5;3m[WebSocketsController] [39m[32mAppGateway subscribed to the "join-module" message[39m[38;5;3m +0ms[39m
[32m[Nest] 10048  - [39m23/05/2026, 11:55:37 [32m    LOG[39m [38;5;3m[RoutesResolver] [39m[32mAuthController {/api/v1/auth}:[39m[38;5;3m +1ms[39m
[32m[Nest] 10048  - [39m23/05/2026, 11:55:37 [32m    LOG[39m [38;5;3m[RouterExplorer] [39m[32mMapped {/api/v1/auth/register, POST} route[39m[38;5;3m +1ms[39m
[32m[Nest] 10048  - [39m23/05/2026, 11:55:37 [32m    LOG[39m [38;5;3m[RouterExplorer] [39m[32mMapped {/api/v1/auth/login, POST} route[39m[38;5;3m +0ms[39m
[32m[Nest] 10048  - [39m23/05/2026, 11:55:37 [32m    LOG[39m [38;5;3m[RouterExplorer] [39m[32mMapped {/api/v1/auth/refresh, POST} route[39m[38;5;3m +1ms[39m
[32m[Nest] 10048  - [39m23/05/2026, 11:55:37 [32m    LOG[39m [38;5;3m[RouterExplorer] [39m[32mMapped {/api/v1/auth/logout, POST} route[39m[38;5;3m +0ms[39m
[32m[Nest] 10048  - [39m23/05/2026, 11:55:37 [32m    LOG[39m [38;5;3m[RoutesResolver] [39m[32mUsersController {/api/v1/users}:[39m[38;5;3m +0ms[39m
[32m[Nest] 10048  - [39m23/05/2026, 11:55:[32m[Nest] 23072  - [39m23/05/2026, 11:55:37 [32m    LOG[39m [38;5;3m[WebSocketsController] [39m[32mAppGateway subscribed to the "join-org" message[39m[38;5;3m +37ms[39m
[32m[Nest] 23072  - [39m23/05/2026, 11:55:37 [32m    LOG[39m [38;5;3m[WebSocketsController] [39m[32mAppGateway subscribed to the "join-module" message[39m[38;5;3m +0ms[39m
[32m[Nest] 23072  - [39m23/05/2026, 11:55:37 [32m    LOG[39m [38;5;3m[RoutesResolver] [39m[32mAuthController {/api/v1/auth}:[39m[38;5;3m +1ms[39m
[32m[Nest] 23072  - [39m23/05/2026, 11:55:37 [32m    LOG[39m [38;5;3m[RouterExplorer] [39m[32mMapped {/api/v1/auth/register, POST} route[39m[38;5;3m +2ms[39m
[32m[Nest] 23072  - [39m23/05/2026, 11:55:37 [32m    LOG[39m [38;5;3m[RouterExplorer] [39m[32mMapped {/api/v1/auth/login, POST} route[39m[38;5;3m +0ms[39m
[32m[Nest] 23072  - [39m23/05/2026, 11:55:37 [32m    LOG[39m [38;5;3m[RouterExplorer] [39m[32mMapped {/api/v1/auth/refresh, POST} route[39m[38;5;3m +0ms[39m
[32m[Nest] 23072  - [39m23/05/2026, 11:55:37 [32m    LOG[39m [38;5;3m[RouterExplorer] [39m[32mMapped {/api/v1/auth/logout, POST} route[39m[38;5;3m +1ms[39m
[32m[Nest] 23072  - [39m23/05/2026, 11:55:37 [32m    LOG[39m [38;5;3m[RoutesResolver] [39m[32mUsersController {/api/v1/users}:[39m[38;5;3m +0ms[39m
[32m[Nest] 23072  - [39m23/05/2026, 11:55:37 [32m    LOG[39m [38;5;3m[RouterExplorer] [39m[32mMapped {/api/v1/users, GET} route[39m[38;5;3m +0ms[39m
[32m[Nest] 23072  - [39m23/05/2026, 11:55:37 [32m    LOG[39m [38;5;3m[RouterExplorer] [39m[32mMapped {/api/v1/users/:id, GET} route[39m[38;5;3m +0ms[39m
[32m[Nest] 23072  - [39m23/05/2026, 11:55:37 [32m    LOG[39m [38;5;3m[RouterExplorer] [39m[32mMapped {/api/v1/users/:id, PATCH} route[39m[38;5;3m +0ms[39m
[32m[Nest] 23072  - [39m23/05/2026, 11:55:37 [32m    LOG[39m [38;5;3m[RouterExplorer] [39m[32mMapped {/api/v1/users/:id, DELETE} route[39m[38;5;3m +0ms[39m
[32m[Nest] 23072  - [39m23/05/2026, 11:55:37 [32m    LOG[39m [38;5;3m[RoutesResolver] [39m[32mOrganizationsController {/api/v1/organizations}:[39m[38;5;3m +0ms[39m
[32m[Nest] 23072  - [39m23/05/2026, 11:55:37 [32m    LOG[39m [38;5;3m[RouterExplorer] [39m[32mMapped {/api/v1/organizations/me, GET} route[39m[38;5;3m +1ms[39m
[32m[Nest] 23072  - [39m23/05/2026, 11:55:37 [32m    LOG[39m [38;5;3m[RouterExplorer] [39m[32mMapped {/api/v1/organizations/me, PATCH} route[39m[38;5;3m +0ms[39m
[32m[Nest] 23072  - [39m23/05/2026, 11:55:37 [32m    LOG[39m [38;5;3m[RoutesResolver] [39m[32mModulesController {/api/v1/modules}:[39m[38;5;3m +0ms[39m
[32m[Nest] 23072  - [39m23/05/2026, 11:55:37 [32m    LOG[39m [38;5;3m[RouterExplorer] [39m[32mMapped {/api/v1/modules, POST} route[39m[38;5;3m +0ms[39m
[32m[Nest] 23072  - [39m23/05/2026, 11:55:37 [32m    LOG[39m [38;5;3m[RouterExplorer] [39m[32mMapped {/api/v1/modules, GET} route[39m[38;5;3m +0ms[39m
[32m[Nest] 23072  - [39m23/05/2026, 11:55:37 [32m    LOG[39m [38;5;3m[RouterExplorer] [39m[32mMapped {/api/v1/modules/:id, GET} route[39m[38;5;3m +0ms[39m
[32m[Nest] 23072  - [39m23/05/2026, 11:55:37 [32m    LOG[39m [38;5;3m[RouterExplorer] [39m[32mMapped {/api/v1/modules/by-slug/:slug, GET} route[39m[38;5;3m +0ms[39m
[32m[Nest] 23072  - [39m23/05/2026, 11:55:37 [32m    LOG[39m [38;5;3m[RouterExplorer] [39m[32mMapped {/api/v1/modules/:id, PATCH} route[39m[38;5;3m +0ms[39m
[32m[Nest] 23072  - [39m23/05/2026, 11:55:37 [32m    LOG[39m [38;5;3m[RouterExplorer] [39m[32mMapped {/api/v1/modules/:id, DELETE} route[39m[38;5;3m +1ms[39m
[32m[Nest] 23072  - [39m23/05/2026, 11:55:37 [32m    LOG[39m [38;5;3m[RoutesResolver] [39m[32mFieldsController {/api/v1/modules/:moduleId/fields}:[39m[38;5;3m +0ms[39m
[32m[Nest] 23072  - [39m23/05/2026, 11:55:37 [32m    LOG[39m [38;5;3m[RouterExplorer] [39m[32mMapped {/api/v1/modules/:moduleId/fields, POST} route[39m[38;5;3m +0ms[39m
[32m[Nest] 23072  - [39m23/05/2026, 11:55:37 [32m    LOG[39m [38;5;3m[RouterExplorer] [39m[32mMapped {/api/v1/modules/:moduleId/fields, GET} route[39m[38;5;3m +0ms[39m
[32m[Nest] 23072  - [39m23/05/2026, 11:55:37 [32m    LOG[39m [38;5;3m[RouterExplorer] [39m[32mMapped {/api/v1/modules/:moduleId/fields/:id, PATCH} route[39m[38;5;3m +0ms[39m
[32m[Nest] 23072  - [39m23/05/2026, 11:55:37 [32m    LOG[39m [38;5;3m[RouterExplorer] [39m[32mMapped {/api/v1/modules/:moduleId/fields/reorder, POST} route[39m[38;5;3m +0ms[39m
[32m[Nest] 23072  - [39m23/05/2026, 11:55:37 [32m    LOG[39m [38;5;3m[RouterExplorer] [39m[32mMapped {/api/v1/modules/:moduleId/fields/:id, DELETE} route[39m[38;5;3m +0ms[39m
[32m[Nest] 23072  - [39m23/05/2026, 11:55:37 [32m    LOG[39m [38;5;3m[RoutesResolver] [39m[32mRecordsController {/api/v1/modules/:moduleId/records}:[39m[38;5;3m +0ms[39m
[32m[Nest] 23072  - [39m23/05/2026, 11:55:37 [32m    LOG[39m [38;5;3m[RouterExplorer] [39m[32mMapped {/api/v1/modules/:moduleId/records, POST} route[39m[38;5;3m +0ms[39m
[32m[Nest] 23072  - [39m23/05/2026, 11:55:37 [32m    LOG[39m [38;5;3m[RouterExplorer] [39m[32mMapped {/api/v1/modules/:moduleId/records, GET} route[39m[38;5;3m +0ms[39m
[32m[Nest] 23072  - [39m23/05/2026, 11:55:37 [32m    LOG[39m [38;5;3m[RouterExplorer] [39m[32mMapped {/api/v1/modules/:moduleId/records/:id, GET} route[39m[38;5;3m +0ms[39m
[32m[Nest] 23072  - [39m23/05/2026, 11:55:37 [32m    LOG[39m [38;5;3m[RouterExplorer] [39m[32mMapped {/api/v1/modules/:moduleId/records/:id, PATCH} route[39m[38;5;3m +0ms[39m
[32m[Nest] 23072  - [39m23/05/2026, 11:55:37 [32m    LOG[39m [38;5;3m[RouterExplorer] [39m[32mMapped {/api/v1/modules/:moduleId/records/:id, DELETE} route[39m[38;5;3m +0ms[39m
[32m[Nest] 23072  - [39m23/05/2026, 11:55:37 [32m    LOG[39m [38;5;3m[RouterExplorer] [39m[32mMapped {/api/v1/modules/:moduleId/records/bulk-delete, POST} route[39m[38;5;3m +0ms[39m
[32m[Nest] 23072  - [39m23/05/2026, 11:55:37 [32m    LOG[39m [38;5;3m[RouterExplorer] [39m[32mMapped {/api/v1/modules/:moduleId/records/:id/comments, POST} route[39m[38;5;3m +1ms[39m
[32m[Nest] 23072  - [39m23/05/2026, 11:55:37 [32m    LOG[39m [38;5;3m[RoutesResolver] [39m[32mLookupController {/api/v1/records}:[39m[38;5;3m +0ms[39m
[32m[Nest] 23072  - [39m23/05/2026, 11:55:37 [32m    LOG[39m [38;5;3m[RouterExplorer] [39m[32mMapped {/api/v1/records/lookup, GET} route[39m[38;5;3m +0ms[39m
[32m[Nest] 23072  - [39m23/05/2026, 11:55:37 [32m    LOG[39m [38;5;3m[RoutesResolver] [39m[32mRelationshipsController {/api/v1/relationships}:[39m[38;5;3m +0ms[39m
[32m[Nest] 23072  - [39m23/05/2026, 11:55:37 [32m    LOG[39m [38;5;3m[RouterExplorer] [39m[32mMapped {/api/v1/relationships, POST} route[39m[38;5;3m +0ms[39m
[32m[Nest] 23072  - [39m23/05/2026, 11:55:37 [32m    LOG[39m [38;5;3m[RouterExplorer] [39m[32mMapped {/api/v1/relationships, GET} route[39m[38;5;3m +0ms[39m
[32m[Nest] 23072  - [39m23/05/2026, 11:55:37 [32m    LOG[39m [38;5;3m[RouterExplorer] [39m[32mMapped {/api/v1/relationships/module/:moduleId, GET} route[39m[38;5;3m +0ms[39m
[32m[Nest] 23072  - [39m23/05/2026, 11:55:37 [32m    LOG[39m [38;5;3m[RoutesResolver] [39m[32mWorkflowsController {/api/v1/workflows}:[39m[38;5;3m +0ms[39m
[32m[Nest] 23072  - [39m23/05/2026, 11:55:37 [32m    LOG[39m [38;5;3m[RouterExplorer] [39m[32mMapped {/api/v1/workflows, POST} route[39m[38;5;3m +0ms[39m
[32m[Nest] 23072  - [39m23/05/2026, 11:55:37 [32m    LOG[39m [38;5;3m[RouterExplorer] [39m[32mMapped {/api/v1/workflows, GET} route[39m[38;5;3m +0ms[39m
[32m[Nest] 23072  - [39m23/05/2026, 11:55:37 [32m    LOG[39m [38;5;3m[RouterExplorer] [39m[32mMapped {/api/v1/workflows/:id/toggle, PATCH} route[39m[38;5;3m +0ms[39m
[32m[Nest] 23072  - [39m23/05/2026, 11:55:37 [32m    LOG[39m [38;5;3m[RoutesResolver] [39m[32mNotificationsController {/api/v1/notifications}:[39m[38;5;3m +0ms[39m
[32m[Nest] 23072  - [39m23/05/2026, 11:55:37 [32m    LOG[39m [38;5;3m[RouterExplorer] [39m[32mMapped {/api/v1/notifications, GET} route[39m[38;5;3m +0ms[39m
[32m[Nest] 23072  - [39m23/05/2026, 11:55:37 [32m    LOG[39m [38;5;3m[RouterExplorer] [39m[32mMapped {/api/v1/notifications/unread-count, GET} route[39m[38;5;3m +0ms[39m
[32m[Nest] 23072  - [39m23/05/2026, 11:55:37 [32m    LOG[39m [38;5;3m[RouterExplorer] [39m[32mMapped {/api/v1/notifications/:id/read, PATCH} route[39m[38;5;3m +0ms[39m
[32m[Nest] 23072  - [39m23/05/2026, 11:55:37 [32m    LOG[39m [38;5;3m[RouterExplorer] [39m[32mMapped {/api/v1/notifications/read-all, PATCH} route[39m[38;5;3m +0ms[39m
[32m[Nest] 23072  - [39m23/05/2026, 11:55:37 [32m    LOG[39m [38;5;3m[RoutesResolver] [39m[32mAuditController {/api/v1/audit}:[39m[38;5;3m +1ms[39m
[32m[Nest] 23072  - [39m23/05/2026, 11:55:37 [32m    LOG[39m [38;5;3m[RouterExplorer] [39m[32mMapped {/api/v1/audit, GET} route[39m[38;5;3m +0ms[39m
[32m[Nest] 23072  - [39m23/05/2026, 11:55:37 [32m    LOG[39m [38;5;3m[RoutesResolver] [39m[32mFilesController {/api/v1/files}:[39m[38;5;3m +0ms[39m
[32m[Nest] 23072  - [39m23/05/2026, 11:55:37 [32m    LOG[39m [38;5;3m[RouterExplorer] [39m[32mMapped {/api/v1/files/record/:recordId, GET} route[39m[38;5;3m +0ms[39m
[32m[Nest] 23072  - [39m23/05/2026, 11:55:37 [32m    LOG[39m [38;5;3m[RoutesResolver] [39m[32mDashboardsController {/api/v1/dashboards}:[39m[38;5;3m +0ms[39m
[32m[Nest] 23072  - [39m23/05/2026, 11:55:37 [32m    LOG[39m [38;5;3m[RouterExplorer] [39m[32mMapped {/api/v1/dashboards, POST} route[39m[38;5;3m +0ms[39m
[32m[Nest] 23072  - [39m23/05/2026, 11:55:37 [32m    LOG[39m [38;5;3m[RouterExplorer] [39m[32mMapped {/api/v1/dashboards, GET} route[39m[38;5;3m +0ms[39m
[32m[Nest] 23072  - [39m23/05/2026, 11:55:37 [32m    LOG[39m [38;5;3m[RouterExplorer] [39m[32mMapped {/api/v1/dashboards/:id, GET} route[39m[38;5;3m +0ms[39m
[32m[Nest] 23072  - [39m23/05/2026, 11:55:37 [32m    LOG[39m [38;5;3m[RouterExplorer] [39m[32mMapped {/api/v1/dashboards/:id/widgets, POST} route[39m[38;5;3m +0ms[39m
[32m[Nest] 23072  - [39m23/05/2026, 11:55:37 [32m    LOG[39m [38;5;3m[RouterExplorer] [39m[32mMapped {/api/v1/dashboards/widgets/:widgetId, DELETE} route[39m[38;5;3m +0ms[39m
[32m[Nest] 23072  - [39m23/05/2026, 11:55:37 [32m    LOG[39m [38;5;3m[RouterExplorer] [39m[32mMapped {/api/v1/dashboards/analytics/:moduleId, GET} route[39m[38;5;3m +0ms[39m
[32m[Nest] 23072  - [39m23/05/2026, 11:55:37 [32m    LOG[39m [38;5;3m[RoutesResolver] [39m[32mViewsController {/api/v1/modules/:moduleId/views}:[39m[38;5;3m +0ms[39m
[32m[Nest] 23072  - [39m23/05/2026, 11:55:37 [32m    LOG[39m [38;5;3m[RouterExplorer] [39m[32mMapped {/api/v1/modules/:moduleId/views, POST} route[39m[38;5;3m +0ms[39m
[32m[Nest] 23072  - [39m23/05/2026, 11:55:37 [32m    LOG[39m [38;5;3m[RouterExplorer] [39m[32mMapped {/api/v1/modules/:moduleId/views, GET} route[39m[38;5;3m +0ms[39m
[32m[Nest] 23072  - [39m23/05/2026, 11:55:37 [32m    LOG[39m [38;5;3m[RouterExplorer] [39m[32mMapped {/api/v1/modules/:moduleId/views/:id, PATCH} route[39m[38;5;3m +1ms[39m
[32m[Nest] 23072  - [39m23/05/2026, 11:55:37 [32m    LOG[39m [38;5;3m[RouterExplorer] [39m[32mMapped {/api/v1/modules/:moduleId/views/:id, DELETE} route[39m[38;5;3m +0ms[39m
[32m[Nest] 23072  - [39m23/05/2026, 11:55:37 [32m    LOG[39m [38;5;3m[RoutesResolver] [39m[32mPermissionsController {/api/v1/permissions}:[39m[38;5;3m +0ms[39m
[32m[Nest] 23072  - [39m23/05/2026, 11:55:37 [32m    LOG[39m [38;5;3m[RouterExplorer] [39m[32mMapped {/api/v1/permissions, POST} route[39m[38;5;3m +0ms[39m
[32m[Nest] 23072  - [39m23/05/2026, 11:55:37 [32m    LOG[39m [38;5;3m[RouterExplorer] [39m[32mMapped {/api/v1/permissions, GET} route[39m[38;5;3m +0ms[39m
[32m[Nest] 23072  - [39m23/05/2026, 11:55:37 [32m    LOG[39m [38;5;3m[RouterExplorer] [39m[32mMapped {/api/v1/permissions/matrix, GET} route[39m[38;5;3m +0ms[39m
[32m[Nest] 23072  - [39m23/05/2026, 11:55:37 [32m    LOG[39m [38;5;3m[RouterExplorer] [39m[32mMapped {/api/v1/permissions/bulk, POST} route[39m[38;5;3m +0ms[39m
[32m[Nest] 23072  - [39m23/05/2026, 11:55:37 [32m    LOG[39m [38;5;3m[RouterExplorer] [39m[32mMapped {/api/v1/permissions/seed/:moduleId, POST} route[39m[38;5;3m +0ms[39m
[32m[Nest] 23072  - [39m23/05/2026, 11:55:37 [32m    LOG[39m [38;5;3m[RoutesResolver] [39m[32mGlobalListsController {/api/v1/global-lists}:[39m[38;5;3m +0ms[39m
[32m[Nest] 23072  - [39m23/05/2026, 11:55:37 [32m    LOG[39m [38;5;3m[RouterExplorer] [39m[32mMapped {/api/v1/global-lists, GET} route[39m[38;5;3m +0ms[39m
[32m[Nest] 23072  - [39m23/05/2026, 11:55:37 [32m    LOG[39m [38;5;3m[RouterExplorer] [39m[32mMapped {/api/v1/global-lists/:id, GET} route[39m[38;5;3m +0ms[39m
[32m[Nest] 23072  - [39m23/05/2026, 11:55:37 [32m    LOG[39m [38;5;3m[RouterExplorer] [39m[32mMapped {/api/v1/global-lists, POST} route[39m[38;5;3m +0ms[39m
[32m[Nest] 23072  - [39m23/05/2026, 11:55:37 [32m    LOG[39m [38;5;3m[RouterExplorer] [39m[32mMapped {/api/v1/global-lists/:id, PATCH} route[39m[38;5;3m +0ms[39m
[32m[Nest] 23072  - [39m23/05/2026, 11:55:37 [32m    LOG[39m [38;5;3m[RouterExplorer] [39m[32mMapped {/api/v1/global-lists/:id, DELETE} route[39m[38;5;3m +0ms[39m
[32m[Nest] 23072  - [39m23/05/2026, 11:55:37 [32m    LOG[39m [38;5;3m[RouterExplorer] [39m[32mMapped {/api/v1/global-lists/:id/items, GET} route[39m[38;5;3m +0ms[39m
[32m[Nest] 23072  - [39m23/05/2026, 11:55:37 [32m    LOG[39m [38;5;3m[RouterExplorer] [39m[32mMapped {/api/v1/global-lists/:id/tree, GET} route[39m[38;5;3m +0ms[39m
[32m[Nest] 23072  - [39m23/05/2026, 11:55:37 [32m    LOG[39m [38;5;3m[RouterExplorer] [39m[32mMapped {/api/v1/global-lists/:id/items, POST} route[39m[38;5;3m +0ms[39m
[32m[Nest] 23072  - [39m23/05/2026, 11:55:37 [32m    LOG[39m [38;5;3m[RouterExplorer] [39m[32mMapped {/api/v1/global-lists/:id/items/:itemId, PATCH} route[39m[38;5;3m +1ms[39m
[32m[Nest] 23072  - [39m23/05/2026, 11:55:37 [32m    LOG[39m [38;5;3m[RouterExplorer] [39m[32mMapped {/api/v1/global-lists/:id/items/:itemId, DELETE} route[39m[38;5;3m +0ms[39m
[32m[Nest] 23072  - [39m23/05/2026, 11:55:37 [32m    LOG[39m [38;5;3m[RouterExplorer] [39m[32mMapped {/api/v1/global-lists/:id/items/:itemId/children, GET} route[39m[38;5;3m +0ms[39m
[32m[Nest] 23072  - [39m23/05/2026, 11:55:37 [32m    LOG[39m [38;5;3m[RoutesResolver] [39m[32mFormsController {/api/v1/forms}:[39m[38;5;3m +0ms[39m
[32m[Nest] 23072  - [39m23/05/2026, 11:55:37 [32m    LOG[39m [38;5;3m[RouterExplorer] [39m[32mMapped {/api/v1/forms, GET} route[39m[38;5;3m +0ms[39m
[32m[Nest] 23072  - [39m23/05/2026, 11:55:37 [32m    LOG[39m [38;5;3m[RouterExplorer] [39m[32mMapped {/api/v1/forms/:id, GET} route[39m[38;5;3m +0ms[39m
[32m[Nest] 23072  - [39m23/05/2026, 11:55:37 [32m    LOG[39m [38;5;3m[RouterExplorer] [39m[32mMapped {/api/v1/forms, POST} route[39m[38;5;3m +0ms[39m
[32m[Nest] 23072  - [39m23/05/2026, 11:55:37 [32m    LOG[39m [38;5;3m[RouterExplorer] [39m[32mMapped {/api/v1/forms/:id, PATCH} route[39m[38;5;3m +0ms[39m
[32m[Nest] 23072  - [39m23/05/2026, 11:55:37 [32m    LOG[39m [38;5;3m[RouterExplorer] [39m[32mMapped {/api/v1/forms/:id, DELETE} route[39m[38;5;3m +0ms[39m
[32m[Nest] 23072  - [39m23/05/2026, 11:55:37 [32m    LOG[39m [38;5;3m[RouterExplorer] [39m[32mMapped {/api/v1/forms/:id/sections, POST} route[39m[38;5;3m +0ms[39m
[32m[Nest] 23072  - [39m23/05/2026, 11:55:37 [32m    LOG[39m [38;5;3m[RouterExplorer] [39m[32mMapped {/api/v1/forms/:id/sections/:sectionId, PATCH} route[39m[38;5;3m +0ms[39m
[32m[Nest] 23072  - [39m23/05/2026, 11:55:37 [32m    LOG[39m [38;5;3m[RouterExplorer] [39m[32mMapped {/api/v1/forms/:id/sections/:sectionId, DELETE} route[39m[38;5;3m +0ms[39m
[32m[Nest] 23072  - [39m23/05/2026, 11:55:37 [32m    LOG[39m [38;5;3m[RouterExplorer] [39m[32mMapped {/api/v1/forms/:id/available-fields, GET} route[39m[38;5;3m +0ms[39m
[32m[Nest] 23072  - [39m23/05/2026, 11:55:37 [32m    LOG[39m [38;5;3m[RouterExplorer] [39m[32mMapped {/api/v1/forms/:id/fields, POST} route[39m[38;5;3m +0ms[39m
[32m[Nest] 23072  - [39m23/05/2026, 11:55:37 [32m    LOG[39m [38;5;3m[RouterExplorer] [39m[32mMapped {/api/v1/forms/:id/fields/:formFieldId, PATCH} route[39m[38;5;3m +0ms[39m
[32m[Nest] 23072  - [39m23/05/2026, 11:55:37 [32m    LOG[39m [38;5;3m[RouterExplorer] [39m[32mMapped {/api/v1/forms/:id/fields/:formFieldId, DELETE} route[39m[38;5;3m +0ms[39m
[32m[Nest] 23072  - [39m23/05/2026, 11:55:37 [32m    LOG[39m [38;5;3m[RouterExplorer] [39m[32mMapped {/api/v1/forms/:id/fields/reorder, POST} route[39m[38;5;3m +1ms[39m
[32m[Nest] 23072  - [39m23/05/2026, 11:55:37 [32m    LOG[39m [38;5;3m[RouterExplorer] [39m[32mMapped {/api/v1/forms/:id/permissions, GET} route[39m[38;5;3m +0ms[39m
[32m[Nest] 23072  - [39m23/05/2026, 11:55:37 [32m    LOG[39m [38;5;3m[RouterExplorer] [39m[32mMapped {/api/v1/forms/:id/permissions, POST} route[39m[38;5;3m +0ms[39m
[32m[Nest] 23072  - [39m23/05/2026, 11:55:37 [32m    LOG[39m [38;5;3m[RouterExplorer] [39m[32mMapped {/api/v1/forms/:id/generate-token, POST} route[39m[38;5;3m +0ms[39m
[32m[Nest] 23072  - [39m23/05/2026, 11:55:37 [32m    LOG[39m [38;5;3m[RouterExplorer] [39m[32mMapped {/api/v1/forms/:id/revoke-token, POST} route[39m[38;5;3m +0ms[39m
[32m[Nest] 23072  - [39m23/05/2026, 11:55:37 [32m    LOG[39m [38;5;3m[RouterExplorer] [39m[32mMapped {/api/v1/forms/:id/submissions, GET} route[39m[38;5;3m +0ms[39m
[32m[Nest] 23072  - [39m23/05/2026, 11:55:37 [32m    LOG[39m [38;5;3m[RoutesResolver] [39m[32mPublicFormsController {/api/v1/public/forms}:[39m[38;5;3m +0ms[39m
[32m[Nest] 23072  - [39m23/05/2026, 11:55:37 [32m    LOG[39m [38;5;3m[RouterExplorer] [39m[32mMapped {/api/v1/public/forms/:token, GET} route[39m[38;5;3m +0ms[39m
[32m[Nest] 23072  - [39m23/05/2026, 11:55:37 [32m    LOG[39m [38;5;3m[RouterExplorer] [39m[32mMapped {/api/v1/public/forms/:token/submit, POST} route[39m[38;5;3m +0ms[39m
[32m[Nest] 23072  - [39m23/05/2026, 11:55:37 [32m    LOG[39m [38;5;3m[RoutesResolver] [39m[32mAnalyticsController {/api/v1/analytics}:[39m[38;5;3m +0ms[39m
[32m[Nest] 23072  - [39m23/05/2026, 11:55:37 [32m    LOG[39m [38;5;3m[RouterExplorer] [39m[32mMapped {/api/v1/analytics/data/:moduleId, POST} route[39m[38;5;3m +0ms[39m
[32m[Nest] 23072  - [39m23/05/2026, 11:55:37 [32m    LOG[39m [38;5;3m[RouterExplorer] [39m[32mMapped {/api/v1/analytics/:moduleId, GET} route[39m[38;5;3m +0ms[39m
[32m[Nest] 23072  - [39m23/05/2026, 11:55:37 [32m    LOG[39m [38;5;3m[RouterExplorer] [39m[32mMapped {/api/v1/analytics/kanban/:moduleId, POST} route[39m[38;5;3m +0ms[39m
[32m[Nest] 23072  - [39m23/05/2026, 11:55:37 [32m    LOG[39m [38;5;3m[RouterExplorer] [39m[32mMapped {/api/v1/analytics/views/list, GET} route[39m[38;5;3m +0ms[39m
[32m[Nest] 23072  - [39m23/05/2026, 11:55:37 [32m    LOG[39m [38;5;3m[RouterExplorer] [39m[32mMapped {/api/v1/analytics/views, POST} route[39m[38;5;3m +0ms[39m
[32m[Nest] 23072  - [39m23/05/2026, 11:55:37 [32m    LOG[3[2J[3J[H[[90m11:55:41[0m] File change detected. Starting incremental compilation...

[[90m11:55:41[0m] Found 0 errors. Watching for file changes.

[32m[Nest] 8784  - [39m23/05/2026, 11:55:43 [32m    LOG[39m [38;5;3m[NestFactory] [39m[32mStarting Nest application...[39m
[32m[Nest] 8784  - [39m23/05/2026, 11:55:43 [32m    LOG[39m [38;5;3m[InstanceLoader] [39m[32mAppModule dependencies initialized[39m[38;5;3m +17ms[39m
[32m[Nest] 8784  - [39m23/05/2026, 11:55:43 [32m    LOG[39m [38;5;3m[InstanceLoader] [39m[32mPrismaModule dependencies initialized[39m[38;5;3m +3ms[39m
[32m[Nest] 8784  - [39m23/05/2026, 11:55:43 [32m    LOG[39m [38;5;3m[InstanceLoader] [39m[32mPassportModule dependencies initialized[39m[38;5;3m +1ms[39m
[32m[Nest] 8784  - [39m23/05/2026, 11:55:43 [32m    LOG[39m [38;5;3m[InstanceLoader] [39m[32mWebsocketModule dependencies initialized[39m[38;5;3m +0ms[39m
[32m[Nest] 8784  - [39m23/05/2026, 11:55:43 [32m    LOG[39m [38;5;3m[InstanceLoader] [39m[32mThrottlerModule dependencies initialized[39m[38;5;3m +3ms[39m
[32m[Nest] 8784  - [39m23/05/2026, 11:55:43 [32m    LOG[39m [38;5;3m[InstanceLoader] [39m[32mJwtModule dependencies initialized[39m[38;5;3m +0ms[39m
[32m[Nest] 8784  - [39m23/05/2026, 11:55:43 [32m    LOG[39m [38;5;3m[InstanceLoader] [39m[32mConfigHostModule dependencies initialized[39m[38;5;3m +1ms[39m
[32m[Nest] 8784  - [39m23/05/2026, 11:55:43 [32m    LOG[39m [38;5;3m[InstanceLoader] [39m[32mDiscoveryModule dependencies initialized[39m[38;5;3m +0ms[39m
[32m[Nest] 8784  - [39m23/05/2026, 11:55:43 [32m    LOG[39m [38;5;3m[InstanceLoader] [39m[32mConfigModule dependencies initialized[39m[38;5;3m +1ms[39m
[32m[Nest] 8784  - [39m23/05/2026, 11:55:43 [32m    LOG[39m [38;5;3m[InstanceLoader] [39m[32mScheduleModule dependencies initialized[39m[38;5;3m +0ms[39m
[32m[Nest] 8784  - [39m23/05/2026, 11:55:43 [32m    LOG[39m [38;5;3m[InstanceLoader] [39m[32mUsersModule dependencies initialized[39m[38;5;3m +1ms[39m
[32m[Nest] 8784  - [39m23/05/2026, 11:55:43 [32m    LOG[39m [38;5;3m[InstanceLoader] [39m[32mOrganizationsModule dependencies initialized[39m[38;5;3m +0ms[39m
[32m[Nest] 8784  - [39m23/05/2026, 11:55:43 [32m    LOG[39m [38;5;3m[InstanceLoader] [39m[32mModulesModule dependencies initialized[39m[38;5;3m +0ms[39m
[32m[Nest] 8784  - [39m23/05/2026, 11:55:43 [32m    LOG[39m [38;5;3m[InstanceLoader] [39m[32mFieldsModule dependencies initialized[39m[38;5;3m +0ms[39m
[32m[Nest] 8784  - [39m23/05/2026, 11:55:43 [32m    LOG[39m [38;5;3m[InstanceLoader] [39m[32mRecordsModule dependencies initialized[39m[38;5;3m +0ms[39m
[32m[Nest] 8784  - [39m23/05/2026, 11:55:43 [32m    LOG[39m [38;5;3m[InstanceLoader] [39m[32mRelationshipsModule dependencies initialized[39m[38;5;3m +0ms[39m
[32m[Nest] 8784  - [39m23/05/2026, 11:55:43 [32m    LOG[39m [38;5;3m[InstanceLoader] [39m[32mWorkflowsModule dependencies initialized[39m[38;5;3m +0ms[39m
[32m[Nest] 8784  - [39m23/05/2026, 11:55:43 [32m    LOG[39m [38;5;3m[InstanceLoader] [39m[32mNotificationsModule dependencies initialized[39m[38;5;3m +0ms[39m
[32m[Nest] 8784  - [39m23/05/2026, 11:55:43 [32m    LOG[39m [38;5;3m[InstanceLoader] [39m[32mAuditModule dependencies initialized[39m[38;5;3m +1ms[39m
[32m[Nest] 8784  - [39m23/05/2026, 11:55:43 [32m    LOG[39m [38;5;3m[InstanceLoader] [39m[32mFilesModule dependencies initialized[39m[38;5;3m +0ms[39m
[32m[Nest] 8784  - [39m23/05/2026, 11:55:43 [32m    LOG[39m [38;5;3m[InstanceLoader] [39m[32mDashboardsModule dependencies initialized[39m[38;5;3m +0ms[39m
[32m[Nest] 8784  - [39m23/05/2026, 11:55:43 [32m    LOG[39m [38;5;3m[InstanceLoader] [39m[32mViewsModule dependencies initialized[39m[38;5;3m +0ms[39m
[32m[Nest] 8784  - [39m23/05/2026, 11:55:43 [32m    LOG[39m [38;5;3m[InstanceLoader] [39m[32mPermissionsModule dependencies initialized[39m[38;5;3m +0ms[39m
[32m[Nest] 8784  - [39m23/05/2026, 11:55:43 [32m    LOG[39m [38;5;3m[InstanceLoader] [39m[32mGlobalListsModule dependencies initialized[39m[38;5;3m +0ms[39m
[32m[Nest] 8784  - [39m23/05/2026, 11:55:43 [32m    LOG[39m [38;5;3m[InstanceLoader] [39m[32mFormsModule dependencies initialized[39m[38;5;3m +0ms[39m
[32m[Nest] 8784  - [39m23/05/2026, 11:55:43 [32m    LOG[39m [38;5;3m[InstanceLoader] [39m[32mAnalyticsModule dependencies initialized[39m[38;5;3m +0ms[39m
[32m[Nest] 8784  - [39m23/05/2026, 11:55:43 [32m    LOG[39m [38;5;3m[InstanceLoader] [39m[32mAuthModule dependencies initialized[39m[38;5;3m +0ms[39m
[32m[Nest] 8784  - [39m23/05/2026, 11:55:43 [32m    LOG[39m [38;5;3m[WebSocketsController] [39m[32mAppGateway subscribed to the "join-org" message[39m[38;5;3m +35ms[39m
[32m[Nest] 8784  - [39m23/05/2026, 11:55:43 [32m    LOG[39m [38;5;3m[WebSocketsController] [39m[32mAppGateway subscribed to the "join-module" message[39m[38;5;3m +0ms[39m
[32m[Nest] 8784  - [39m23/05/2026, 11:55:43 [32m    LOG[39m [38;5;3m[RoutesResolver] [39m[32mAuthController {/api/v1/auth}:[39m[38;5;3m +1ms[39m
[32m[Nest] 8784  - [39m23/05/2026, 11:55:43 [32m    LOG[39m [38;5;3m[RouterExplorer] [39m[32mMapped {/api/v1/auth/register, POST} route[39m[38;5;3m +1ms[39m
[32m[Nest] 8784  - [39m23/05/2026, 11:55:43 [32m    LOG[39m [38;5;3m[RouterExplorer] [39m[32mMapped {/api/v1/auth/login, POST} route[39m[38;5;3m +0ms[39m
[32m[Nest] 8784  - [39m23/05/2026, 11:55:43 [32m    LOG[39m [38;5;3m[RouterExplorer] [39m[32mMapped {/api/v1/auth/refresh, POST} route[39m[38;5;3m +1ms[39m
[32m[Nest] 8784  - [39m23/05/2026, 11:55:43 [32m    LOG[39m [38;5;3m[RouterExplorer] [39m[32mMapped {/api/v1/auth/logout, POST} route[39m[38;5;3m +0ms[39m
[32m[Nest] 8784  - [39m23/05/2026, 11:55:43 [32m    LOG[39m [38;5;3m[RoutesResolver] [39m[32mUsersController {/api/v1/users}:[39m[38;5;3m +0ms[39m
[32m[Nest] 8784  - [39m23/05/2026, 11:55:43 [32m    LOG[39m [38;5;3m[RouterExplorer] [39m[32mMapped {/api/v1/users, GET} route[39m[38;5;3m +0ms[39m
[32m[Nest] 8784  - [39m23/05/2026, 11:55:43 [32m    LOG[39m [38;5;3m[RouterExplorer] [39m[32mMapped {/api/v1/users/:id, GET} route[39m[38;5;3m +0ms[39m
[32m[Nest] 8784  - [39m23/05/2026, 11:55:43 [32m    LOG[39m [38;5;3m[RouterExplorer] [39m[32mMapped {/api/v1/users/:id, PATCH} route[39m[38;5;3m +0ms[39m
[32m[Nest] 8784  - [39m23/05/2026, 11:55:43 [32m    LOG[39m [38;5;3m[RouterExplorer] [39m[32mMapped {/api/v1/users/:id, DELETE} route[39m[38;5;3m +1ms[39m
[32m[Nest] 8784  - [39m23/05/2026, 11:55:43 [32m    LOG[39m [38;5;3m[RoutesResolver] [39m[32mOrganizationsController {/api/v1/organizations}:[39m[38;5;3m +0ms[39m
[32m[Nest] 8784  - [39m23/05/2026, 11:55:43 [32m    LOG[39m [38;5;3m[RouterExplorer] [39m[32mMapped {/api/v1/organizations/me, GET} route[39m[38;5;3m +0ms[39m
[32m[Nest] 8784  - [39m23/05/2026, 11:55:43 [32m    LOG[39m [38;5;3m[RouterExplorer] [39m[32mMapped {/api/v1/organizations/me, PATCH} route[39m[38;5;3m +0ms[39m
[32m[Nest] 8784  - [39m23/05/2026, 11:55:43 [32m    LOG[39m [38;5;3m[RoutesResolver] [39m[32mModulesController {/api/v1/modules}:[39m[38;5;3m +0ms[39m
[32m[Nest] 8784  - [39m23/05/2026, 11:55:43 [32m    LOG[39m [38;5;3m[RouterExplorer] [39m[32mMapped {/api/v1/modules, POST} route[39m[38;5;3m +0ms[39m
[32m[Nest] 8784  - [39m23/05/2026, 11:55:43 [32m    LOG[39m [38;5;3m[RouterExplorer] [39m[32mMapped {/api/v1/modules, GET} route[39m[38;5;3m +0ms[39m
[32m[Nest] 8784  - [39m23/05/2026, 11:55:43 [32m    LOG[39m [38;5;3m[RouterExplorer] [39m[32mMapped {/api/v1/modules/:id, GET} route[39m[38;5;3m +0ms[39m
[32m[Nest] 8784  - [39m23/05/2026, 11:55:43 [32m    LOG[39m [38;5;3m[RouterExplorer] [39m[32mMapped {/api/v1/modules/by-slug/:slug, GET} route[39m[38;5;3m +0ms[39m
[32m[Nest] 8784  - [39m23/05/2026, 11:55:43 [32m    LOG[39m [38;5;3m[RouterExplorer] [39m[32mMapped {/api/v1/modules/:id, PATCH} route[39m[38;5;3m +0ms[39m
[32m[Nest] 8784  - [39m23/05/2026, 11:55:43 [32m    LOG[39m [38;5;3m[RouterExplorer] [39m[32mMapped {/api/v1/modules/:id, DELETE} route[39m[38;5;3m +1ms[39m
[32m[Nest] 8784  - [39m23/05/2026, 11:55:43 [32m    LOG[39m [38;5;3m[RoutesResolver] [39m[32mFieldsController {/api/v1/modules/:moduleId/fields}:[39m[38;5;3m +0ms[39m
[32m[Nest] 8784  - [39m23/05/2026, 11:55:43 [32m    LOG[39m [38;5;3m[RouterExplorer] [39m[32mMapped {/api/v1/modules/:moduleId/fields, POST} route[39m[38;5;3m +0ms[39m
[32m[Nest] 8784  - [39m23/05/2026, 11:55:43 [32m    LOG[39m [38;5;3m[RouterExplorer] [39m[32mMapped {/api/v1/modules/:moduleId/fields, GET} route[39m[38;5;3m +0ms[39m
[32m[Nest] 8784  - [39m23/05/2026, 11:55:43 [32m    LOG[39m [38;5;3m[RouterExplorer] [39m[32mMapped {/api/v1/modules/:moduleId/fields/:id, PATCH} route[39m[38;5;3m +0ms[39m
[32m[Nest] 8784  - [39m23/05/2026, 11:55:43 [32m    LOG[39m [38;5;3m[RouterExplorer] [39m[32mMapped {/api/v1/modules/:moduleId/fields/reorder, POST} route[39m[38;5;3m +0ms[39m
[32m[Nest] 8784  - [39m23/05/2026, 11:55:43 [32m    LOG[39m [38;5;3m[RouterExplorer] [39m[32mMapped {/api/v1/modules/:moduleId/fields/:id, DELETE} route[39m[38;5;3m +0ms[39m
[32m[Nest] 8784  - [39m23/05/2026, 11:55:43 [32m    LOG[39m [38;5;3m[RoutesResolver] [39m[32mRecordsController {/api/v1/modules/:moduleId/records}:[39m[38;5;3m +0ms[39m
[32m[Nest] 8784  - [39m23/05/2026, 11:55:43 [32m    LOG[39m [38;5;3m[RouterExplorer] [39m[32mMapped {/api/v1/modules/:moduleId/records, POST} route[39m[38;5;3m +0ms[39m
[32m[Nest] 8784  - [39m23/05/2026, 11:55:43 [32m    LOG[39m [38;5;3m[RouterExplorer] [39m[32mMapped {/api/v1/modules/:moduleId/records, GET} route[39m[38;5;3m +0ms[39m
[32m[Nest] 8784  - [39m23/05/2026, 11:55:43 [32m    LOG[39m [38;5;3m[RouterExplorer] [39m[32mMapped {/api/v1/modules/:moduleId/records/:id, GET} route[39m[38;5;3m +0ms[39m
[32m[Nest] 8784  - [39m23/05/2026, 11:55:43 [32m    LOG[39m [38;5;3m[RouterExplorer] [39m[32mMapped {/api/v1/modules/:moduleId/records/:id, PATCH} route[39m[38;5;3m +0ms[39m
[32m[Nest] 8784  - [39m23/05/2026, 11:55:43 [32m    LOG[39m [38;5;3m[RouterExplorer] [39m[32mMapped {/api/v1/modules/:moduleId/records/:id, DELETE} route[39m[38;5;3m +0ms[39m
[32m[Nest] 8784  - [39m23/05/2026, 11:55:43 [32m    LOG[39m [38;5;3m[RouterExplorer] [39m[32mMapped {/api/v1/modules/:moduleId/records/bulk-delete, POST} route[39m[38;5;3m +0ms[39m
[32m[Nest] 8784  - [39m23/05/2026, 11:55:43 [32m    LOG[39m [38;5;3m[RouterExplorer] [39m[32mMapped {/api/v1/modules/:moduleId/records/export/csv, GET} route[39m[38;5;3m +0ms[39m
[32m[Nest] 8784  - [39m23/05/2026, 11:55:43 [32m    LOG[39m [38;5;3m[RouterExplorer] [39m[32mMapped {/api/v1/modules/:moduleId/records/:id/comments, POST} route[39m[38;5;3m +0ms[39m
[32m[Nest] 8784  - [39m23/05/2026, 11:55:43 [32m    LOG[39m [38;5;3m[RoutesResolver] [39m[32mLookupController {/api/v1/records}:[39m[38;5;3m +0ms[39m
[32m[Nest] 8784  - [39m23/05/2026, 11:55:43 [32m    LOG[39m [38;5;3m[RouterExplorer] [39m[32mMapped {/api/v1/records/lookup, GET} route[39m[38;5;3m +1ms[39m
[32m[Nest] 8784  - [39m23/05/2026, 11:55:43 [32m    LOG[39m [38;5;3m[RoutesResolver] [39m[32mRelationshipsController {/api/v1/relationships}:[39m[38;5;3m +0ms[39m
[32m[Nest] 8784  - [39m23/05/2026, 11:55:43 [32m    LOG[39m [38;5;3m[RouterExplorer] [39m[32mMapped {/api/v1/relationships, POST} route[39m[38;5;3m +0ms[39m
[32m[Nest] 8784  - [39m23/05/2026, 11:55:43 [32m    LOG[39m [38;5;3m[RouterExplorer] [39m[32mMapped {/api/v1/relationships, GET} route[39m[38;5;3m +0ms[39m
[32m[Nest] 8784  - [39m23/05/2026, 11:55:43 [32m    LOG[39m [38;5;3m[RouterExplorer] [39m[32mMapped {/api/v1/relationships/module/:moduleId, GET} route[39m[38;5;3m +0ms[39m
[32m[Nest] 8784  - [39m23/05/2026, 11:55:43 [32m    LOG[39m [38;5;3m[RoutesResolver] [39m[32mWorkflowsController {/api/v1/workflows}:[39m[38;5;3m +0ms[39m
[32m[Nest] 8784  - [39m23/05/2026, 11:55:43 [32m    LOG[39m [38;5;3m[RouterExplorer] [39m[32mMapped {/api/v1/workflows, POST} route[39m[38;5;3m +0ms[39m
[32m[Nest] 8784  - [39m23/05/2026, 11:55:43 [32m    LOG[39m [38;5;3m[RouterExplorer] [39m[32mMapped {/api/v1/workflows, GET} route[39m[38;5;3m +0ms[39m
[32m[Nest] 8784  - [39m23/05/2026, 11:55:43 [32m    LOG[39m [38;5;3m[RouterExplorer] [39m[32mMapped {/api/v1/workflows/:id/toggle, PATCH} route[39m[38;5;3m +0ms[39m
[32m[Nest] 8784  - [39m23/05/2026, 11:55:43 [32m    LOG[39m [38;5;3m[RoutesResolver] [39m[32mNotificationsController {/api/v1/notifications}:[39m[38;5;3m +0ms[39m
[32m[Nest] 8784  - [39m23/05/2026, 11:55:43 [32m    LOG[39m [38;5;3m[RouterExplorer] [39m[32mMapped {/api/v1/notifications, GET} route[39m[38;5;3m +0ms[39m
[32m[Nest] 8784  - [39m23/05/2026, 11:55:43 [32m    LOG[39m [38;5;3m[RouterExplorer] [39m[32mMapped {/api/v1/notifications/unread-count, GET} route[39m[38;5;3m +0ms[39m
[32m[Nest] 8784  - [39m23/05/2026, 11:55:43 [32m    LOG[39m [38;5;3m[RouterExplorer] [39m[32mMapped {/api/v1/notifications/:id/read, PATCH} route[39m[38;5;3m +0ms[39m
[32m[Nest] 8784  - [39m23/05/2026, 11:55:43 [32m    LOG[39m [38;5;3m[RouterExplorer] [39m[32mMapped {/api/v1/notifications/read-all, PATCH} route[39m[38;5;3m +0ms[39m
[32m[Nest] 8784  - [39m23/05/2026, 11:55:43 [32m    LOG[39m [38;5;3m[RoutesResolver] [39m[32mAuditController {/api/v1/audit}:[39m[38;5;3m +0ms[39m
[32m[Nest] 8784  - [39m23/05/2026, 11:55:43 [32m    LOG[39m [38;5;3m[RouterExplorer] [39m[32mMapped {/api/v1/audit, GET} route[39m[38;5;3m +0ms[39m
[32m[Nest] 8784  - [39m23/05/2026, 11:55:43 [32m    LOG[39m [38;5;3m[RoutesResolver] [39m[32mFilesController {/api/v1/files}:[39m[38;5;3m +0ms[39m
[32m[Nest] 8784  - [39m23/05/2026, 11:55:43 [32m    LOG[39m [38;5;3m[RouterExplorer] [39m[32mMapped {/api/v1/files/record/:recordId, GET} route[39m[38;5;3m +0ms[39m
[32m[Nest] 8784  - [39m23/05/2026, 11:55:43 [32m    LOG[39m [38;5;3m[RoutesResolver] [39m[32mDashboardsController {/api/v1/dashboards}:[39m[38;5;3m +0ms[39m
[32m[Nest] 8784  - [39m23/05/2026, 11:55:43 [32m    LOG[39m [38;5;3m[RouterExplorer] [39m[32mMapped {/api/v1/dashboards, POST} route[39m[38;5;3m +1ms[39m
[32m[Nest] 8784  - [39m23/05/2026, 11:55:43 [32m    LOG[39m [38;5;3m[RouterExplorer] [39m[32mMapped {/api/v1/dashboards, GET} route[39m[38;5;3m +0ms[39m
[32m[Nest] 8784  - [39m23/05/2026, 11:55:43 [32m    LOG[39m [38;5;3m[RouterExplorer] [39m[32mMapped {/api/v1/dashboards/:id, GET} route[39m[38;5;3m +0ms[39m
[32m[Nest] 8784  - [39m23/05/2026, 11:55:43 [32m    LOG[39m [38;5;3m[RouterExplorer] [39m[32mMapped {/api/v1/dashboards/:id/widgets, POST} route[39m[38;5;3m +0ms[39m
[32m[Nest] 8784  - [39m23/05/2026, 11:55:43 [32m    LOG[39m [38;5;3m[RouterExplorer] [39m[32mMapped {/api/v1/dashboards/widgets/:widgetId, DELETE} route[39m[38;5;3m +0ms[39m
[32m[Nest] 8784  - [39m23/05/2026, 11:55:43 [32m    LOG[39m [38;5;3m[RouterExplorer] [39m[32mMapped {/api/v1/dashboards/analytics/:moduleId, GET} route[39m[38;5;3m +0ms[39m
[32m[Nest] 8784  - [39m23/05/2026, 11:55:43 [32m    LOG[39m [38;5;3m[RoutesResolver] [39m[32mViewsController {/api/v1/modules/:moduleId/views}:[39m[38;5;3m +0ms[39m
[32m[Nest] 8784  - [39m23/05/2026, 11:55:43 [32m    LOG[39m [38;5;3m[RouterExplorer] [39m[32mMapped {/api/v1/modules/:moduleId/views, POST} route[39m[38;5;3m +0ms[39m
[32m[Nest] 8784  - [39m23/05/2026, 11:55:43 [32m    LOG[39m [38;5;3m[RouterExplorer] [39m[32mMapped {/api/v1/modules/:moduleId/views, GET} route[39m[38;5;3m +0ms[39m
[32m[Nest] 8784  - [39m23/05/2026, 11:55:43 [32m    LOG[39m [38;5;3m[RouterExplorer] [39m[32mMapped {/api/v1/modules/:moduleId/views/:id, PATCH} route[39m[38;5;3m +0ms[39m
[32m[Nest] 8784  - [39m23/05/2026, 11:55:43 [32m    LOG[39m [38;5;3m[RouterExplorer] [39m[32mMapped {/api/v1/modules/:moduleId/views/:id, DELETE} route[39m[38;5;3m +0ms[39m
[32m[Nest] 8784  - [39m23/05/2026, 11:55:43 [32m    LOG[39m [38;5;3m[RoutesResolver] [39m[32mPermissionsController {/api/v1/permissions}:[39m[38;5;3m +0ms[39m
[32m[Nest] 8784  - [39m23/05/2026, 11:55:43 [32m    LOG[39m [38;5;3m[RouterExplorer] [39m[32mMapped {/api/v1/permissions, POST} route[39m[38;5;3m +0ms[39m
[32m[Nest] 8784  - [39m23/05/2026, 11:55:43 [32m    LOG[39m [38;5;3m[RouterExplorer] [39m[32mMapped {/api/v1/permissions, GET} route[39m[38;5;3m +0ms[39m
[32m[Nest] 8784  - [39m23/05/2026, 11:55:43 [32m    LOG[39m [38;5;3m[RouterExplorer] [39m[32mMapped {/api/v1/permissions/matrix, GET} route[39m[38;5;3m +0ms[39m
[32m[Nest] 8784  - [39m23/05/2026, 11:55:43 [32m    LOG[39m [38;5;3m[RouterExplorer] [39m[32mMapped {/api/v1/permissions/bulk, POST} route[39m[38;5;3m +0ms[39m
[32m[Nest] 8784  - [39m23/05/2026, 11:55:43 [32m    LOG[39m [38;5;3m[RouterExplorer] [39m[32mMapped {/api/v1/permissions/seed/:moduleId, POST} route[39m[38;5;3m +0ms[39m
[32m[Nest] 8784  - [39m23/05/2026, 11:55:43 [32m    LOG[39m [38;5;3m[RoutesResolver] [39m[32mGlobalListsController {/api/v1/global-lists}:[39m[38;5;3m +0ms[39m
[32m[Nest] 8784  - [39m23/05/2026, 11:55:43 [32m    LOG[39m [38;5;3m[RouterExplorer] [39m[32mMapped {/api/v1/global-lists, GET} route[39m[38;5;3m +0ms[39m
[32m[Nest] 8784  - [39m23/05/2026, 11:55:43 [32m    LOG[39m [38;5;3m[RouterExplorer] [39m[32mMapped {/api/v1/global-lists/:id, GET} route[39m[38;5;3m +1ms[39m
[32m[Nest] 8784  - [39m23/05/2026, 11:55:43 [32m    LOG[39m [38;5;3m[RouterExplorer] [39m[32mMapped {/api/v1/global-lists, POST} route[39m[38;5;3m +0ms[39m
[32m[Nest] 8784  - [39m23/05/2026, 11:55:43 [32m    LOG[39m [38;5;3m[RouterExplorer] [39m[32mMapped {/api/v1/global-lists/:id, PATCH} route[39m[38;5;3m +0ms[39m
[32m[Nest] 8784  - [39m23/05/2026, 11:55:43 [32m    LOG[39m [38;5;3m[RouterExplorer] [39m[32mMapped {/api/v1/global-lists/:id, DELETE} route[39m[38;5;3m +0ms[39m
[32m[Nest] 8784  - [39m23/05/2026, 11:55:43 [32m    LOG[39m [38;5;3m[RouterExplorer] [39m[32mMapped {/api/v1/global-lists/:id/items, GET} route[39m[38;5;3m +0ms[39m
[32m[Nest] 8784  - [39m23/05/2026, 11:55:43 [32m    LOG[39m [38;5;3m[RouterExplorer] [39m[32mMapped {/api/v1/global-lists/:id/tree, GET} route[39m[38;5;3m +0ms[39m
[32m[Nest] 8784  - [39m23/05/2026, 11:55:43 [32m    LOG[39m [38;5;3m[RouterExplorer] [39m[32mMapped {/api/v1/global-lists/:id/items, POST} route[39m[38;5;3m +0ms[39m
[32m[Nest] 8784  - [39m23/05/2026, 11:55:43 [32m    LOG[39m [38;5;3m[RouterExplorer] [39m[32mMapped {/api/v1/global-lists/:id/items/:itemId, PATCH} route[39m[38;5;3m +0ms[39m
[32m[Nest] 8784  - [39m23/05/2026, 11:55:43 [32m    LOG[39m [38;5;3m[RouterExplorer] [39m[32mMapped {/api/v1/global-lists/:id/items/:itemId, DELETE} route[39m[38;5;3m +0ms[39m
[32m[Nest] 8784  - [39m23/05/2026, 11:55:43 [32m    LOG[39m [38;5;3m[RouterExplorer] [39m[32mMapped {/api/v1/global-lists/:id/items/:itemId/children, GET} route[39m[38;5;3m +0ms[39m
[32m[Nest] 8784  - [39m23/05/2026, 11:55:43 [32m    LOG[39m [38;5;3m[RoutesResolver] [39m[32mFormsController {/api/v1/forms}:[39m[38;5;3m +0ms[39m
[32m[Nest] 8784  - [39m23/05/2026, 11:55:43 [32m    LOG[39m [38;5;3m[RouterExplorer] [39m[32mMapped {/api/v1/forms, GET} route[39m[38;5;3m +0ms[39m
[32m[Nest] 8784  - [39m23/05/2026, 11:55:43 [32m    LOG[39m [38;5;3m[RouterExplorer] [39m[32mMapped {/api/v1/forms/:id, GET} route[39m[38;5;3m +0ms[39m
[32m[Nest] 8784  - [39m23/05/2026, 11:55:43 [32m    LOG[39m [38;5;3m[RouterExplorer] [39m[32mMapped {/api/v1/forms, POST} route[39m[38;5;3m +0ms[39m
[32m[Nest] 8784  - [39m23/05/2026, 11:55:43 [32m    LOG[39m [38;5;3m[RouterExplorer] [39m[32mMapped {/api/v1/forms/:id, PATCH} route[39m[38;5;3m +0ms[39m
[32m[Nest] 8784  - [39m23/05/2026, 11:55:43 [32m    LOG[39m [38;5;3m[RouterExplorer] [39m[32mMapped {/api/v1/forms/:id, DELETE} route[39m[38;5;3m +0ms[39m
[32m[Nest] 8784  - [39m23/05/2026, 11:55:43 [32m    LOG[39m [38;5;3m[RouterExplorer] [39m[32mMapped {/api/v1/forms/:id/sections, POST} route[39m[38;5;3m +0ms[39m
[32m[Nest] 8784  - [39m23/05/2026, 11:55:43 [32m    LOG[39m [38;5;3m[RouterExplorer] [39m[32mMapped {/api/v1/forms/:id/sections/:sectionId, PATCH} route[39m[38;5;3m +0ms[39m
[32m[Nest] 8784  - [39m23/05/2026, 11:55:43 [32m    LOG[39m [38;5;3m[RouterExplorer] [39m[32mMapped {/api/v1/forms/:id/sections/:sectionId, DELETE} route[39m[38;5;3m +1ms[39m
[32m[Nest] 8784  - [39m23/05/2026, 11:55:43 [32m    LOG[39m [38;5;3m[RouterExplorer] [39m[32mMapped {/api/v1/forms/:id/available-fields, GET} route[39m[38;5;3m +0ms[39m
[32m[Nest] 8784  - [39m23/05/2026, 11:55:43 [32m    LOG[39m [38;5;3m[RouterExplorer] [39m[32mMapped {/api/v1/forms/:id/fields, POST} route[39m[38;5;3m +0ms[39m
[32m[Nest] 8784  - [39m23/05/2026, 11:55:43 [32m    LOG[39m [38;5;3m[RouterExplorer] [39m[32mMapped {/api/v1/forms/:id/fields/:formFieldId, PATCH} route[39m[38;5;3m +0ms[39m
[32m[Nest] 8784  - [39m23/05/2026, 11:55:43 [32m    LOG[39m [38;5;3m[RouterExplorer] [39m[32mMapped {/api/v1/forms/:id/fields/:formFieldId, DELETE} route[39m[38;5;3m +0ms[39m
[32m[Nest] 8784  - [39m23/05/2026, 11:55:43 [32m    LOG[39m [38;5;3m[RouterExplorer] [39m[32mMapped {/api/v1/forms/:id/fields/reorder, POST} route[39m[38;5;3m +0ms[39m
[32m[Nest] 8784  - [39m23/05/2026, 11:55:43 [32m    LOG[39m [38;5;3m[RouterExplorer] [39m[32mMapped {/api/v1/forms/:id/permissions, GET} route[39m[38;5;3m +0ms[39m
[32m[Nest] 8784  - [39m23/05/2026, 11:55:43 [32m    LOG[39m [38;5;3m[RouterExplorer] [39m[32mMapped {/api/v1/forms/:id/permissions, POST} route[39m[38;5;3m +0ms[39m
[32m[Nest] 8784  - [39m23/05/2026, 11:55:43 [32m    LOG[39m [38;5;3m[RouterExplorer] [39m[32mMapped {/api/v1/forms/:id/generate-token, POST} route[39m[38;5;3m +0ms[39m
[32m[Nest] 8784  - [39m23/05/2026, 11:55:43 [32m    LOG[39m [38;5;3m[RouterExplorer] [39m[32mMapped {/api/v1/forms/:id/revoke-token, POST} route[39m[38;5;3m +0ms[39m
[32m[Nest] 8784  - [39m23/05/2026, 11:55:43 [32m    LOG[39m [38;5;3m[RouterExplorer] [39m[32mMapped {/api/v1/forms/:id/submissions, GET} route[39m[38;5;3m +1ms[39m
[32m[Nest] 8784  - [39m23/05/2026, 11:55:43 [32m    LOG[39m [38;5;3m[RoutesResolver] [39m[32mPublicFormsController {/api/v1/public/forms}:[39m[38;5;3m +0ms[39m
[32m[Nest] 8784  - [39m23/05/2026, 11:55:43 [32m    LOG[39m [38;5;3m[RouterExplorer] [39m[32mMapped {/api/v1/public/forms/:token, GET} route[39m[38;5;3m +0ms[39m
[32m[Nest] 8784  - [39m23/05/2026, 11:55:43 [32m    LOG[39m [38;5;3m[RouterExplorer] [39m[32mMapped {/api/v1/public/forms/:token/submit, POST} route[39m[38;5;3m +0ms[39m
[32m[Nest] 8784  - [39m23/05/2026, 11:55:43 [32m    LOG[39m [38;5;3m[RoutesResolver] [39m[32mAnalyticsController {/api/v1/analytics}:[39m[38;5;3m +0ms[39m
[32m[Nest] 8784  - [39m23/05/2026, 11:55:43 [32m    LOG[39m [38;5;3m[RouterExplorer] [39m[32mMapped {/api/v1/analytics/data/:moduleId, POST} route[39m[38;5;3m +0ms[39m
[32m[Nest] 8784  - [39m23/05/2026, 11:55:43 [32m    LOG[39m [38;5;3m[RouterExplorer] [39m[32mMapped {/api/v1/analytics/:moduleId, GET} route[39m[38;5;3m +0ms[39m
[32m[Nest] 8784  - [39m23/05/2026, 11:55:43 [32m    LOG[39m [38;5;3m[RouterExplorer] [39m[32mMapped {/api/v1/analytics/kanban/:moduleId, POST} route[39m[38;5;3m +0ms[39m
[32m[Nest] 8784  - [39m23/05/2026, 11:55:43 [32m    LOG[39m [38;5;3m[RouterExplorer] [39m[32mMapped {/api/v1/analytics/views/list, GET} route[39m[38;5;3m +0ms[39m
[32m[Nest] 8784  - [39m23/05/2026, 11:55:43 [32m    LOG[39m [38;5;3m[RouterExplorer] [39m[32mMapped {/api/v1/analytics/views, POST} route[39m[38;5;3m +0ms[39m
[32m[Nest] 8784  - [39m23/05/2026, 11:55:43 [32m    LOG[39m [38;5;3m[RouterExplorer] [39m[32mMapped {/api/v1/analytics/views/:id, PATCH} route[39m[38;5;3m +0ms[39m
[32m[Nest] 8784  - [39m23/05/2026, 11:55:43 [32m    LOG[39m [38;5;3m[RouterExplorer] [39m[32mMapped {/api/v1/analytics/views/:id, DELETE} route[39m[38;5;3m +0ms[39m
[32m[Nest] 8784  - [39m23/05/2026, 11:55:43 [32m    LOG[39m [38;5;3m[RouterExplorer] [39m[32mMapped {/api/v1/analytics/targets/list, GET} route[39m[38;5;3m +0ms[39m
[32m[Nest] 8784  - [39m23/05/2026, 11:55:43 [32m    LOG[39m [38;5;3m[RouterExplorer] [39m[32mMapped {/api/v1/analytics/targets, POST} route[39m[38;5;3m +0ms[39m
[32m[Nest] 8784  - [39m23/05/2026, 11:55:43 [32m    LOG[39m [38;5;3m[RouterExplorer] [39m[32mMapped {/api/v1/analytics/targets/:id, PATCH} route[39m[38;5;3m +0ms[39m
[32m[Nest] 8784  - [39m23/05/2026, 11:55:43 [32m    LOG[39m [38;5;3m[RouterExplorer] [39m[32mMapped {/api/v1/analytics/targets/:id, DELETE} route[39m[38;5;3m +0ms[39m
[32m[Nest] 8784  - [39m23/05/2026, 11:55:43 [32m    LOG[39m [38;5;3m[RouterExplorer] [39m[32mMapped {/api/v1/analytics/targets/:id/compute, POST} route[39m[38;5;3m +0ms[39m
[32m[Nest] 8784  - [39m23/05/2026, 11:55:43 [32m    LOG[39m [38;5;3m[NestApplication] [39m[32mNest application successfully started[39m[38;5;3m +10ms[39m
[31m[Nest] 8784  - [39m23/05/2026, 11:55:43 [31m  ERROR[39m [38;5;3m[NestApplication] [39m[31mError: listen EADDRINUSE: address already in use :::4000[39m[38;5;3m +2ms[39m
node:net:1948
    const ex = new UVExceptionWithHostPort(err, 'listen', address, port);
               ^

Error: listen EADDRINUSE: address already in use :::4000
    at Server.setupListenHandle [as _listen2] (node:net:1948:16)
    at listenInCluster (node:net:2005:12)
    at Server.listen (node:net:2110:7)
    at ExpressAdapter.listen (C:\xampp\htdocs\CRM\backend\node_modules\@nestjs\platform-express\adapters\express-adapter.js:95:32)
    at C:\xampp\htdocs\CRM\backend\node_modules\@nestjs\core\nest-application.js:183:30
    at new Promise (<anonymous>)
    at NestApplication.listen (C:\xampp\htdocs\CRM\backend\node_modules\@nestjs\core\nest-application.js:173:16)
    at async bootstrap (C:\xampp\htdocs\CRM\backend\src\main.ts:34:3) {
  code: 'EADDRINUSE',
  errno: -4091,
  syscall: 'listen',
  address: '::',
  port: 4000
}

Node.js v24.14.0
[2J[3J[H[[90m12:04:44[0m] File change detected. Starting incremental compilation...

[[90m12:04:45[0m] Found 0 errors. Watching for file changes.

[32m[Nest] 8216  - [39m23/05/2026, 12:04:46 [32m    LOG[39m [38;5;3m[NestFactory] [39m[32mStarting Nest application...[39m
[32m[Nest] 8216  - [39m23/05/2026, 12:04:46 [32m    LOG[39m [38;5;3m[InstanceLoader] [39m[32mAppModule dependencies initialized[39m[38;5;3m +22ms[39m
[32m[Nest] 8216  - [39m23/05/2026, 12:04:46 [32m    LOG[39m [38;5;3m[InstanceLoader] [39m[32mPrismaModule dependencies initialized[39m[38;5;3m +6ms[39m
[32m[Nest] 8216  - [39m23/05/2026, 12:04:46 [32m    LOG[39m [38;5;3m[InstanceLoader] [39m[32mPassportModule dependencies initialized[39m[38;5;3m +1ms[39m
[32m[Nest] 8216  - [39m23/05/2026, 12:04:46 [32m    LOG[39m [38;5;3m[InstanceLoader] [39m[32mWebsocketModule dependencies initialized[39m[38;5;3m +0ms[39m
[32m[Nest] 8216  - [39m23/05/2026, 12:04:46 [32m    LOG[39m [38;5;3m[InstanceLoader] [39m[32mThrottlerModule dependencies initialized[39m[38;5;3m +5ms[39m
[32m[Nest] 8216  - [39m23/05/2026, 12:04:46 [32m    LOG[39m [38;5;3m[InstanceLoader] [39m[32mJwtModule dependencies initialized[39m[38;5;3m +0ms[39m
[32m[Nest] 8216  - [39m23/05/2026, 12:04:46 [32m    LOG[39m [38;5;3m[InstanceLoader] [39m[32mConfigHostModule dependencies initialized[39m[38;5;3m +1ms[39m
[32m[Nest] 8216  - [39m23/05/2026, 12:04:46 [32m    LOG[39m [38;5;3m[InstanceLoader] [39m[32mDiscoveryModule[32m[Nest] 17360  - [39m23/05/2026, 12:04:46 [32m    LOG[39m [38;5;3m[NestFactory] [39m[32mStarting Nest application...[39m
[32m[Nest] 17360  - [39m23/05/2026, 12:04:46 [32m    LOG[39m [38;5;3m[InstanceLoader] [39m[32mAppModule dependencies initialized[39m[38;5;3m +29ms[39m
[32m[Nest] 17360  - [39m23/05/2026, 12:04:46 [32m    LOG[39m [38;5;3m[InstanceLoader] [39m[32mPrismaModule dependencies initialized[39m[38;5;3m +5ms[39m
[32m[Nest] 17360  - [39m23/05/2026, 12:04:46 [32m    LOG[39m [38;5;3m[InstanceLoader] [39m[32mPassportModule dependencies initialized[39m[38;5;3m +0ms[39m
[32m[Nest] 17360  - [39m23/05/2026, 12:04:46 [32m    LOG[39m [38;5;3m[InstanceLoader] [39m[32mWebsocketModule dependencies initialized[39m[38;5;3m +0ms[39m
[32m[Nest] 17360  - [39m23/05/2026, 12:04:46 [32m    LOG[39m [38;5;3m[InstanceLoader] [39m[32mThrottlerModule dependencies initialized[39m[38;5;3m +5ms[39m
[32m[Nest] 17360  - [39m23/05/2026, 12:04:46 [32m    LOG[39m [38;5;3m[InstanceLoader] [39m[32mJwtModule dependencies initialized[39m[38;5;3m +0ms[39m
[32m[Nest] 17360  - [39m23/05/2026, 12:04:46 [32m    LOG[39m [38;5;3m[InstanceLoader] [39m[32mConfigHostModule dependencies initialized[39m[38;5;3m +1ms[39m
[32m[Nest] 17360  - [39m23/05/2026, 12:04:46 [32m    LOG[39m [38;5;3m[InstanceLoader] [39m[32mDiscoveryModule dependencies initialized[39m[38;5;3m +1ms[39m
[32m[Nest] 17360  - [39m23/05/2026, 12:04:46 [32m    LOG[39m [38;5;3m[InstanceLoader] [39m[32mConfigModule dependencies initialized[39m[38;5;3m +4ms[39m
[32m[Nest] 17360  - [39m23/05/2026, 12:04:46 [32m    LOG[39m [38;5;3m[InstanceLoader] [39m[32mScheduleModule dependencies initialized[39m[38;5;3m +0ms[39m
[32m[Nest] 17360  - [39m23/05/2026, 12:04:46 [32m    LOG[39m [38;5;3m[InstanceLoader] [39m[32mUsersModule dependencies initialized[39m[38;5;3m +1ms[39m
[32m[Nest] 17360  - [39m23/05/2026, 12:04:46 [32m    LOG[39m [38;5;3m[InstanceLoader] [39m[32mOrganizationsModule dependencies initialized[39m[38;5;3m +0ms[39m
[32m[Nest] 17360  - [39m23/05/2026, 12:04:46 [32m    LOG[39m [38;5;3m[InstanceLoader] [39m[32mModulesModule dependencies initialized[39m[38;5;3m +0ms[39m
[32m[Nest] 17360  - [39m23/05/2026, 12:04:46 [32m    LOG[39m [38;5;3m[InstanceLoader] [39m[32mFieldsModule dependencies initialized[39m[38;5;3m +0ms[39m
[32m[Nest] 17360  - [39m23/05/2026, 12:04:46 [32m    LOG[39m [38;5;3m[InstanceLoader] [39m[32mRecordsModule dependencies initialized[39m[38;5;3m +0ms[39m
[32m[Nest] 17360  - [39m23/05/2026, 12:04:46 [32m    LOG[39m [38;5;3m[InstanceLoader] [39m[32mRelationshipsModule dependencies initialized[39m[38;5;3m +0ms[39m
[32m[Nest] 17360  - [39m23/05/2026, 12:04:46 [32m    LOG[39m [38;5;3m[InstanceLoader] [39m[32mWorkflowsModule dependencies initialized[39m[38;5;3m +0ms[39m
[32m[Nest] 17360  - [39m23/05/2026, 12:04:46 [32m    LOG[39m [38;5;3m[InstanceLoader] [39m[32mNotificationsModule dependencies initialized[39m[38;5;3m +0ms[39m
[32m[Nest] 17360  - [39m23/05/2026, 12:04:46 [32m    LOG[39m [38;5;3m[InstanceLoader] [39m[32mAuditModule dependencies initialized[39m[38;5;3m +1ms[39m
[32m[Nest] 17360  - [39m23/05/2026, 12:04:46 [32m    LOG[39m [38;5;3m[InstanceLoader] [39m[32mFilesModule dependencies initialized[39m[38;5;3m +0ms[39m
[32m[Nest] 17360  - [39m23/05/2026, 12:04:46 [32m    LOG[39m [38;5;3m[InstanceLoader] [39m[32mDashboardsModule dependencies initialized[39m[38;5;3m +0ms[39m
[32m[Nest] 17360  - [39m23/05/2026, 12:04:46 [32m    LOG[39m [38;5;3m[InstanceLoader] [39m[32mViewsModule dependencies initialized[39m[38;5;3m +0ms[39m
[32m[Nest] 17360  - [39m23/05/2026, 12:04:46 [32m    LOG[39m [38;5;3m[InstanceLoader] [39m[32mPermissionsModule dependencies initialized[39m[38;5;3m +0ms[39m
[32m[Nest] 17360  - [39m23/05/2026, 12:04:46 [32m    LOG[39m [38;5;3m[InstanceLoader] [39m[32mGlobalListsModule dependencies initialized[39m[38;5;3m +0ms[39m
[32m[Nest] 17360  - [39m23/05/2026, 12:04:46 [32m    LOG[39m [38;5;3m[InstanceLoader] [39m[32mFormsModule dependencies initialized[39m[38;5;3m +0ms[39m
[32m[Nest] 17360  - [39m23/05/2026, 12:04:46 [32m    LOG[39m [38;5;3m[InstanceLoader] [39m[32mAnalyticsModule dependencies initialized[39m[38;5;3m +0ms[39m
[32m[Nest] 17360  - [39m23/05/2026, 12:04:46 [32m    LOG[39m [38;5;3m[InstanceLoader] [39m[32mAuthModule dependencies initialized[39m[38;5;3m +0ms[39m
[32m[Nest] 17360  - [39m23/05/2026, 12:04:46 [32m    LOG[39m [38;5;3m[WebSocketsController] [39m[32mAppGateway subscribed to the "join-org" message[39m[38;5;3m +41ms[39m
[32m[Nest] 17360  - [39m23/05/2026, 12:04:46 [32m    LOG[39m [38;5;3m[WebSocketsController] [39m[32mAppGateway subscribed to the "join-module" message[39m[38;5;3m +0ms[39m
[32m[Nest] 17360  - [39m23/05/2026, 12:04:46 [32m    LOG[39m [38;5;3m[RoutesResolver] [39m[32mAuthController {/api/v1/auth}:[39m[38;5;3m +1ms[39m
[32m[Nest] 17360  - [39m23/05/2026, 12:04:46 [32m    LOG[39m [38;5;3m[RouterExplorer] [39m[32mMapped {/api/v1/auth/register, POST} route[39m[38;5;3m +2ms[39m
[32m[Nest] 17360  - [39m23/05/2026, 12:04:46 [32m    LOG[39m [38;5;3m[RouterExplorer] [39m[32mMapped {/api/v1/auth/login, POST} route[39m[38;5;3m +0ms[39m
[32m[Nest] 17360  - [39m23/05/2026, 12:04:46 [32m    LOG[39m [38;5;3m[RouterExplorer] [39m[32mMapped {/api/v1/auth/refresh, POST} route[39m[38;5;3m +1ms[39m
[32m[Nest] 17360  - [39m23/05/2026, 12:04:46 [32m    LOG[39m [38;5;3m[RouterExplorer] [39m[32mMapped {/api/v1/auth/logout, POST} route[39m[38;5;3m +0ms[39m
[32m[Nest] 17360  - [39m23/05/2026, 12:04:46 [32m    LOG[39m [38;5;3m[RoutesResolver] [39m[32mUsersController {/api/v1/users}:[39m[38;5;3m +0ms[39m
[32m[Nest] 17360  - [39m23/05/2026, 12:04:46 [32m    LOG[39m [38;5;3m[RouterExplorer] [39m[32mMapped {/api/v1/users, GET} route[39m[38;5;3m +0ms[39m
[32m[Nest] 17360  - [39m23/05/2026, 12:04:46 [32m    LOG[39m [38;5;3m[RouterExplorer] [39m[32mMapped {/api/v1/users/:id, GET} route[39m[38;5;3m +0ms[39m
[32m[Nest] 17360  - [39m23/05/2026, 12:04:46 [32m    LOG[39m [38;5;3m[RouterExplorer] [39m[32mMapped {/api/v1/users/:id, PATCH} route[39m[38;5;3m +1ms[39m
[32m[Nest] 17360  - [39m23/05/2026, 12:04:46 [32m    LOG[39m [38;5;3m[RouterExplorer] [39m[32mMapped {/api/v1/users/:id, DELETE} route[39m[38;5;3m +0ms[39m
[32m[Nest] 17360  - [39m23/05/2026, 12:04:46 [32m    LOG[39m [38;5;3m[RoutesResolver] [39m[32mOrganizationsController {/api/v1/organizations}:[39m[38;5;3m +0ms[39m
[32m[Nest] 17360  - [39m23/05/2026, 12:04:46 [32m    LOG[39m [38;5;3m[RouterExplorer] [39m[32mMapped {/api/v1/organizations/me, GET} route[39m[38;5;3m +0ms[39m
[32m[Nest] 17360  - [39m23/05/2026, 12:04:46 [32m    LOG[39m [38;5;3m[RouterExplorer] [39m[32mMapped {/api/v1/organizations/me, PATCH} route[39m[38;5;3m +0ms[39m
[32m[Nest] 17360  - [39m23/05/2026, 12:04:46 [32m    LOG[39m [38;5;3m[RoutesResolver] [39m[32mModulesController {/api/v1/modules}:[39m[38;5;3m +0ms[39m
[32m[Nest] 17360  - [39m23/05/2026, 12:04:46 [32m    LOG[39m [38;5;3m[RouterExplorer] [39m[32mMapped {/api/v1/modules, POST} route[39m[38;5;3m +0ms[39m
[32m[Nest] 17360  - [39m23/05/2026, 12:04:46 [32m    LOG[39m [38;5;3m[RouterExplorer] [39m[32mMapped {/api/v1/modules, GET} route[39m[38;5;3m +0ms[39m
[32m[Nest] 17360  - [39m23/05/2026, 12:04:46 [32m    LOG[39m [38;5;3m[RouterExplorer] [39m[32mMapped {/api/v1/modules/:id, GET} route[39m[38;5;3m +1ms[39m
[32m[Nest] 17360  - [39m23/05/2026, 12:04:46 [32m    LOG[39m [38;5;3m[RouterExplorer] [39m[32mMapped {/api/v1/modules/by-slug/:slug, GET} route[39m[38;5;3m +0ms[39m
[32m[Nest] 17360  - [39m23/05/2026, 12:04:46 [32m    LOG[39m [38;5;3m[RouterExplorer] [39m[32mMapped {/api/v1/modules/:id, PATCH} route[39m[38;5;3m +0ms[39m
[32m[Nest] 17360  - [39m23/05/2026, 12:04:46 [32m    LOG[39m [38;5;3m[RouterExplorer] [39m[32mMapped {/api/v1/modules/:id, DELETE} route[39m[38;5;3m +0ms[39m
[32m[Nest] 17360  - [39m23/05/2026, 12:04:46 [32m    LOG[39m [38;5;3m[RoutesResolver] [39m[32mFieldsController {/api/v1/modules/:moduleId/fields}:[39m[38;5;3m +0ms[39m
[32m[Nest] 17360  - [39m23/05/2026, 12:04:46 [32m    LOG[39m [38;5;3m[RouterExplorer] [39m[32mMapped {/api/v1/modules/:moduleId/fields, POST} route[39m[38;5;3m +0ms[39m
[32m[Nest] 17360  - [39m23/05/2026, 12:04:46 [32m    LOG[39m [38;5;3m[RouterExplorer] [39m[32mMapped {/api/v1/modules/:moduleId/fields, GET} route[39m[38;5;3m +0ms[39m
[32m[Nest] 17360  - [39m23/05/2026, 12:04:46 [32m    LOG[39m [38;5;3m[RouterExplorer] [39m[32mMapped {/api/v1/modules/:moduleId/fields/:id, PATCH} route[39m[38;5;3m +0ms[39m
[32m[Nest] 17360  - [39m23/05/2026, 12:04:46 [32m    LOG[39m [38;5;3m[RouterExplorer] [39m[32mMapped {/api/v1/modules/:moduleId/fields/reorder, POST} route[39m[38;5;3m +0ms[39m
[32m[Nest] 17360  - [39m23/05/2026, 12:04:46 [32m    LOG[39m [38;5;3m[RouterExplorer] [39m[32mMapped {/api/v1/modules/:moduleId/fields/:id, DELETE} route[39m[38;5;3m +0ms[39m
[32m[Nest] 17360  - [39m23/05/2026, 12:04:46 [32m    LOG[39m [38;5;3m[RoutesResolver] [39m[32mRecordsController {/api/v1/modules/:moduleId/records}:[39m[38;5;3m +1ms[39m
[32m[Nest] 17360  - [39m23/05/2026, 12:04:46 [32m    LOG[39m [38;5;3m[RouterExplorer] [39m[32mMapped {/api/v1/modules/:moduleId/records, POST} route[39m[38;5;3m +0ms[39m
[32m[Nest] 17360  - [39m23/05/2026, 12:04:46 [32m    LOG[39m [38;5;3m[RouterExplorer] [39m[32mMapped {/api/v1/modules/:moduleId/records, GET} route[39m[38;5;3m +0ms[39m
[32m[Nest] 17360  - [39m23/05/2026, 12:04:46 [32m    LOG[39m [38;5;3m[RouterExplorer] [39m[32mMapped {/api/v1/modules/:moduleId/records/:id, GET} route[39m[38;5;3m +0ms[39m
[32m[Nest] 17360  - [39m23/05/2026, 12:04:46 [32m    LOG[39m [38;5;3m[RouterExplorer] [39m[32mMapped {/api/v1/modules/:moduleId/records/:id, PATCH} route[39m[38;5;3m +0ms[39m
[32m[Nest] 17360  - [39m23/05/2026, 12:04:46 [32m    LOG[39m [38;5;3m[RouterExplorer] [39m[32mMapped {/api/v1/modules/:moduleId/records/:id, DELETE} route[39m[38;5;3m +0ms[39m
[32m[Nest] 17360  - [39m23/05/2026, 12:04:46 [32m    LOG[39m [38;5;3m[RouterExplorer] [39m[32mMapped {/api/v1/modules/:moduleId/records/bulk-delete, POST} route[39m[38;5;3m +0ms[39m
[32m[Nest] 17360  - [39m23/05/2026, 12:04:46 [32m    LOG[39m [38;5;3m[RouterExplorer] [39m[32mMapped {/api/v1/modules/:moduleId/records/export/csv, GET} route[39m[38;5;3m +0ms[39m
[32m[Nest] 17360  - [39m23/05/2026, 12:04:46 [32m    LOG[39m [38;5;3m[RouterExplorer] [39m[32mMapped {/api/v1/modules/:moduleId/records/:id/comments, POST} route[39m[38;5;3m +0ms[39m
[32m[Nest] 17360  - [39m23/05/2026, 12:04:46 [32m    LOG[39m [38;5;3m[RoutesResolver] [39m[32mLookupController {/api/v1/records}:[39m[38;5;3m +0ms[39m
[32m[Nest] 17360  - [39m23/05/2026, 12:04:46 [32m    LOG[39m [38;5;3m[RouterExplorer] [39m[32mMapped {/api/v1/records/lookup, GET} route[39m[38;5;3m +0ms[39m
[32m[Nest] 17360  - [39m23/05/2026, 12:04:46 [32m    LOG[39m [38;5;3m[RoutesResolver] [39m[32mRelationshipsController {/api/v1/relationships}:[39m[38;5;3m +0ms[39m
[32m[Nest] 17360  - [39m23/05/2026, 12:04:46 [32m    LOG[39m [38;5;3m[RouterExplorer] [39m[32mMapped {/api/v1/relationships, POST} route[39m[38;5;3m +0ms[39m
[32m[Nest] 17360  - [39m23/05/2026, 12:04:46 [32m    LOG[39m [38;5;3m[RouterExplorer] [39m[32mMapped {/api/v1/relationships, GET} route[39m[38;5;3m +0ms[39m
[32m[Nest] 17360  - [39m23/05/2026, 12:04:46 [32m    LOG[39m [38;5;3m[RouterExplorer] [39m[32mMapped {/api/v1/relationships/module/:moduleId, GET} route[39m[38;5;3m +1ms[39m
[32m[Nest] 17360  - [39m23/05/2026, 12:04:46 [32m    LOG[39m [38;5;3m[RoutesResolver] [39m[32mWorkflowsController {/api/v1/workflows}:[39m[38;5;3m +0ms[39m
[32m[Nest] 17360  - [39m23/05/2026, 12:04:46 [32m    LOG[39m [38;5;3m[RouterExplorer] [39m[32mMapped {/api/v1/workflows, POST} route[39m[38;5;3m +0ms[39m
[32m[Nest] 17360  - [39m23/05/2026, 12:04:46 [32m    LOG[39m [38;5;3m[RouterExplorer] [39m[32mMapped {/api/v1/workflows, GET} route[39m[38;5;3m +0ms[39m
[32m[Nest] 17360  - [39m23/05/2026, 12:04:46 [32m    LOG[39m [38;5;3m[RouterExplorer] [39m[32mMapped {/api/v1/workflows/:id/toggle, PATCH} route[39m[38;5;3m +0ms[39m
[32m[Nest] 17360  - [39m23/05/2026, 12:04:46 [32m    LOG[39m [38;5;3m[RoutesResolver] [39m[32mNotificationsController {/api/v1/notifications}:[39m[38;5;3m +0ms[39m
[32m[Nest] 17360  - [39m23/05/2026, 12:04:46 [32m    LOG[39m [38;5;3m[RouterExplorer] [39m[32mMapped {/api/v1/notifications, GET} route[39m[38;5;3m +0ms[39m
[32m[Nest] 17360  - [39m23/05/2026, 12:04:46 [32m    LOG[39m [38;5;3m[RouterExplorer] [39m[32mMapped {/api/v1/notifications/unread-count, GET} route[39m[38;5;3m +0ms[39m
[32m[Nest] 17360  - [39m23/05/2026, 12:04:46 [32m    LOG[39m [38;5;3m[RouterExplorer] [39m[32mMapped {/api/v1/notifications/:id/read, PATCH} route[39m[38;5;3m +0ms[39m
[32m[Nest] 17360  - [39m23/05/2026, 12:04:46 [32m    LOG[39m [38;5;3m[RouterExplorer] [39m[32mMapped {/api/v1/notifications/read-all, PATCH} route[39m[38;5;3m +1ms[39m
[32m[Nest] 17360  - [39m23/05/2026, 12:04:46 [32m    LOG[39m [38;5;3m[RoutesResolver] [39m[32mAuditController {/api/v1/audit}:[39m[38;5;3m +0ms[39m
[32m[Nest] 17360  - [39m23/05/2026, 12:04:46 [32m    LOG[39m [38;5;3m[RouterExplorer] [39m[32mMapped {/api/v1/audit, GET} route[39m[38;5;3m +0ms[39m
[32m[Nest] 17360  - [39m23/05/2026, 12:04:46 [32m    LOG[39m [38;5;3m[RoutesResolver] [39m[32mFilesController {/api/v1/files}:[39m[38;5;3m +0ms[39m
[32m[Nest] 17360  - [39m23/05/2026, 12:04:46 [32m    LOG[39m [38;5;3m[RouterExplorer] [39m[32mMapped {/api/v1/files/record/:recordId, GET} route[39m[38;5;3m +0ms[39m
[32m[Nest] 17360  - [39m23/05/2026, 12:04:46 [32m    LOG[39m [38;5;3m[RoutesResolver] [39m[32mDashboardsController {/api/v1/dashboards}:[39m[38;5;3m +0ms[39m
[32m[Nest] 17360  - [39m23/05/2026, 12:04:46 [32m    LOG[39m [38;5;3m[RouterExplorer] [39m[32mMapped {/api/v1/dashboards, POST} route[39m[38;5;3m +0ms[39m
[32m[Nest] 17360  - [39m23/05/2026, 12:04:46 [32m    LOG[39m [38;5;3m[RouterExplorer] [39m[32mMapped {/api/v1/dashboards, GET} route[39m[38;5;3m +0ms[39m
[32m[Nest] 17360  - [39m23/05/2026, 12:04:46 [32m    LOG[39m [38;5;3m[RouterExplorer] [39m[32mMapped {/api/v1/dashboards/:id, GET} route[39m[38;5;3m +0ms[39m
[32m[Nest] 17360  - [39m23/05/2026, 12:04:46 [32m    LOG[39m [38;5;3m[RouterExplorer] [39m[32mMapped {/api/v1/dashboards/:id/widgets, POST} route[39m[38;5;3m +0ms[39m
[32m[Nest] 17360  - [39m23/05/2026, 12:04:46 [32m    LOG[39m [38;5;3m[RouterExplorer] [39m[32mMapped {/api/v1/dashboards/widgets/:widgetId, DELETE} route[39m[38;5;3m +0ms[39m
[32m[Nest] 17360  - [39m23/05/2026, 12:04:46 [32m    LOG[39m [38;5;3m[RouterExplorer] [39m[32mMapped {/api/v1/dashboards/analytics/:moduleId, GET} route[39m[38;5;3m +0ms[39m
[32m[Nest] 17360  - [39m23/05/2026, 12:04:46 [32m    LOG[39m [38;5;3m[RoutesResolver] [39m[32mViewsController {/api/v1/modules/:moduleId/views}:[39m[38;5;3m +0ms[39m
[32m[Nest] 17360  - [39m23/05/2026, 12:04:46 [32m    LOG[39m [38;5;3m[RouterExplorer] [39m[32mMapped {/api/v1/modules/:moduleId/views, POST} route[39m[38;5;3m +1ms[39m
[32m[Nest] 17360  - [39m23/05/2026, 12:04:46 [32m    LOG[39m [38;5;3m[RouterExplorer] [39m[32mMapped {/api/v1/modules/:moduleId/views, GET} route[39m[38;5;3m +0ms[39m
[32m[Nest] 17360  - [39m23/05/2026, 12:04:46 [32m    LOG[39m [38;5;3m[RouterExplorer] [39m[32mMapped {/api/v1/modules/:moduleId/views/:id, PATCH} route[39m[38;5;3m +0ms[39m
[32m[Nest] 17360  - [39m23/05/2026, 12:04:46 [32m    LOG[39m [38;5;3m[RouterExplorer] [39m[32mMapped {/api/v1/modules/:moduleId/views/:id, DELETE} route[39m[38;5;3m +0ms[39m
[32m[Nest] 17360  - [39m23/05/2026, 12:04:46 [32m    LOG[39m [38;5;3m[RoutesResolver] [39m[32mPermissionsController {/api/v1/permissions}:[39m[38;5;3m +0ms[39m
[32m[Nest] 17360  - [39m23/05/2026, 12:04:46 [32m    LOG[39m [38;5;3m[RouterExplorer] [39m[32mMapped {/api/v1/permissions, POST} route[39m[38;5;3m +0ms[39m
[32m[Nest] 17360  - [39m23/05/2026, 12:04:46 [32m    LOG[39m [38;5;3m[RouterExplorer] [39m[32mMapped {/api/v1/permissions, GET} route[39m[38;5;3m +0ms[39m
[32m[Nest] 17360  - [39m23/05/2026, 12:04:46 [32m    LOG[39m [38;5;3m[RouterExplorer] [39m[32mMapped {/api/v1/permissions/matrix, GET} route[39m[38;5;3m +0ms[39m
[32m[Nest] 17360  - [39m23/05/2026, 12:04:46 [32m    LOG[39m [38;5;3m[RouterExplorer] [39m[32mMapped {/api/v1/permissions/bulk, POST} route[39m[38;5;3m +0ms[39m
[32m[Nest] 17360  - [39m23/05/2026, 12:04:46 [32m    LOG[39m [38;5;3m[RouterExplorer] [39m[32mMapped {/api/v1/permissions/seed/:moduleId, POST} route[39m[38;5;3m +0ms[39m
[32m[Nest] 17360  - [39m23/05/2026, 12:04:46 [32m    LOG[39m [38;5;3m[RoutesResolver] [39m[32mGlobalListsController {/api/v1/global-lists}:[39m[38;5;3m +0ms[39m
[32m[Nest] 17360  - [39m23/05/2026, 12:04:46 [32m    LOG[39m [38;5;3m[RouterExplorer] [39m[32mMapped {/api/v1/global-lists, GET} route[39m[38;5;3m +0ms[39m
[32m[Nest] 17360  - [39m23/05/2026, 12:04:46 [32m    LOG[39m [38;5;3m[RouterExplorer] [39m[32mMapped {/api/v1/global-lists/:id, GET} route[39m[38;5;3m +0ms[39m
[32m[Nest] 17360  - [39m23/05/2026, 12:04:46 [32m    LOG[39m [38;5;3m[RouterExplorer] [39m[32mMapped {/api/v1/global-lists, POST} route[39m[38;5;3m +0ms[39m
[32m[Nest] 17360  - [39m23/05/2026, 12:04:46 [32m    LOG[39m [38;5;3m[RouterExplorer] [39m[32mMapped {/api/v1/global-lists/:id, PATCH} route[39m[38;5;3m +0ms[39m
[32m[Nest] 17360  - [39m23/05/2026, 12:04:46 [32m    LOG[39m [38;5;3m[RouterExplorer] [39m[32mMapped {/api/v1/global-lists/:id, DELETE} route[39m[38;5;3m +1ms[39m
[32m[Nest] 17360  - [39m23/05/2026, 12:04:46 [32m    LOG[39m [38;5;3m[RouterExplorer] [39m[32mMapped {/api/v1/global-lists/:id/items, GET} route[39m[38;5;3m +0ms[39m
[32m[Nest] 17360  - [39m23/05/2026, 12:04:46 [32m    LOG[39m [38;5;3m[RouterExplorer] [39m[32mMapped {/api/v1/global-lists/:id/tree, GET} route[39m[38;5;3m +0ms[39m
[32m[Nest] 17360  - [39m23/05/2026, 12:04:46 [32m    LOG[39m [38;5;3m[RouterExplorer] [39m[32mMapped {/api/v1/global-lists/:id/items, POST} route[39m[38;5;3m +0ms[39m
[32m[Nest] 17360  - [39m23/05/2026, 12:04:46 [32m    LOG[39m [38;5;3m[RouterExplorer] [39m[32mMapped {/api/v1/global-lists/:id/items/:itemId, PATCH} route[39m[38;5;3m +0ms[39m
[32m[Nest] 17360  - [39m23/05/2026, 12:04:46 [32m    LOG[39m [38;5;3m[RouterExplorer] [39m[32mMapped {/api/v1/global-lists/:id/items/:itemId, DELETE} route[39m[38;5;3m +0ms[39m
[32m[Nest] 17360  - [39m23/05/2026, 12:04:46 [32m    LOG[39m [38;5;3m[RouterExplorer] [39m[32mMapped {/api/v1/global-lists/:id/items/:itemId/children, GET} route[39m[38;5;3m +0ms[39m
[32m[Nest] 17360  - [39m23/05/2026, 12:04:46 [32m    LOG[39m [38;5;3m[RoutesResolver] [39m[32mFormsController {/api/v1/forms}:[39m[38;5;3m +0ms[39m
[32m[Nest] 17360  - [39m23/05/2026, 12:04:46 [32m    LOG[39m [38;5;3m[RouterExplorer] [39m[32mMapped {/api/v1/forms, GET} route[39m[38;5;3m +0ms[39m
[32m[Nest] 17360  - [39m23/05/2026, 12:04:46 [32m    LOG[39m [38;5;3m[RouterExplorer] [39m[32mMapped {/api/v1/forms/:id, GET} route[39m[38;5;3m +0ms[39m
[32m[Nest] 17360  - [39m23/05/2026, 12:04:46 [32m    LOG[39m [38;5;3m[RouterExplorer] [39m[32mMapped {/api/v1/forms, POST} route[39m[38;5;3m +0ms[39m
[32m[Nest] 17360  - [39m23/05/2026, 12:04:46 [32m    LOG[39m [38;5;3m[RouterExplorer] [39m[32mMapped {/api/v1/forms/:id, PATCH} route[39m[38;5;3m +0ms[39m
[32m[Nest] 17360  - [39m23/05/2026, 12:04:46 [32m    LOG[39m [38;5;3m[RouterExplorer] [39m[32mMapped {/api/v1/forms/:id, DELETE} route[39m[38;5;3m +0ms[39m
[32m[Nest] 17360  - [39m23/05/2026, 12:04:46 [32m    LOG[39m [38;5;3m[RouterExplorer] [39m[32mMapped {/api/v1/forms/:id/sections, POST} route[39m[38;5;3m +0ms[39m
[32m[Nest] 17360  - [39m23/05/2026, 12:04:46 [32m    LOG[39m [38;5;3m[RouterExplorer] [39m[32mMapped {/api/v1/forms/:id/sections/:sectionId, PATCH} route[39m[38;5;3m +0ms[39m
[32m[Nest] 17360  - [39m23/05/2026, 12:04:46 [32m    LOG[39m [38;5;3m[RouterExplorer] [39m[32mMapped {/api/v1/forms/:id/sections/:sectionId, DELETE} route[39m[38;5;3m +1ms[39m
[32m[Nest] 17360  - [39m23/05/2026, 12:04:46 [32m    LOG[39m [38;5;3m[RouterExplorer] [39m[32mMapped {/api/v1/forms/:id/available-fields, GET} route[39m[38;5;3m +0ms[39m
[32m[Nest] 17360  - [39m23/05/2026, 12:04:46 [32m    LOG[39m [38;5;3m[RouterExplorer] [39m[32mMapped {/api/v1/forms/:id/fields, POST} route[39m[38;5;3m +0ms[39m
[32m[Nest] 17360  - [39m23/05/2026, 12:04:46 [32m    LOG[39m [38;5;3m[RouterExplorer] [39m[32mMapped {/api/v1/forms/:id/fields/:formFieldId, PATCH} route[39m[38;5;3m +0ms[39m
[32m[Nest] 17360  - [39m23/05/2026, 12:04:46 [32m    LOG[39m [38;5;3m[RouterExplorer] [39m[32mMapped {/api/v1/forms/:id/fields/:formFieldId, DELETE} route[39m[38;5;3m +0ms[39m
[32m[Nest] 17360  - [39m23/05/2026, 12:04:46 [32m    LOG[39m [38;5;3m[RouterExplorer] [39m[32mMapped {/api/v1/forms/:id/fields/reorder, POST} route[39m[38;5;3m +0ms[39m
[32m[Nest] 17360  - [39m23/05/2026, 12:04:46 [32m    LOG[39m [38;5;3m[RouterExplorer] [39m[32mMapped {/api/v1/forms/:id/permissions, GET} route[39m[38;5;3m +0ms[39m
[32m[Nest] 17360  - [39m23/05/2026, 12:04:46 [32m    LOG[39m [38;5;3m[RouterExplorer] [39m[32mMapped {/api/v1/forms/:id/permissions, POST} route[39m[38;5;3m +0ms[39m
[32m[Nest] 17360  - [39m23/05/2026, 12:04:46 [32m    LOG[39m [38;5;3m[RouterExplorer] [39m[32mMapped {/api/v1/forms/:id/generate-token, POST} route[39m[38;5;3m +0ms[39m
[32m[Nest] 17360  - [39m23/05/2026, 12:04:46 [32m    LOG[39m [38;5;3m[RouterExplorer] [39m[32mMapped {/api/v1/forms/:id/revoke-token, POST} route[39m[38;5;3m +0ms[39m
[32m[Nest] 17360  - [39m23/05/2026, 12:04:46 [32m    LOG[39m [38;5;3m[RouterExplorer] [39m[32mMapped {/api/v1/forms/:id/submissions, GET} route[39m[38;5;3m +0ms[39m
[32m[Nest] 17360  - [39m23/05/2026, 12:04:46 [32m    LOG[39m [38;5;3m[RoutesResolver] [39m[32mPublicFormsController {/api/v1/public/forms}:[39m[38;5;3m +0ms[39m
[32m[Nest] 17360  - [39m23/05/2026, 12:04:46 [32m    LOG[39m [38;5;3m[RouterExplorer] [39m[32mMapped {/api/v1/public/forms/:token, GET} route[39m[38;5;3m +0ms[39m
[32m[Nest] 17360  - [39m23/05/2026, 12:04:46 [32m    LOG[39m [38;5;3m[RouterExplorer] [39m[32mMapped {/api/v1/public/forms/:token/submit, POST} route[39m[38;5;3m +0ms[39m
[32m[Nest] 17360  - [39m23/05/2026, 12:04:46 [32m    LOG[39m [38;5;3m[RoutesResolver] [39m[32mAnalyticsController {/api/v1/analytics}:[39m[38;5;3m +0ms[39m
[32m[Nest] 17360  - [39m23/05/2026, 12:04:46 [32m    LOG[39m [38;5;3m[RouterExplorer] [39m[32mMapped {/api/v1/analytics/data/:moduleId, POST} route[39m[38;5;3m +1ms[39m
[32m[Nest] 17360  - [39m23/05/2026, 12:04:46 [32m    LOG[39m [38;5;3m[RouterExplorer] [39m[32mMapped {/api/v1/analytics/:moduleId, GET} route[39m[38;5;3m +0ms[39m
[32m[Nest] 17360  - [39m23/05/2026, 12:04:46 [32m    LOG[39m [38;5;3m[RouterExplorer] [39m[32mMapped {/api/v1/analytics/kanban/:moduleId, POST} route[39m[38;5;3m +0ms[39m
[32m[Nest] 17360  - [39m23/05/2026, 12:04:46 [32m    LOG[39m [38;5;3m[RouterExplorer] [39m[32mMapped {/api/v1/analytics/views/list, GET} route[39m[38;5;3m +0ms[39m
[32m[Nest] 17360  - [39m23/05/2026, 12:04:46 [32m    LOG[39m [38;5;3m[Router[2J[3J[H[[90m12:04:55[0m] File change detected. Starting incremental compilation...

[[90m12:04:56[0m] Found 0 errors. Watching for file changes.

[32m[Nest] 10200  - [39m23/05/2026, 12:04:57 [32m    LOG[39m [38;5;3m[NestFactory] [39m[32mStarting Nest application...[39m
[32m[Nest] 10200  - [39m23/05/2026, 12:04:57 [32m    LOG[39m [38;5;3m[InstanceLoader] [39m[32mAppModule dependencies initialized[39m[38;5;3m +17ms[39m
[32m[Nest] 10200  - [39m23/05/2026, 12:04:57 [32m    LOG[39m [38;5;3m[InstanceLoader] [39m[32mPrismaModule dependencies initialized[39m[38;5;3m +3ms[39m
[32m[Nest] 10200  - [39m23/05/2026, 12:04:57 [32m    LOG[39m [38;5;3m[InstanceLoader] [39m[32mPassportModule dependencies initialized[39m[38;5;3m +0ms[39m
[32m[Nest] 10200  - [39m23/05/2026, 12:04:57 [32m    LOG[39m [38;5;3m[InstanceLoader] [39m[32mWebsocketModule dependencies initialized[39m[38;5;3m +0ms[39m
[32m[Nest] 10200  - [39m23/05/2026, 12:04:57 [32m    LOG[39m [38;5;3m[InstanceLoader] [39m[32mThrottlerModule dependencies initialized[39m[38;5;3m +4ms[39m
[32m[Nest] 10200  - [39m23/05/2026, 12:04:57 [32m    LOG[39m [38;5;3m[InstanceLoader] [39m[32mJwtModule dependencies initialized[39m[38;5;3m +0ms[39m
[32m[Nest] 10200  - [39m23/05/2026, 12:04:57 [32m    LOG[39m [38;5;3m[InstanceLoader] [39m[32mConfigHostModule dependencies initialized[39m[38;5;3m +0ms[39m
[32m[Nest] 10200  - [39m23/05/2026, 12:04:57 [32m    LOG[39m [38;5;3m[InstanceLoader] [39m[32mDiscoveryModule dependencies initialized[39m[38;5;3m +1ms[39m
[32m[Nest] 10200  - [39m23/05/2026, 12:04:57 [32m    LOG[39m [38;5;3m[InstanceLoader] [39m[32mConfigModule dependencies initialized[39m[38;5;3m +1ms[39m
[32m[Nest] 10200  - [39m23/05/2026, 12:04:57 [32m    LOG[39m [38;5;3m[InstanceLoader] [39m[32mScheduleModule dependencies initialized[39m[38;5;3m +0ms[39m
[32m[Nest] 10200  - [39m23/05/2026, 12:04:57 [32m    LOG[39m [38;5;3m[InstanceLoader] [39m[32mUsersModule dependencies initialized[39m[38;5;3m +1ms[39m
[32m[Nest] 10200  - [39m23/05/2026, 12:04:57 [32m    LOG[39m [38;5;3m[InstanceLoader] [39m[32mOrganizationsModule dependencies initialized[39m[38;5;3m +0ms[39m
[32m[Nest] 10200  - [39m23/05/2026, 12:04:57 [32m    LOG[39m [38;5;3m[InstanceLoader] [39m[32mModulesModule dependencies initialized[39m[38;5;3m +0ms[39m
[32m[Nest] 10200  - [39m23/05/2026, 12:04:57 [32m    LOG[39m [38;5;3m[InstanceLoader] [39m[32mFieldsModule dependencies initialized[39m[38;5;3m +0ms[39m
[32m[Nest] 10200  - [39m23/05/2026, 12:04:57 [32m    LOG[39m [38;5;3m[InstanceLoader] [39m[32mRecordsModule dependencies initialized[39m[38;5;3m +0ms[39m
[32m[Nest] 10200  - [39m23/05/2026, 12:04:57 [32m    LOG[39m [38;5;3m[InstanceLoader] [39m[32mRelationshipsModule dependencies initialized[39m[38;5;3m +0ms[39m
[32m[Nest] 10200  - [39m23/05/2026, 12:04:57 [32m    LOG[39m [38;5;3m[InstanceLoader] [39m[32mWorkflowsModule dependencies initialized[39m[38;5;3m +0ms[39m
[32m[Nest] 10200  - [39m23/05/2026, 12:04:57 [32m    LOG[39m [38;5;3m[InstanceLoader] [39m[32mNotificationsModule dependencies initialized[39m[38;5;3m +0ms[39m
[32m[Nest] 10200  - [39m23/05/2026, 12:04:57 [32m    LOG[39m [38;5;3m[InstanceLoader] [39m[32mAuditModule dependencies initialized[39m[38;5;3m +0ms[39m
[32m[Nest] 10200  - [39m23/05/2026, 12:04:57 [32m    LOG[39m [38;5;3m[InstanceLoader] [39m[32mFilesModule dependencies initialized[39m[38;5;3m +0ms[39m
[32m[Nest] 10200  - [39m23/05/2026, 12:04:57 [32m    LOG[39m [38;5;3m[InstanceLoader] [39m[32mDashboardsModule dependencies initialized[39m[38;5;3m +0ms[39m
[32m[Nest] 10200  - [39m23/05/2026, 12:04:57 [32m    LOG[39m [38;5;3m[InstanceLoader] [39m[32mViewsModule dependencies initialized[39m[38;5;3m +0ms[39m
[32m[Nest] 10200  - [39m23/05/2026, 12:04:57 [32m    LOG[39m [38;5;3m[InstanceLoader] [39m[32mPermissionsModule dependencies initialized[39m[38;5;3m +0ms[39m
[32m[Nest] 10200  - [39m23/05/2026, 12:04:57 [32m    LOG[39m [38;5;3m[InstanceLoader] [39m[32mGlobalListsModule dependencies initialized[39m[38;5;3m +0ms[39m
[32m[Nest] 10200  - [39m23/05/2026, 12:04:57 [32m    LOG[39m [38;5;3m[InstanceLoader] [39m[32mFormsModule dependencies initialized[39m[38;5;3m +0ms[39m
[32m[Nest] 10200  - [39m23/05/2026, 12:04:57 [32m    LOG[39m [38;5;3m[InstanceLoader] [39m[32mAnalyticsModule dependencies initialized[39m[38;5;3m +0ms[39m
[32m[Nest] 10200  - [39m23/05/2026, 12:04:57 [32m    LOG[39m [38;5;3m[InstanceLoader] [39m[32mAuthModule dependencies initialized[39m[38;5;3m +0ms[39m
[32m[Nest] 10200  - [39m23/05/2026, 12:04:57 [32m    LOG[39m [38;5;3m[WebSocketsController] [39m[32mAppGateway subscribed to the "join-org" message[39m[38;5;3m +33ms[39m
[32m[Nest] 10200  - [39m23/05/2026, 12:04:57 [32m    LOG[39m [38;5;3m[WebSocketsController] [39m[32mAppGateway subscribed to the "join-module" message[39m[38;5;3m +0ms[39m
[32m[Nest] 10200  - [39m23/05/2026, 12:04:57 [32m    LOG[39m [38;5;3m[RoutesResolver] [39m[32mAuthController {/api/v1/auth}:[39m[38;5;3m +1ms[39m
[32m[Nest] 10200  - [39m23/05/2026, 12:04:57 [32m    LOG[39m [38;5;3m[RouterExplorer] [39m[32mMapped {/api/v1/auth/register, POST} route[39m[38;5;3m +2ms[39m
[32m[Nest] 10200  - [39m23/05/2026, 12:04:57 [32m    LOG[39m [38;5;3m[RouterExplorer] [39m[32mMapped {/api/v1/auth/login, POST} route[39m[38;5;3m +0ms[39m
[32m[Nest] 10200  - [39m23/05/2026, 12:04:57 [32m    LOG[39m [38;5;3m[RouterExplorer] [39m[32mMapped {/api/v1/auth/refresh, POST} route[39m[38;5;3m +0ms[39m
[32m[Nest] 10200  - [39m23/05/2026, 12:04:57 [32m    LOG[39m [38;5;3m[RouterExplorer] [39m[32mMapped {/api/v1/auth/logout, POST} route[39m[38;5;3m +1ms[39m
[32m[Nest] 10200  - [39m23/05/2026, 12:04:57 [32m    LOG[39m [38;5;3m[RoutesResolver] [39m[32mUsersController {/api/v1/users}:[39m[38;5;3m +0ms[39m
[32m[Nest] 10200  - [39m23/05/2026, 12:04:57 [32m    LOG[39m [38;5;3m[RouterExplorer] [39m[32mMapped {/api/v1/users, GET} route[39m[38;5;3m +0ms[39m
[32m[Nest] 10200  - [39m23/05/2026, 12:04:57 [32m    LOG[39m [38;5;3m[RouterExplorer] [39m[32mMapped {/api/v1/users/:id, GET} route[39m[38;5;3m +0ms[39m
[32m[Nest] 10200  - [39m23/05/2026, 12:04:57 [32m    LOG[39m [38;5;3m[RouterExplorer] [39m[32mMapped {/api/v1/users/:id, PATCH} route[39m[38;5;3m +0ms[39m
[32m[Nest] 10200  - [39m23/05/2026, 12:04:57 [32m    LOG[39m [38;5;3m[RouterExplorer] [39m[32mMapped {/api/v1/users/:id, DELETE} route[39m[38;5;3m +0ms[39m
[32m[Nest] 10200  - [39m23/05/2026, 12:04:57 [32m    LOG[39m [38;5;3m[RoutesResolver] [39m[32mOrganizationsController {/api/v1/organizations}:[39m[38;5;3m +0ms[39m
[32m[Nest] 10200  - [39m23/05/2026, 12:04:57 [32m    LOG[39m [38;5;3m[RouterExplorer] [39m[32mMapped {/api/v1/organizations/me, GET} route[39m[38;5;3m +1ms[39m
[32m[Nest] 10200  - [39m23/05/2026, 12:04:57 [32m    LOG[39m [38;5;3m[RouterExplorer] [39m[32mMapped {/api/v1/organizations/me, PATCH} route[39m[38;5;3m +0ms[39m
[32m[Nest] 10200  - [39m23/05/2026, 12:04:57 [32m    LOG[39m [38;5;3m[RoutesResolver] [39m[32mModulesController {/api/v1/modules}:[39m[38;5;3m +0ms[39m
[32m[Nest] 10200  - [39m23/05/2026, 12:04:57 [32m    LOG[39m [38;5;3m[RouterExplorer] [39m[32mMapped {/api/v1/modules, POST} route[39m[38;5;3m +0ms[39m
[32m[Nest] 10200  - [39m23/05/2026, 12:04:57 [32m    LOG[39m [38;5;3m[RouterExplorer] [39m[32mMapped {/api/v1/modules, GET} route[39m[38;5;3m +0ms[39m
[32m[Nest] 10200  - [39m23/05/2026, 12:04:57 [32m    LOG[39m [38;5;3m[RouterExplorer] [39m[32mMapped {/api/v1/modules/:id, GET} route[39m[38;5;3m +1ms[39m
[32m[Nest] 10200  - [39m23/05/2026, 12:04:57 [32m    LOG[39m [38;5;3m[RouterExplorer] [39m[32mMapped {/api/v1/modules/by-slug/:slug, GET} route[39m[38;5;3m +0ms[39m
[32m[Nest] 10200  - [39m23/05/2026, 12:04:57 [32m    LOG[39m [38;5;3m[RouterExplorer] [39m[32mMapped {/api/v1/modules/:id, PATCH} route[39m[38;5;3m +0ms[39m
[32m[Nest] 10200  - [39m23/05/2026, 12:04:57 [32m    LOG[39m [38;5;3m[RouterExplorer] [39m[32mMapped {/api/v1/modules/:id, DELETE} route[39m[38;5;3m +0ms[39m
[32m[Nest] 10200  - [39m23/05/2026, 12:04:57 [32m    LOG[39m [38;5;3m[RoutesResolver] [39m[32mFieldsController {/api/v1/modules/:moduleId/fields}:[39m[38;5;3m +0ms[39m
[32m[Nest] 10200  - [39m23/05/2026, 12:04:57 [32m    LOG[39m [38;5;3m[RouterExplorer] [39m[32mMapped {/api/v1/modules/:moduleId/fields, POST} route[39m[38;5;3m +0ms[39m
[32m[Nest] 10200  - [39m23/05/2026, 12:04:57 [32m    LOG[39m [38;5;3m[RouterExplorer] [39m[32mMapped {/api/v1/modules/:moduleId/fields, GET} route[39m[38;5;3m +0ms[39m
[32m[Nest] 10200  - [39m23/05/2026, 12:04:57 [32m    LOG[39m [38;5;3m[RouterExplorer] [39m[32mMapped {/api/v1/modules/:moduleId/fields/:id, PATCH} route[39m[38;5;3m +0ms[39m
[32m[Nest] 10200  - [39m23/05/2026, 12:04:57 [32m    LOG[39m [38;5;3m[RouterExplorer] [39m[32mMapped {/api/v1/modules/:moduleId/fields/reorder, POST} route[39m[38;5;3m +0ms[39m
[32m[Nest] 10200  - [39m23/05/2026, 12:04:57 [32m    LOG[39m [38;5;3m[RouterExplorer] [39m[32mMapped {/api/v1/modules/:moduleId/fields/:id, DELETE} route[39m[38;5;3m +0ms[39m
[32m[Nest] 10200  - [39m23/05/2026, 12:04:57 [32m    LOG[39m [38;5;3m[RoutesResolver] [39m[32mRecordsController {/api/v1/modules/:moduleId/records}:[39m[38;5;3m +0ms[39m
[32m[Nest] 10200  - [39m23/05/2026, 12:04:57 [32m    LOG[39m [38;5;3m[RouterExplorer] [39m[32mMapped {/api/v1/modules/:moduleId/records, POST} route[39m[38;5;3m +0ms[39m
[32m[Nest] 10200  - [39m23/05/2026, 12:04:57 [32m    LOG[39m [38;5;3m[RouterExplorer] [39m[32mMapped {/api/v1/modules/:moduleId/records, GET} route[39m[38;5;3m +1ms[39m
[32m[Nest] 10200  - [39m23/05/2026, 12:04:57 [32m    LOG[39m [38;5;3m[RouterExplorer] [39m[32mMapped {/api/v1/modules/:moduleId/records/:id, GET} route[39m[38;5;3m +0ms[39m
[32m[Nest] 10200  - [39m23/05/2026, 12:04:57 [32m    LOG[39m [38;5;3m[RouterExplorer] [39m[32mMapped {/api/v1/modules/:moduleId/records/:id, PATCH} route[39m[38;5;3m +0ms[39m
[32m[Nest] 10200  - [39m23/05/2026, 12:04:57 [32m    LOG[39m [38;5;3m[RouterExplorer] [39m[32mMapped {/api/v1/modules/:moduleId/records/:id, DELETE} route[39m[38;5;3m +0ms[39m
[32m[Nest] 10200  - [39m23/05/2026, 12:04:57 [32m    LOG[39m [38;5;3m[RouterExplorer] [39m[32mMapped {/api/v1/modules/:moduleId/records/bulk-delete, POST} route[39m[38;5;3m +0ms[39m
[32m[Nest] 10200  - [39m23/05/2026, 12:04:57 [32m    LOG[39m [38;5;3m[RouterExplorer] [39m[32mMapped {/api/v1/modules/:moduleId/records/import/template, GET} route[39m[38;5;3m +0ms[39m
[32m[Nest] 10200  - [39m23/05/2026, 12:04:57 [32m    LOG[39m [38;5;3m[RouterExplorer] [39m[32mMapped {/api/v1/modules/:moduleId/records/import/preview, POST} route[39m[38;5;3m +0ms[39m
[32m[Nest] 10200  - [39m23/05/2026, 12:04:57 [32m    LOG[39m [38;5;3m[RouterExplorer] [39m[32mMapped {/api/v1/modules/:moduleId/records/import/run, POST} route[39m[38;5;3m +0ms[39m
[32m[Nest] 10200  - [39m23/05/2026, 12:04:57 [32m    LOG[39m [38;5;3m[RouterExplorer] [39m[32mMapped {/api/v1/modules/:moduleId/records/export/csv, GET} route[39m[38;5;3m +0ms[39m
[32m[Nest] 10200  - [39m23/05/2026, 12:04:57 [32m    LOG[39m [38;5;3m[RouterExplorer] [39m[32mMapped {/api/v1/modules/:moduleId/records/:id/comments, POST} route[39m[38;5;3m +0ms[39m
[32m[Nest] 10200  - [39m23/05/2026, 12:04:57 [32m    LOG[39m [38;5;3m[RoutesResolver] [39m[32mLookupController {/api/v1/records}:[39m[38;5;3m +0ms[39m
[32m[Nest] 10200  - [39m23/05/2026, 12:04:57 [32m    LOG[39m [38;5;3m[RouterExplorer] [39m[32mMapped {/api/v1/records/lookup, GET} route[39m[38;5;3m +0ms[39m
[32m[Nest] 10200  - [39m23/05/2026, 12:04:57 [32m    LOG[39m [38;5;3m[RoutesResolver] [39m[32mRelationshipsController {/api/v1/relationships}:[39m[38;5;3m +0ms[39m
[32m[Nest] 10200  - [39m23/05/2026, 12:04:57 [32m    LOG[39m [38;5;3m[RouterExplorer] [39m[32mMapped {/api/v1/relationships, POST} route[39m[38;5;3m +0ms[39m
[32m[Nest] 10200  - [39m23/05/2026, 12:04:57 [32m    LOG[39m [38;5;3m[RouterExplorer] [39m[32mMapped {/api/v1/relationships, GET} route[39m[38;5;3m +0ms[39m
[32m[Nest] 10200  - [39m23/05/2026, 12:04:57 [32m    LOG[39m [38;5;3m[RouterExplorer] [39m[32mMapped {/api/v1/relationships/module/:moduleId, GET} route[39m[38;5;3m +0ms[39m
[32m[Nest] 10200  - [39m23/05/2026, 12:04:57 [32m    LOG[39m [38;5;3m[RoutesResolver] [39m[32mWorkflowsController {/api/v1/workflows}:[39m[38;5;3m +0ms[39m
[32m[Nest] 10200  - [39m23/05/2026, 12:04:57 [32m    LOG[39m [38;5;3m[RouterExplorer] [39m[32mMapped {/api/v1/workflows, POST} route[39m[38;5;3m +1ms[39m
[32m[Nest] 10200  - [39m23/05/2026, 12:04:57 [32m    LOG[39m [38;5;3m[RouterExplorer] [39m[32mMapped {/api/v1/workflows, GET} route[39m[38;5;3m +0ms[39m
[32m[Nest] 10200  - [39m23/05/2026, 12:04:57 [32m    LOG[39m [38;5;3m[RouterExplorer] [39m[32mMapped {/api/v1/workflows/:id/toggle, PATCH} route[39m[38;5;3m +0ms[39m
[32m[Nest] 10200  - [39m23/05/2026, 12:04:57 [32m    LOG[39m [38;5;3m[RoutesResolver] [39m[32mNotificationsController {/api/v1/notifications}:[39m[38;5;3m +0ms[39m
[32m[Nest] 10200  - [39m23/05/2026, 12:04:57 [32m    LOG[39m [38;5;3m[RouterExplorer] [39m[32mMapped {/api/v1/notifications, GET} route[39m[38;5;3m +0ms[39m
[32m[Nest] 10200  - [39m23/05/2026, 12:04:57 [32m    LOG[39m [38;5;3m[RouterExplorer] [39m[32mMapped {/api/v1/notifications/unread-count, GET} route[39m[38;5;3m +0ms[39m
[32m[Nest] 10200  - [39m23/05/2026, 12:04:57 [32m    LOG[39m [38;5;3m[RouterExplorer] [39m[32mMapped {/api/v1/notifications/:id/read, PATCH} route[39m[38;5;3m +0ms[39m
[32m[Nest] 10200  - [39m23/05/2026, 12:04:57 [32m    LOG[39m [38;5;3m[RouterExplorer] [39m[32mMapped {/api/v1/notifications/read-all, PATCH} route[39m[38;5;3m +0ms[39m
[32m[Nest] 10200  - [39m23/05/2026, 12:04:57 [32m    LOG[39m [38;5;3m[RoutesResolver] [39m[32mAuditController {/api/v1/audit}:[39m[38;5;3m +0ms[39m
[32m[Nest] 10200  - [39m23/05/2026, 12:04:57 [32m    LOG[39m [38;5;3m[RouterExplorer] [39m[32mMapped {/api/v1/audit, GET} route[39m[38;5;3m +0ms[39m
[32m[Nest] 10200  - [39m23/05/2026, 12:04:57 [32m    LOG[39m [38;5;3m[RoutesResolver] [39m[32mFilesController {/api/v1/files}:[39m[38;5;3m +0ms[39m
[32m[Nest] 10200  - [39m23/05/2026, 12:04:57 [32m    LOG[39m [38;5;3m[RouterExplorer] [39m[32mMapped {/api/v1/files/record/:recordId, GET} route[39m[38;5;3m +0ms[39m
[32m[Nest] 10200  - [39m23/05/2026, 12:04:57 [32m    LOG[39m [38;5;3m[RoutesResolver] [39m[32mDashboardsController {/api/v1/dashboards}:[39m[38;5;3m +0ms[39m
[32m[Nest] 10200  - [39m23/05/2026, 12:04:57 [32m    LOG[39m [38;5;3m[RouterExplorer] [39m[32mMapped {/api/v1/dashboards, POST} route[39m[38;5;3m +0ms[39m
[32m[Nest] 10200  - [39m23/05/2026, 12:04:57 [32m    LOG[39m [38;5;3m[RouterExplorer] [39m[32mMapped {/api/v1/dashboards, GET} route[39m[38;5;3m +0ms[39m
[32m[Nest] 10200  - [39m23/05/2026, 12:04:57 [32m    LOG[39m [38;5;3m[RouterExplorer] [39m[32mMapped {/api/v1/dashboards/:id, GET} route[39m[38;5;3m +1ms[39m
[32m[Nest] 10200  - [39m23/05/2026, 12:04:57 [32m    LOG[39m [38;5;3m[RouterExplorer] [39m[32mMapped {/api/v1/dashboards/:id/widgets, POST} route[39m[38;5;3m +0ms[39m
[32m[Nest] 10200  - [39m23/05/2026, 12:04:57 [32m    LOG[39m [38;5;3m[RouterExplorer] [39m[32mMapped {/api/v1/dashboards/widgets/:widgetId, DELETE} route[39m[38;5;3m +0ms[39m
[32m[Nest] 10200  - [39m23/05/2026, 12:04:57 [32m    LOG[39m [38;5;3m[RouterExplorer] [39m[32mMapped {/api/v1/dashboards/analytics/:moduleId, GET} route[39m[38;5;3m +0ms[39m
[32m[Nest] 10200  - [39m23/05/2026, 12:04:57 [32m    LOG[39m [38;5;3m[RoutesResolver] [39m[32mViewsController {/api/v1/modules/:moduleId/views}:[39m[38;5;3m +0ms[39m
[32m[Nest] 10200  - [39m23/05/2026, 12:04:57 [32m    LOG[39m [38;5;3m[RouterExplorer] [39m[32mMapped {/api/v1/modules/:moduleId/views, POST} route[39m[38;5;3m +0ms[39m
[32m[Nest] 10200  - [39m23/05/2026, 12:04:57 [32m    LOG[39m [38;5;3m[RouterExplorer] [39m[32mMapped {/api/v1/modules/:moduleId/views, GET} route[39m[38;5;3m +0ms[39m
[32m[Nest] 10200  - [39m23/05/2026, 12:04:57 [32m    LOG[39m [38;5;3m[RouterExplorer] [39m[32mMapped {/api/v1/modules/:moduleId/views/:id, PATCH} route[39m[38;5;3m +0ms[39m
[32m[Nest] 10200  - [39m23/05/2026, 12:04:57 [32m    LOG[39m [38;5;3m[RouterExplorer] [39m[32mMapped {/api/v1/modules/:moduleId/views/:id, DELETE} route[39m[38;5;3m +0ms[39m
[32m[Nest] 10200  - [39m23/05/2026, 12:04:57 [32m    LOG[39m [38;5;3m[RoutesResolver] [39m[32mPermissionsController {/api/v1/permissions}:[39m[38;5;3m +0ms[39m
[32m[Nest] 10200  - [39m23/05/2026, 12:04:57 [32m    LOG[39m [38;5;3m[RouterExplorer] [39m[32mMapped {/api/v1/permissions, POST} route[39m[38;5;3m +0ms[39m
[32m[Nest] 10200  - [39m23/05/2026, 12:04:57 [32m    LOG[39m [38;5;3m[RouterExplorer] [39m[32mMapped {/api/v1/permissions, GET} route[39m[38;5;3m +0ms[39m
[32m[Nest] 10200  - [39m23/05/2026, 12:04:57 [32m    LOG[39m [38;5;3m[RouterExplorer] [39m[32mMapped {/api/v1/permissions/matrix, GET} route[39m[38;5;3m +0ms[39m
[32m[Nest] 10200  - [39m23/05/2026, 12:04:57 [32m    LOG[39m [38;5;3m[RouterExplorer] [39m[32mMapped {/api/v1/permissions/bulk, POST} route[39m[38;5;3m +0ms[39m
[32m[Nest] 10200  - [39m23/05/2026, 12:04:57 [32m    LOG[39m [38;5;3m[RouterExplorer] [39m[32mMapped {/api/v1/permissions/seed/:moduleId, POST} route[39m[38;5;3m +0ms[39m
[32m[Nest] 10200  - [39m23/05/2026, 12:04:57 [32m    LOG[39m [38;5;3m[RoutesResolver] [39m[32mGlobalListsController {/api/v1/global-lists}:[39m[38;5;3m +0ms[39m
[32m[Nest] 10200  - [39m23/05/2026, 12:04:57 [32m    LOG[39m [38;5;3m[RouterExplorer] [39m[32mMapped {/api/v1/global-lists, GET} route[39m[38;5;3m +1ms[39m
[32m[Nest] 10200  - [39m23/05/2026, 12:04:57 [32m    LOG[39m [38;5;3m[RouterExplorer] [39m[32mMapped {/api/v1/global-lists/:id, GET} route[39m[38;5;3m +0ms[39m
[32m[Nest] 10200  - [39m23/05/2026, 12:04:57 [32m    LOG[39m [38;5;3m[RouterExplorer] [39m[32mMapped {/api/v1/global-lists, POST} route[39m[38;5;3m +0ms[39m
[32m[Nest] 10200  - [39m23/05/2026, 12:04:57 [32m    LOG[39m [38;5;3m[RouterExplorer] [39m[32mMapped {/api/v1/global-lists/:id, PATCH} route[39m[38;5;3m +0ms[39m
[32m[Nest] 10200  - [39m23/05/2026, 12:04:57 [32m    LOG[39m [38;5;3m[RouterExplorer] [39m[32mMapped {/api/v1/global-lists/:id, DELETE} route[39m[38;5;3m +0ms[39m
[32m[Nest] 10200  - [39m23/05/2026, 12:04:57 [32m    LOG[39m [38;5;3m[RouterExplorer] [39m[32mMapped {/api/v1/global-lists/:id/items, GET} route[39m[38;5;3m +0ms[39m
[32m[Nest] 10200  - [39m23/05/2026, 12:04:57 [32m    LOG[39m [38;5;3m[RouterExplorer] [39m[32mMapped {/api/v1/global-lists/:id/tree, GET} route[39m[38;5;3m +0ms[39m
[32m[Nest] 10200  - [39m23/05/2026, 12:04:57 [32m    LOG[39m [38;5;3m[RouterExplorer] [39m[32mMapped {/api/v1/global-lists/:id/items, POST} route[39m[38;5;3m +0ms[39m
[32m[Nest] 10200  - [39m23/05/2026, 12:04:57 [32m    LOG[39m [38;5;3m[RouterExplorer] [39m[32mMapped {/api/v1/global-lists/:id/items/:itemId, PATCH} route[39m[38;5;3m +0ms[39m
[32m[Nest] 10200  - [39m23/05/2026, 12:04:57 [32m    LOG[39m [38;5;3m[RouterExplorer] [39m[32mMapped {/api/v1/global-lists/:id/items/:itemId, DELETE} route[39m[38;5;3m +0ms[39m
[32m[Nest] 10200  - [39m23/05/2026, 12:04:57 [32m    LOG[39m [38;5;3m[RouterExplorer] [39m[32mMapped {/api/v1/global-lists/:id/items/:itemId/children, GET} route[39m[38;5;3m +0ms[39m
[32m[Nest] 10200  - [39m23/05/2026, 12:04:57 [32m    LOG[39m [38;5;3m[RoutesResolver] [39m[32mFormsController {/api/v1/forms}:[39m[38;5;3m +0ms[39m
[32m[Nest] 10200  - [39m23/05/2026, 12:04:57 [32m    LOG[39m [38;5;3m[RouterExplorer] [39m[32mMapped {/api/v1/forms, GET} route[39m[38;5;3m +0ms[39m
[32m[Nest] 10200  - [39m23/05/2026, 12:04:57 [32m    LOG[39m [38;5;3m[RouterExplorer] [39m[32mMapped {/api/v1/forms/:id, GET} route[39m[38;5;3m +0ms[39m
[32m[Nest] 10200  - [39m23/05/2026, 12:04:57 [32m    LOG[39m [38;5;3m[RouterExplorer] [39m[32mMapped {/api/v1/forms, POST} route[39m[38;5;3m +0ms[39m
[32m[Nest] 10200  - [39m23/05/2026, 12:04:57 [32m    LOG[39m [38;5;3m[RouterExplorer] [39m[32mMapped {/api/v1/forms/:id, PATCH} route[39m[38;5;3m +0ms[39m
[32m[Nest] 10200  - [39m23/05/2026, 12:04:57 [32m    LOG[39m [38;5;3m[RouterExplorer] [39m[32mMapped {/api/v1/forms/:id, DELETE} route[39m[38;5;3m +0ms[39m
[32m[Nest] 10200  - [39m23/05/2026, 12:04:57 [32m    LOG[39m [38;5;3m[RouterExplorer] [39m[32mMapped {/api/v1/forms/:id/sections, POST} route[39m[38;5;3m +0ms[39m
[32m[Nest] 10200  - [39m23/05/2026, 12:04:57 [32m    LOG[39m [38;5;3m[RouterExplorer] [39m[32mMapped {/api/v1/forms/:id/sections/:sectionId, PATCH} route[39m[38;5;3m +1ms[39m
[32m[Nest] 10200  - [39m23/05/2026, 12:04:57 [32m    LOG[39m [38;5;3m[RouterExplorer] [39m[32mMapped {/api/v1/forms/:id/sections/:sectionId, DELETE} route[39m[38;5;3m +0ms[39m
[32m[Nest] 10200  - [39m23/05/2026, 12:04:57 [32m    LOG[39m [38;5;3m[RouterExplorer] [39m[32mMapped {/api/v1/forms/:id/available-fields, GET} route[39m[38;5;3m +0ms[39m
[32m[Nest] 10200  - [39m23/05/2026, 12:04:57 [32m    LOG[39m [38;5;3m[RouterExplorer] [39m[32mMapped {/api/v1/forms/:id/fields, POST} route[39m[38;5;3m +0ms[39m
[32m[Nest] 10200  - [39m23/05/2026, 12:04:57 [32m    LOG[39m [38;5;3m[RouterExplorer] [39m[32mMapped {/api/v1/forms/:id/fields/:formFieldId, PATCH} route[39m[38;5;3m +0ms[39m
[32m[Nest] 10200  - [39m23/05/2026, 12:04:57 [32m    LOG[39m [38;5;3m[RouterExplorer] [39m[32mMapped {/api/v1/forms/:id/fields/:formFieldId, DELETE} route[39m[38;5;3m +0ms[39m
[32m[Nest] 10200  - [39m23/05/2026, 12:04:57 [32m    LOG[39m [38;5;3m[RouterExplorer] [39m[32mMapped {/api/v1/forms/:id/fields/reorder, POST} route[39m[38;5;3m +0ms[39m
[32m[Nest] 10200  - [39m23/05/2026, 12:04:57 [32m    LOG[39m [38;5;3m[RouterExplorer] [39m[32mMapped {/api/v1/forms/:id/permissions, GET} route[39m[38;5;3m +0ms[39m
[32m[Nest] 10200  - [39m23/05/2026, 12:04:57 [32m    LOG[39m [38;5;3m[RouterExplorer] [39m[32mMapped {/api/v1/forms/:id/permissions, POST} route[39m[38;5;3m +0ms[39m
[32m[Nest] 10200  - [39m23/05/2026, 12:04:57 [32m    LOG[39m [38;5;3m[RouterExplorer] [39m[32mMapped {/api/v1/forms/:id/generate-token, POST} route[39m[38;5;3m +0ms[39m
[32m[Nest] 10200  - [39m23/05/2026, 12:04:57 [32m    LOG[39m [38;5;3m[RouterExplorer] [39m[32mMapped {/api/v1/forms/:id/revoke-token, POST} route[39m[38;5;3m +0ms[39m
[32m[Nest] 10200  - [39m23/05/2026, 12:04:57 [32m    LOG[39m [38;5;3m[RouterExplorer] [39m[32mMapped {/api/v1/forms/:id/submissions, GET} route[39m[38;5;3m +0ms[39m
[32m[Nest] 10200  - [39m23/05/2026, 12:04:57 [32m    LOG[39m [38;5;3m[RoutesResolver] [39m[32mPublicFormsController {/api/v1/public/forms}:[39m[38;5;3m +0ms[39m
[32m[Nest] 10200  - [39m23/05/2026, 12:04:57 [32m    LOG[39m [38;5;3m[RouterExplorer] [39m[32mMapped {/api/v1/public/forms/:token, GET} route[39m[38;5;3m +0ms[39m
[32m[Nest] 10200  - [39m23/05/2026, 12:04:57 [32m    LOG[39m [38;5;3m[RouterExplorer] [39m[32mMapped {/api/v1/public/forms/:token/submit, POST} route[39m[38;5;3m +0ms[39m
[32m[Nest] 10200  - [39m23/05/2026, 12:04:57 [32m    LOG[39m [38;5;3m[RoutesResolver] [39m[32mAnalyticsController {/api/v1/analytics}:[39m[38;5;3m +0ms[39m
[32m[Nest] 10200  - [39m23/05/2026, 12:04:57 [32m    LOG[39m [38;5;3m[RouterExplorer] [39m[32mMapped {/api/v1/analytics/data/:moduleId, POST} route[39m[38;5;3m +0ms[39m
[32m[Nest] 10200  - [39m23/05/2026, 12:04:57 [32m    LOG[39m [38;5;3m[RouterExplorer] [39m[32mMapped {/api/v1/analytics/:moduleId, GET} route[39m[38;5;3m +0ms[39m
[32m[Nest] 10200  - [39m23/05/2026, 12:04:57 [32m    LOG[39m [38;5;3m[RouterExplorer] [39m[32mMapped {/api/v1/analytics/kanban/:moduleId, POST} route[39m[38;5;3m +0ms[39m
[32m[Nest] 10200  - [39m23/05/2026, 12:04:57 [32m    LOG[39m [38;5;3m[RouterExplorer] [39m[32mMapped {/api/v1/analytics/views/list, GET} route[39m[38;5;3m +0ms[39m
[32m[Nest] 10200  - [39m23/05/2026, 12:04:57 [32m    LOG[39m [38;5;3m[RouterExplorer] [39m[32mMapped {/api/v1/analytics/views, POST} route[39m[38;5;3m +1ms[39m
[32m[Nest] 10200  - [39m23/05/2026, 12:04:57 [32m    LOG[39m [38;5;3m[RouterExplorer] [39m[32mMapped {/api/v1/analytics/views/:id, PATCH} route[39m[38;5;3m +0ms[39m
[32m[Nest] 10200  - [39m23/05/2026, 12:04:57 [32m    LOG[39m [38;5;3m[RouterExplorer] [39m[32mMapped {/api/v1/analytics/views/:id, DELETE} route[39m[38;5;3m +0ms[39m
[32m[Nest] 10200  - [39m23/05/2026, 12:04:57 [32m    LOG[39m [38;5;3m[RouterExplorer] [39m[32mMapped {/api/v1/analytics/targets/list, GET} route[39m[38;5;3m +0ms[39m
[32m[Nest] 10200  - [39m23/05/2026, 12:04:57 [32m    LOG[39m [38;5;3m[RouterExplorer] [39m[32mMapped {/api/v1/analytics/targets, POST} route[39m[38;5;3m +0ms[39m
[32m[Nest] 10200  - [39m23/05/2026, 12:04:57 [32m    LOG[39m [38;5;3m[RouterExplorer] [39m[32mMapped {/api/v1/analytics/targets/:id, PATCH} route[39m[38;5;3m +0ms[39m
[32m[Nest] 10200  - [39m23/05/2026, 12:04:57 [32m    LOG[39m [38;5;3m[RouterExplorer] [39m[32mMapped {/api/v1/analytics/targets/:id, DELETE} route[39m[38;5;3m +0ms[39m
[32m[Nest] 10200  - [39m23/05/2026, 12:04:57 [32m    LOG[39m [38;5;3m[RouterExplorer] [39m[32mMapped {/api/v1/analytics/targets/:id/compute, POST} route[39m[38;5;3m +0ms[39m
[32m[Nest] 10200  - [39m23/05/2026, 12:04:57 [32m    LOG[39m [38;5;3m[NestApplication] [39m[32mNest application successfully started[39m[38;5;3m +19ms[39m
[31m[Nest] 10200  - [39m23/05/2026, 12:04:57 [31m  ERROR[39m [38;5;3m[NestApplication] [39m[31mError: listen EADDRINUSE: address already in use :::4000[39m[38;5;3m +1ms[39m
node:net:1948
    const ex = new UVExceptionWithHostPort(err, 'listen', address, port);
               ^

Error: listen EADDRINUSE: address already in use :::4000
    at Server.setupListenHandle [as _listen2] (node:net:1948:16)
    at listenInCluster (node:net:2005:12)
    at Server.listen (node:net:2110:7)
    at ExpressAdapter.listen (C:\xampp\htdocs\CRM\backend\node_modules\@nestjs\platform-express\adapters\express-adapter.js:95:32)
    at C:\xampp\htdocs\CRM\backend\node_modules\@nestjs\core\nest-application.js:183:30
    at new Promise (<anonymous>)
    at NestApplication.listen (C:\xampp\htdocs\CRM\backend\node_modules\@nestjs\core\nest-application.js:173:16)
    at async bootstrap (C:\xampp\htdocs\CRM\backend\src\main.ts:34:3) {
  code: 'EADDRINUSE',
  errno: -4091,
  syscall: 'listen',
  address: '::',
  port: 4000
}

Node.js v24.14.0
[2J[3J[H[[90m13:29:37[0m] File change detected. Starting incremental compilation...

[96msrc/departments/departments.service.ts[0m:[93m9[0m:[93m24[0m - [91merror[0m[90m TS2339: [0mProperty 'department' does not exist on type 'PrismaService'.

[7m9[0m     return this.prisma.department.findMany({
[7m [0m [91m                       ~~~~~~~~~~[0m

[96msrc/departments/departments.service.ts[0m:[93m20[0m:[93m36[0m - [91merror[0m[90m TS2339: [0mProperty 'department' does not exist on type 'PrismaService'.

[7m20[0m     const dept = await this.prisma.department.findFirst({
[7m  [0m [91m                                   ~~~~~~~~~~[0m

[96msrc/departments/departments.service.ts[0m:[93m33[0m:[93m40[0m - [91merror[0m[90m TS2339: [0mProperty 'department' does not exist on type 'PrismaService'.

[7m33[0m     const existing = await this.prisma.department.findFirst({ where: { slug, organizationId: orgId } });
[7m  [0m [91m                                       ~~~~~~~~~~[0m

[96msrc/departments/departments.service.ts[0m:[93m35[0m:[93m24[0m - [91merror[0m[90m TS2339: [0mProperty 'department' does not exist on type 'PrismaService'.

[7m35[0m     return this.prisma.department.create({
[7m  [0m [91m                       ~~~~~~~~~~[0m

[96msrc/departments/departments.service.ts[0m:[93m47[0m:[93m24[0m - [91merror[0m[90m TS2339: [0mProperty 'department' does not exist on type 'PrismaService'.

[7m47[0m     return this.prisma.department.update({ where: { id }, data });
[7m  [0m [91m                       ~~~~~~~~~~[0m

[96msrc/departments/departments.service.ts[0m:[93m53[0m:[93m50[0m - [91merror[0m[90m TS2353: [0mObject literal may only specify known properties, and 'departmentId' does not exist in type 'UserWhereInput'.

[7m53[0m     await this.prisma.user.updateMany({ where: { departmentId: id }, data: { departmentId: null } });
[7m  [0m [91m                                                 ~~~~~~~~~~~~[0m

  [96mnode_modules/.prisma/client/index.d.ts[0m:[93m6026[0m:[93m5[0m
    [7m6026[0m     where?: UserWhereInput
    [7m    [0m [96m    ~~~~~[0m
    The expected type comes from property 'where' which is declared here on type '{ data: (Without<UserUpdateManyMutationInput, UserUncheckedUpdateManyInput> & UserUncheckedUpdateManyInput) | (Without<...> & UserUpdateManyMutationInput); where?: UserWhereInput; }'

[96msrc/departments/departments.service.ts[0m:[93m53[0m:[93m78[0m - [91merror[0m[90m TS2353: [0mObject literal may only specify known properties, and 'departmentId' does not exist in type '(Without<UserUpdateManyMutationInput, UserUncheckedUpdateManyInput> & UserUncheckedUpdateManyInput) | (Without<...> & UserUpdateManyMutationInput)'.

[7m53[0m     await this.prisma.user.updateMany({ where: { departmentId: id }, data: { departmentId: null } });
[7m  [0m [91m                                                                             ~~~~~~~~~~~~[0m

  [96mnode_modules/.prisma/client/index.d.ts[0m:[93m6022[0m:[93m5[0m
    [7m6022[0m     data: XOR<UserUpdateManyMutationInput, UserUncheckedUpdateManyInput>
    [7m    [0m [96m    ~~~~[0m
    The expected type comes from property 'data' which is declared here on type '{ data: (Without<UserUpdateManyMutationInput, UserUncheckedUpdateManyInput> & UserUncheckedUpdateManyInput) | (Without<...> & UserUpdateManyMutationInput); where?: UserWhereInput; }'

[96msrc/departments/departments.service.ts[0m:[93m54[0m:[93m24[0m - [91merror[0m[90m TS2339: [0mProperty 'department' does not exist on type 'PrismaService'.

[7m54[0m     return this.prisma.department.delete({ where: { id } });
[7m  [0m [91m                       ~~~~~~~~~~[0m

[96msrc/departments/departments.service.ts[0m:[93m64[0m:[93m37[0m - [91merror[0m[90m TS2339: [0mProperty 'departmentPermission' does not exist on type 'PrismaService'.

[7m64[0m     const perms = await this.prisma.departmentPermission.findMany({
[7m  [0m [91m                                    ~~~~~~~~~~~~~~~~~~~~[0m

[96msrc/departments/departments.service.ts[0m:[93m93[0m:[93m24[0m - [91merror[0m[90m TS2339: [0mProperty 'departmentPermission' does not exist on type 'PrismaService'.

[7m93[0m     return this.prisma.departmentPermission.upsert({
[7m  [0m [91m                       ~~~~~~~~~~~~~~~~~~~~[0m

[96msrc/departments/departments.service.ts[0m:[93m112[0m:[93m9[0m - [91merror[0m[90m TS2353: [0mObject literal may only specify known properties, and 'department' does not exist in type 'UserInclude<DefaultArgs>'.

[7m112[0m         department: {
[7m   [0m [91m        ~~~~~~~~~~[0m

  [96mnode_modules/.prisma/client/index.d.ts[0m:[93m5836[0m:[93m5[0m
    [7m5836[0m     include?: UserInclude<ExtArgs> | null
    [7m    [0m [96m    ~~~~~~~[0m
    The expected type comes from property 'include' which is declared here on type '{ select?: UserSelect<DefaultArgs>; include?: UserInclude<DefaultArgs>; where?: UserWhereInput; orderBy?: UserOrderByWithRelationInput | UserOrderByWithRelationInput[]; cursor?: UserWhereUniqueInput; take?: number; skip?: number; distinct?: UserScalarFieldEnum | UserScalarFieldEnum[]; }'

[96msrc/departments/departments.service.ts[0m:[93m119[0m:[93m18[0m - [91merror[0m[90m TS2339: [0mProperty 'department' does not exist on type '{ id: string; isActive: boolean; organizationId: string; createdAt: Date; updatedAt: Date; email: string; password: string; firstName: string; lastName: string; avatar: string; phone: string; role: UserRole; refreshToken: string; lastLoginAt: Date; }'.

[7m119[0m     return user?.department || null;
[7m   [0m [91m                 ~~~~~~~~~~[0m

[96msrc/departments/departments.service.ts[0m:[93m123[0m:[93m36[0m - [91merror[0m[90m TS2339: [0mProperty 'department' does not exist on type 'PrismaService'.

[7m123[0m     const dept = await this.prisma.department.findFirst({ where: { id, organizationId: orgId } });
[7m   [0m [91m                                   ~~~~~~~~~~[0m

[[90m13:29:38[0m] Found 13 errors. Watching for file changes.

[2J[3J[H[[90m13:29:39[0m] File change detected. Starting incremental compilation...

[96msrc/departments/departments.service.ts[0m:[93m9[0m:[93m24[0m - [91merror[0m[90m TS2339: [0mProperty 'department' does not exist on type 'PrismaService'.

[7m9[0m     return this.prisma.department.findMany({
[7m [0m [91m                       ~~~~~~~~~~[0m

[96msrc/departments/departments.service.ts[0m:[93m20[0m:[93m36[0m - [91merror[0m[90m TS2339: [0mProperty 'department' does not exist on type 'PrismaService'.

[7m20[0m     const dept = await this.prisma.department.findFirst({
[7m  [0m [91m                                   ~~~~~~~~~~[0m

[96msrc/departments/departments.service.ts[0m:[93m33[0m:[93m40[0m - [91merror[0m[90m TS2339: [0mProperty 'department' does not exist on type 'PrismaService'.

[7m33[0m     const existing = await this.prisma.department.findFirst({ where: { slug, organizationId: orgId } });
[7m  [0m [91m                                       ~~~~~~~~~~[0m

[96msrc/departments/departments.service.ts[0m:[93m35[0m:[93m24[0m - [91merror[0m[90m TS2339: [0mProperty 'department' does not exist on type 'PrismaService'.

[7m35[0m     return this.prisma.department.create({
[7m  [0m [91m                       ~~~~~~~~~~[0m

[96msrc/departments/departments.service.ts[0m:[93m47[0m:[93m24[0m - [91merror[0m[90m TS2339: [0mProperty 'department' does not exist on type 'PrismaService'.

[7m47[0m     return this.prisma.department.update({ where: { id }, data });
[7m  [0m [91m                       ~~~~~~~~~~[0m

[96msrc/departments/departments.service.ts[0m:[93m53[0m:[93m50[0m - [91merror[0m[90m TS2353: [0mObject literal may only specify known properties, and 'departmentId' does not exist in type 'UserWhereInput'.

[7m53[0m     await this.prisma.user.updateMany({ where: { departmentId: id }, data: { departmentId: null } });
[7m  [0m [91m                                                 ~~~~~~~~~~~~[0m

  [96mnode_modules/.prisma/client/index.d.ts[0m:[93m6026[0m:[93m5[0m
    [7m6026[0m     where?: UserWhereInput
    [7m    [0m [96m    ~~~~~[0m
    The expected type comes from property 'where' which is declared here on type '{ data: (Without<UserUpdateManyMutationInput, UserUncheckedUpdateManyInput> & UserUncheckedUpdateManyInput) | (Without<...> & UserUpdateManyMutationInput); where?: UserWhereInput; }'

[96msrc/departments/departments.service.ts[0m:[93m53[0m:[93m78[0m - [91merror[0m[90m TS2353: [0mObject literal may only specify known properties, and 'departmentId' does not exist in type '(Without<UserUpdateManyMutationInput, UserUncheckedUpdateManyInput> & UserUncheckedUpdateManyInput) | (Without<...> & UserUpdateManyMutationInput)'.

[7m53[0m     await this.prisma.user.updateMany({ where: { departmentId: id }, data: { departmentId: null } });
[7m  [0m [91m                                                                             ~~~~~~~~~~~~[0m

  [96mnode_modules/.prisma/client/index.d.ts[0m:[93m6022[0m:[93m5[0m
    [7m6022[0m     data: XOR<UserUpdateManyMutationInput, UserUncheckedUpdateManyInput>
    [7m    [0m [96m    ~~~~[0m
    The expected type comes from property 'data' which is declared here on type '{ data: (Without<UserUpdateManyMutationInput, UserUncheckedUpdateManyInput> & UserUncheckedUpdateManyInput) | (Without<...> & UserUpdateManyMutationInput); where?: UserWhereInput; }'

[96msrc/departments/departments.service.ts[0m:[93m54[0m:[93m24[0m - [91merror[0m[90m TS2339: [0mProperty 'department' does not exist on type 'PrismaService'.

[7m54[0m     return this.prisma.department.delete({ where: { id } });
[7m  [0m [91m                       ~~~~~~~~~~[0m

[96msrc/departments/departments.service.ts[0m:[93m64[0m:[93m37[0m - [91merror[0m[90m TS2339: [0mProperty 'departmentPermission' does not exist on type 'PrismaService'.

[7m64[0m     const perms = await this.prisma.departmentPermission.findMany({
[7m  [0m [91m                                    ~~~~~~~~~~~~~~~~~~~~[0m

[96msrc/departments/departments.service.ts[0m:[93m93[0m:[93m24[0m - [91merror[0m[90m TS2339: [0mProperty 'departmentPermission' does not exist on type 'PrismaService'.

[7m93[0m     return this.prisma.departmentPermission.upsert({
[7m  [0m [91m                       ~~~~~~~~~~~~~~~~~~~~[0m

[96msrc/departments/departments.service.ts[0m:[93m112[0m:[93m9[0m - [91merror[0m[90m TS2353: [0mObject literal may only specify known properties, and 'department' does not exist in type 'UserInclude<DefaultArgs>'.

[7m112[0m         department: {
[7m   [0m [91m        ~~~~~~~~~~[0m

  [96mnode_modules/.prisma/client/index.d.ts[0m:[93m5836[0m:[93m5[0m
    [7m5836[0m     include?: UserInclude<ExtArgs> | null
    [7m    [0m [96m    ~~~~~~~[0m
    The expected type comes from property 'include' which is declared here on type '{ select?: UserSelect<DefaultArgs>; include?: UserInclude<DefaultArgs>; where?: UserWhereInput; orderBy?: UserOrderByWithRelationInput | UserOrderByWithRelationInput[]; cursor?: UserWhereUniqueInput; take?: number; skip?: number; distinct?: UserScalarFieldEnum | UserScalarFieldEnum[]; }'

[96msrc/departments/departments.service.ts[0m:[93m119[0m:[93m18[0m - [91merror[0m[90m TS2339: [0mProperty 'department' does not exist on type '{ id: string; isActive: boolean; organizationId: string; createdAt: Date; updatedAt: Date; email: string; password: string; firstName: string; lastName: string; avatar: string; phone: string; role: UserRole; refreshToken: string; lastLoginAt: Date; }'.

[7m119[0m     return user?.department || null;
[7m   [0m [91m                 ~~~~~~~~~~[0m

[96msrc/departments/departments.service.ts[0m:[93m123[0m:[93m36[0m - [91merror[0m[90m TS2339: [0mProperty 'department' does not exist on type 'PrismaService'.

[7m123[0m     const dept = await this.prisma.department.findFirst({ where: { id, organizationId: orgId } });
[7m   [0m [91m                                   ~~~~~~~~~~[0m

[[90m13:29:39[0m] Found 13 errors. Watching for file changes.

[2J[3J[H[[90m13:29:47[0m] File change detected. Starting incremental compilation...

[96msrc/departments/departments.service.ts[0m:[93m9[0m:[93m24[0m - [91merror[0m[90m TS2339: [0mProperty 'department' does not exist on type 'PrismaService'.

[7m9[0m     return this.prisma.department.findMany({
[7m [0m [91m                       ~~~~~~~~~~[0m

[96msrc/departments/departments.service.ts[0m:[93m20[0m:[93m36[0m - [91merror[0m[90m TS2339: [0mProperty 'department' does not exist on type 'PrismaService'.

[7m20[0m     const dept = await this.prisma.department.findFirst({
[7m  [0m [91m                                   ~~~~~~~~~~[0m

[96msrc/departments/departments.service.ts[0m:[93m33[0m:[93m40[0m - [91merror[0m[90m TS2339: [0mProperty 'department' does not exist on type 'PrismaService'.

[7m33[0m     const existing = await this.prisma.department.findFirst({ where: { slug, organizationId: orgId } });
[7m  [0m [91m                                       ~~~~~~~~~~[0m

[96msrc/departments/departments.service.ts[0m:[93m35[0m:[93m24[0m - [91merror[0m[90m TS2339: [0mProperty 'department' does not exist on type 'PrismaService'.

[7m35[0m     return this.prisma.department.create({
[7m  [0m [91m                       ~~~~~~~~~~[0m

[96msrc/departments/departments.service.ts[0m:[93m47[0m:[93m24[0m - [91merror[0m[90m TS2339: [0mProperty 'department' does not exist on type 'PrismaService'.

[7m47[0m     return this.prisma.department.update({ where: { id }, data });
[7m  [0m [91m                       ~~~~~~~~~~[0m

[96msrc/departments/departments.service.ts[0m:[93m53[0m:[93m50[0m - [91merror[0m[90m TS2353: [0mObject literal may only specify known properties, and 'departmentId' does not exist in type 'UserWhereInput'.

[7m53[0m     await this.prisma.user.updateMany({ where: { departmentId: id }, data: { departmentId: null } });
[7m  [0m [91m                                                 ~~~~~~~~~~~~[0m

  [96mnode_modules/.prisma/client/index.d.ts[0m:[93m6026[0m:[93m5[0m
    [7m6026[0m     where?: UserWhereInput
    [7m    [0m [96m    ~~~~~[0m
    The expected type comes from property 'where' which is declared here on type '{ data: (Without<UserUpdateManyMutationInput, UserUncheckedUpdateManyInput> & UserUncheckedUpdateManyInput) | (Without<...> & UserUpdateManyMutationInput); where?: UserWhereInput; }'

[96msrc/departments/departments.service.ts[0m:[93m53[0m:[93m78[0m - [91merror[0m[90m TS2353: [0mObject literal may only specify known properties, and 'departmentId' does not exist in type '(Without<UserUpdateManyMutationInput, UserUncheckedUpdateManyInput> & UserUncheckedUpdateManyInput) | (Without<...> & UserUpdateManyMutationInput)'.

[7m53[0m     await this.prisma.user.updateMany({ where: { departmentId: id }, data: { departmentId: null } });
[7m  [0m [91m                                                                             ~~~~~~~~~~~~[0m

  [96mnode_modules/.prisma/client/index.d.ts[0m:[93m6022[0m:[93m5[0m
    [7m6022[0m     data: XOR<UserUpdateManyMutationInput, UserUncheckedUpdateManyInput>
    [7m    [0m [96m    ~~~~[0m
    The expected type comes from property 'data' which is declared here on type '{ data: (Without<UserUpdateManyMutationInput, UserUncheckedUpdateManyInput> & UserUncheckedUpdateManyInput) | (Without<...> & UserUpdateManyMutationInput); where?: UserWhereInput; }'

[96msrc/departments/departments.service.ts[0m:[93m54[0m:[93m24[0m - [91merror[0m[90m TS2339: [0mProperty 'department' does not exist on type 'PrismaService'.

[7m54[0m     return this.prisma.department.delete({ where: { id } });
[7m  [0m [91m                       ~~~~~~~~~~[0m

[96msrc/departments/departments.service.ts[0m:[93m64[0m:[93m37[0m - [91merror[0m[90m TS2339: [0mProperty 'departmentPermission' does not exist on type 'PrismaService'.

[7m64[0m     const perms = await this.prisma.departmentPermission.findMany({
[7m  [0m [91m                                    ~~~~~~~~~~~~~~~~~~~~[0m

[96msrc/departments/departments.service.ts[0m:[93m93[0m:[93m24[0m - [91merror[0m[90m TS2339: [0mProperty 'departmentPermission' does not exist on type 'PrismaService'.

[7m93[0m     return this.prisma.departmentPermission.upsert({
[7m  [0m [91m                       ~~~~~~~~~~~~~~~~~~~~[0m

[96msrc/departments/departments.service.ts[0m:[93m112[0m:[93m9[0m - [91merror[0m[90m TS2353: [0mObject literal may only specify known properties, and 'department' does not exist in type 'UserInclude<DefaultArgs>'.

[7m112[0m         department: {
[7m   [0m [91m        ~~~~~~~~~~[0m

  [96mnode_modules/.prisma/client/index.d.ts[0m:[93m5836[0m:[93m5[0m
    [7m5836[0m     include?: UserInclude<ExtArgs> | null
    [7m    [0m [96m    ~~~~~~~[0m
    The expected type comes from property 'include' which is declared here on type '{ select?: UserSelect<DefaultArgs>; include?: UserInclude<DefaultArgs>; where?: UserWhereInput; orderBy?: UserOrderByWithRelationInput | UserOrderByWithRelationInput[]; cursor?: UserWhereUniqueInput; take?: number; skip?: number; distinct?: UserScalarFieldEnum | UserScalarFieldEnum[]; }'

[96msrc/departments/departments.service.ts[0m:[93m119[0m:[93m18[0m - [91merror[0m[90m TS2339: [0mProperty 'department' does not exist on type '{ id: string; isActive: boolean; organizationId: string; createdAt: Date; updatedAt: Date; email: string; password: string; firstName: string; lastName: string; avatar: string; phone: string; role: UserRole; refreshToken: string; lastLoginAt: Date; }'.

[7m119[0m     return user?.department || null;
[7m   [0m [91m                 ~~~~~~~~~~[0m

[96msrc/departments/departments.service.ts[0m:[93m123[0m:[93m36[0m - [91merror[0m[90m TS2339: [0mProperty 'department' does not exist on type 'PrismaService'.

[7m123[0m     const dept = await this.prisma.department.findFirst({ where: { id, organizationId: orgId } });
[7m   [0m [91m                                   ~~~~~~~~~~[0m

[[90m13:29:47[0m] Found 13 errors. Watching for file changes.

[2J[3J[H[[90m13:29:51[0m] File change detected. Starting incremental compilation...

[96msrc/departments/departments.service.ts[0m:[93m9[0m:[93m24[0m - [91merror[0m[90m TS2339: [0mProperty 'department' does not exist on type 'PrismaService'.

[7m9[0m     return this.prisma.department.findMany({
[7m [0m [91m                       ~~~~~~~~~~[0m

[96msrc/departments/departments.service.ts[0m:[93m20[0m:[93m36[0m - [91merror[0m[90m TS2339: [0mProperty 'department' does not exist on type 'PrismaService'.

[7m20[0m     const dept = await this.prisma.department.findFirst({
[7m  [0m [91m                                   ~~~~~~~~~~[0m

[96msrc/departments/departments.service.ts[0m:[93m33[0m:[93m40[0m - [91merror[0m[90m TS2339: [0mProperty 'department' does not exist on type 'PrismaService'.

[7m33[0m     const existing = await this.prisma.department.findFirst({ where: { slug, organizationId: orgId } });
[7m  [0m [91m                                       ~~~~~~~~~~[0m

[96msrc/departments/departments.service.ts[0m:[93m35[0m:[93m24[0m - [91merror[0m[90m TS2339: [0mProperty 'department' does not exist on type 'PrismaService'.

[7m35[0m     return this.prisma.department.create({
[7m  [0m [91m                       ~~~~~~~~~~[0m

[96msrc/departments/departments.service.ts[0m:[93m47[0m:[93m24[0m - [91merror[0m[90m TS2339: [0mProperty 'department' does not exist on type 'PrismaService'.

[7m47[0m     return this.prisma.department.update({ where: { id }, data });
[7m  [0m [91m                       ~~~~~~~~~~[0m

[96msrc/departments/departments.service.ts[0m:[93m53[0m:[93m50[0m - [91merror[0m[90m TS2353: [0mObject literal may only specify known properties, and 'departmentId' does not exist in type 'UserWhereInput'.

[7m53[0m     await this.prisma.user.updateMany({ where: { departmentId: id }, data: { departmentId: null } });
[7m  [0m [91m                                                 ~~~~~~~~~~~~[0m

  [96mnode_modules/.prisma/client/index.d.ts[0m:[93m6026[0m:[93m5[0m
    [7m6026[0m     where?: UserWhereInput
    [7m    [0m [96m    ~~~~~[0m
    The expected type comes from property 'where' which is declared here on type '{ data: (Without<UserUpdateManyMutationInput, UserUncheckedUpdateManyInput> & UserUncheckedUpdateManyInput) | (Without<...> & UserUpdateManyMutationInput); where?: UserWhereInput; }'

[96msrc/departments/departments.service.ts[0m:[93m53[0m:[93m78[0m - [91merror[0m[90m TS2353: [0mObject literal may only specify known properties, and 'departmentId' does not exist in type '(Without<UserUpdateManyMutationInput, UserUncheckedUpdateManyInput> & UserUncheckedUpdateManyInput) | (Without<...> & UserUpdateManyMutationInput)'.

[7m53[0m     await this.prisma.user.updateMany({ where: { departmentId: id }, data: { departmentId: null } });
[7m  [0m [91m                                                                             ~~~~~~~~~~~~[0m

  [96mnode_modules/.prisma/client/index.d.ts[0m:[93m6022[0m:[93m5[0m
    [7m6022[0m     data: XOR<UserUpdateManyMutationInput, UserUncheckedUpdateManyInput>
    [7m    [0m [96m    ~~~~[0m
    The expected type comes from property 'data' which is declared here on type '{ data: (Without<UserUpdateManyMutationInput, UserUncheckedUpdateManyInput> & UserUncheckedUpdateManyInput) | (Without<...> & UserUpdateManyMutationInput); where?: UserWhereInput; }'

[96msrc/departments/departments.service.ts[0m:[93m54[0m:[93m24[0m - [91merror[0m[90m TS2339: [0mProperty 'department' does not exist on type 'PrismaService'.

[7m54[0m     return this.prisma.department.delete({ where: { id } });
[7m  [0m [91m                       ~~~~~~~~~~[0m

[96msrc/departments/departments.service.ts[0m:[93m64[0m:[93m37[0m - [91merror[0m[90m TS2339: [0mProperty 'departmentPermission' does not exist on type 'PrismaService'.

[7m64[0m     const perms = await this.prisma.departmentPermission.findMany({
[7m  [0m [91m                                    ~~~~~~~~~~~~~~~~~~~~[0m

[96msrc/departments/departments.service.ts[0m:[93m93[0m:[93m24[0m - [91merror[0m[90m TS2339: [0mProperty 'departmentPermission' does not exist on type 'PrismaService'.

[7m93[0m     return this.prisma.departmentPermission.upsert({
[7m  [0m [91m                       ~~~~~~~~~~~~~~~~~~~~[0m

[96msrc/departments/departments.service.ts[0m:[93m112[0m:[93m9[0m - [91merror[0m[90m TS2353: [0mObject literal may only specify known properties, and 'department' does not exist in type 'UserInclude<DefaultArgs>'.

[7m112[0m         department: {
[7m   [0m [91m        ~~~~~~~~~~[0m

  [96mnode_modules/.prisma/client/index.d.ts[0m:[93m5836[0m:[93m5[0m
    [7m5836[0m     include?: UserInclude<ExtArgs> | null
    [7m    [0m [96m    ~~~~~~~[0m
    The expected type comes from property 'include' which is declared here on type '{ select?: UserSelect<DefaultArgs>; include?: UserInclude<DefaultArgs>; where?: UserWhereInput; orderBy?: UserOrderByWithRelationInput | UserOrderByWithRelationInput[]; cursor?: UserWhereUniqueInput; take?: number; skip?: number; distinct?: UserScalarFieldEnum | UserScalarFieldEnum[]; }'

[96msrc/departments/departments.service.ts[0m:[93m119[0m:[93m18[0m - [91merror[0m[90m TS2339: [0mProperty 'department' does not exist on type '{ id: string; isActive: boolean; organizationId: string; createdAt: Date; updatedAt: Date; email: string; password: string; firstName: string; lastName: string; avatar: string; phone: string; role: UserRole; refreshToken: string; lastLoginAt: Date; }'.

[7m119[0m     return user?.department || null;
[7m   [0m [91m                 ~~~~~~~~~~[0m

[96msrc/departments/departments.service.ts[0m:[93m123[0m:[93m36[0m - [91merror[0m[90m TS2339: [0mProperty 'department' does not exist on type 'PrismaService'.

[7m123[0m     const dept = await this.prisma.department.findFirst({ where: { id, organizationId: orgId } });
[7m   [0m [91m                                   ~~~~~~~~~~[0m

[[90m13:29:51[0m] Found 13 errors. Watching for file changes.

[2J[3J[H[[90m13:30:18[0m] File change detected. Starting incremental compilation...

[96msrc/departments/departments.service.ts[0m:[93m9[0m:[93m24[0m - [91merror[0m[90m TS2339: [0mProperty 'department' does not exist on type 'PrismaService'.

[7m9[0m     return this.prisma.department.findMany({
[7m [0m [91m                       ~~~~~~~~~~[0m

[96msrc/departments/departments.service.ts[0m:[93m20[0m:[93m36[0m - [91merror[0m[90m TS2339: [0mProperty 'department' does not exist on type 'PrismaService'.

[7m20[0m     const dept = await this.prisma.department.findFirst({
[7m  [0m [91m                                   ~~~~~~~~~~[0m

[96msrc/departments/departments.service.ts[0m:[93m33[0m:[93m40[0m - [91merror[0m[90m TS2339: [0mProperty 'department' does not exist on type 'PrismaService'.

[7m33[0m     const existing = await this.prisma.department.findFirst({ where: { slug, organizationId: orgId } });
[7m  [0m [91m                                       ~~~~~~~~~~[0m

[96msrc/departments/departments.service.ts[0m:[93m35[0m:[93m24[0m - [91merror[0m[90m TS2339: [0mProperty 'department' does not exist on type 'PrismaService'.

[7m35[0m     return this.prisma.department.create({
[7m  [0m [91m                       ~~~~~~~~~~[0m

[96msrc/departments/departments.service.ts[0m:[93m47[0m:[93m24[0m - [91merror[0m[90m TS2339: [0mProperty 'department' does not exist on type 'PrismaService'.

[7m47[0m     return this.prisma.department.update({ where: { id }, data });
[7m  [0m [91m                       ~~~~~~~~~~[0m

[96msrc/departments/departments.service.ts[0m:[93m53[0m:[93m50[0m - [91merror[0m[90m TS2353: [0mObject literal may only specify known properties, and 'departmentId' does not exist in type 'UserWhereInput'.

[7m53[0m     await this.prisma.user.updateMany({ where: { departmentId: id }, data: { departmentId: null } });
[7m  [0m [91m                                                 ~~~~~~~~~~~~[0m

  [96mnode_modules/.prisma/client/index.d.ts[0m:[93m6026[0m:[93m5[0m
    [7m6026[0m     where?: UserWhereInput
    [7m    [0m [96m    ~~~~~[0m
    The expected type comes from property 'where' which is declared here on type '{ data: (Without<UserUpdateManyMutationInput, UserUncheckedUpdateManyInput> & UserUncheckedUpdateManyInput) | (Without<...> & UserUpdateManyMutationInput); where?: UserWhereInput; }'

[96msrc/departments/departments.service.ts[0m:[93m53[0m:[93m78[0m - [91merror[0m[90m TS2353: [0mObject literal may only specify known properties, and 'departmentId' does not exist in type '(Without<UserUpdateManyMutationInput, UserUncheckedUpdateManyInput> & UserUncheckedUpdateManyInput) | (Without<...> & UserUpdateManyMutationInput)'.

[7m53[0m     await this.prisma.user.updateMany({ where: { departmentId: id }, data: { departmentId: null } });
[7m  [0m [91m                                                                             ~~~~~~~~~~~~[0m

  [96mnode_modules/.prisma/client/index.d.ts[0m:[93m6022[0m:[93m5[0m
    [7m6022[0m     data: XOR<UserUpdateManyMutationInput, UserUncheckedUpdateManyInput>
    [7m    [0m [96m    ~~~~[0m
    The expected type comes from property 'data' which is declared here on type '{ data: (Without<UserUpdateManyMutationInput, UserUncheckedUpdateManyInput> & UserUncheckedUpdateManyInput) | (Without<...> & UserUpdateManyMutationInput); where?: UserWhereInput; }'

[96msrc/departments/departments.service.ts[0m:[93m54[0m:[93m24[0m - [91merror[0m[90m TS2339: [0mProperty 'department' does not exist on type 'PrismaService'.

[7m54[0m     return this.prisma.department.delete({ where: { id } });
[7m  [0m [91m                       ~~~~~~~~~~[0m

[96msrc/departments/departments.service.ts[0m:[93m64[0m:[93m37[0m - [91merror[0m[90m TS2339: [0mProperty 'departmentPermission' does not exist on type 'PrismaService'.

[7m64[0m     const perms = await this.prisma.departmentPermission.findMany({
[7m  [0m [91m                                    ~~~~~~~~~~~~~~~~~~~~[0m

[96msrc/departments/departments.service.ts[0m:[93m93[0m:[93m24[0m - [91merror[0m[90m TS2339: [0mProperty 'departmentPermission' does not exist on type 'PrismaService'.

[7m93[0m     return this.prisma.departmentPermission.upsert({
[7m  [0m [91m                       ~~~~~~~~~~~~~~~~~~~~[0m

[96msrc/departments/departments.service.ts[0m:[93m112[0m:[93m9[0m - [91merror[0m[90m TS2353: [0mObject literal may only specify known properties, and 'department' does not exist in type 'UserInclude<DefaultArgs>'.

[7m112[0m         department: {
[7m   [0m [91m        ~~~~~~~~~~[0m

  [96mnode_modules/.prisma/client/index.d.ts[0m:[93m5836[0m:[93m5[0m
    [7m5836[0m     include?: UserInclude<ExtArgs> | null
    [7m    [0m [96m    ~~~~~~~[0m
    The expected type comes from property 'include' which is declared here on type '{ select?: UserSelect<DefaultArgs>; include?: UserInclude<DefaultArgs>; where?: UserWhereInput; orderBy?: UserOrderByWithRelationInput | UserOrderByWithRelationInput[]; cursor?: UserWhereUniqueInput; take?: number; skip?: number; distinct?: UserScalarFieldEnum | UserScalarFieldEnum[]; }'

[96msrc/departments/departments.service.ts[0m:[93m119[0m:[93m18[0m - [91merror[0m[90m TS2339: [0mProperty 'department' does not exist on type '{ id: string; isActive: boolean; organizationId: string; createdAt: Date; updatedAt: Date; email: string; password: string; firstName: string; lastName: string; avatar: string; phone: string; role: UserRole; refreshToken: string; lastLoginAt: Date; }'.

[7m119[0m     return user?.department || null;
[7m   [0m [91m                 ~~~~~~~~~~[0m

[96msrc/departments/departments.service.ts[0m:[93m123[0m:[93m36[0m - [91merror[0m[90m TS2339: [0mProperty 'department' does not exist on type 'PrismaService'.

[7m123[0m     const dept = await this.prisma.department.findFirst({ where: { id, organizationId: orgId } });
[7m   [0m [91m                                   ~~~~~~~~~~[0m

[96msrc/email/email.service.ts[0m:[93m33[0m:[93m39[0m - [91merror[0m[90m TS2307: [0mCannot find module 'nodemailer' or its corresponding type declarations.

[7m33[0m       const nodemailer = await import('nodemailer').catch(() => null);
[7m  [0m [91m                                      ~~~~~~~~~~~~[0m

[[90m13:30:18[0m] Found 14 errors. Watching for file changes.

[2J[3J[H[[90m13:30:22[0m] File change detected. Starting incremental compilation...

[96msrc/departments/departments.service.ts[0m:[93m9[0m:[93m24[0m - [91merror[0m[90m TS2339: [0mProperty 'department' does not exist on type 'PrismaService'.

[7m9[0m     return this.prisma.department.findMany({
[7m [0m [91m                       ~~~~~~~~~~[0m

[96msrc/departments/departments.service.ts[0m:[93m20[0m:[93m36[0m - [91merror[0m[90m TS2339: [0mProperty 'department' does not exist on type 'PrismaService'.

[7m20[0m     const dept = await this.prisma.department.findFirst({
[7m  [0m [91m                                   ~~~~~~~~~~[0m

[96msrc/departments/departments.service.ts[0m:[93m33[0m:[93m40[0m - [91merror[0m[90m TS2339: [0mProperty 'department' does not exist on type 'PrismaService'.

[7m33[0m     const existing = await this.prisma.department.findFirst({ where: { slug, organizationId: orgId } });
[7m  [0m [91m                                       ~~~~~~~~~~[0m

[96msrc/departments/departments.service.ts[0m:[93m35[0m:[93m24[0m - [91merror[0m[90m TS2339: [0mProperty 'department' does not exist on type 'PrismaService'.

[7m35[0m     return this.prisma.department.create({
[7m  [0m [91m                       ~~~~~~~~~~[0m

[96msrc/departments/departments.service.ts[0m:[93m47[0m:[93m24[0m - [91merror[0m[90m TS2339: [0mProperty 'department' does not exist on type 'PrismaService'.

[7m47[0m     return this.prisma.department.update({ where: { id }, data });
[7m  [0m [91m                       ~~~~~~~~~~[0m

[96msrc/departments/departments.service.ts[0m:[93m53[0m:[93m50[0m - [91merror[0m[90m TS2353: [0mObject literal may only specify known properties, and 'departmentId' does not exist in type 'UserWhereInput'.

[7m53[0m     await this.prisma.user.updateMany({ where: { departmentId: id }, data: { departmentId: null } });
[7m  [0m [91m                                                 ~~~~~~~~~~~~[0m

  [96mnode_modules/.prisma/client/index.d.ts[0m:[93m6026[0m:[93m5[0m
    [7m6026[0m     where?: UserWhereInput
    [7m    [0m [96m    ~~~~~[0m
    The expected type comes from property 'where' which is declared here on type '{ data: (Without<UserUpdateManyMutationInput, UserUncheckedUpdateManyInput> & UserUncheckedUpdateManyInput) | (Without<...> & UserUpdateManyMutationInput); where?: UserWhereInput; }'

[96msrc/departments/departments.service.ts[0m:[93m53[0m:[93m78[0m - [91merror[0m[90m TS2353: [0mObject literal may only specify known properties, and 'departmentId' does not exist in type '(Without<UserUpdateManyMutationInput, UserUncheckedUpdateManyInput> & UserUncheckedUpdateManyInput) | (Without<...> & UserUpdateManyMutationInput)'.

[7m53[0m     await this.prisma.user.updateMany({ where: { departmentId: id }, data: { departmentId: null } });
[7m  [0m [91m                                                                             ~~~~~~~~~~~~[0m

  [96mnode_modules/.prisma/client/index.d.ts[0m:[93m6022[0m:[93m5[0m
    [7m6022[0m     data: XOR<UserUpdateManyMutationInput, UserUncheckedUpdateManyInput>
    [7m    [0m [96m    ~~~~[0m
    The expected type comes from property 'data' which is declared here on type '{ data: (Without<UserUpdateManyMutationInput, UserUncheckedUpdateManyInput> & UserUncheckedUpdateManyInput) | (Without<...> & UserUpdateManyMutationInput); where?: UserWhereInput; }'

[96msrc/departments/departments.service.ts[0m:[93m54[0m:[93m24[0m - [91merror[0m[90m TS2339: [0mProperty 'department' does not exist on type 'PrismaService'.

[7m54[0m     return this.prisma.department.delete({ where: { id } });
[7m  [0m [91m                       ~~~~~~~~~~[0m

[96msrc/departments/departments.service.ts[0m:[93m64[0m:[93m37[0m - [91merror[0m[90m TS2339: [0mProperty 'departmentPermission' does not exist on type 'PrismaService'.

[7m64[0m     const perms = await this.prisma.departmentPermission.findMany({
[7m  [0m [91m                                    ~~~~~~~~~~~~~~~~~~~~[0m

[96msrc/departments/departments.service.ts[0m:[93m93[0m:[93m24[0m - [91merror[0m[90m TS2339: [0mProperty 'departmentPermission' does not exist on type 'PrismaService'.

[7m93[0m     return this.prisma.departmentPermission.upsert({
[7m  [0m [91m                       ~~~~~~~~~~~~~~~~~~~~[0m

[96msrc/departments/departments.service.ts[0m:[93m112[0m:[93m9[0m - [91merror[0m[90m TS2353: [0mObject literal may only specify known properties, and 'department' does not exist in type 'UserInclude<DefaultArgs>'.

[7m112[0m         department: {
[7m   [0m [91m        ~~~~~~~~~~[0m

  [96mnode_modules/.prisma/client/index.d.ts[0m:[93m5836[0m:[93m5[0m
    [7m5836[0m     include?: UserInclude<ExtArgs> | null
    [7m    [0m [96m    ~~~~~~~[0m
    The expected type comes from property 'include' which is declared here on type '{ select?: UserSelect<DefaultArgs>; include?: UserInclude<DefaultArgs>; where?: UserWhereInput; orderBy?: UserOrderByWithRelationInput | UserOrderByWithRelationInput[]; cursor?: UserWhereUniqueInput; take?: number; skip?: number; distinct?: UserScalarFieldEnum | UserScalarFieldEnum[]; }'

[96msrc/departments/departments.service.ts[0m:[93m119[0m:[93m18[0m - [91merror[0m[90m TS2339: [0mProperty 'department' does not exist on type '{ id: string; isActive: boolean; organizationId: string; createdAt: Date; updatedAt: Date; email: string; password: string; firstName: string; lastName: string; avatar: string; phone: string; role: UserRole; refreshToken: string; lastLoginAt: Date; }'.

[7m119[0m     return user?.department || null;
[7m   [0m [91m                 ~~~~~~~~~~[0m

[96msrc/departments/departments.service.ts[0m:[93m123[0m:[93m36[0m - [91merror[0m[90m TS2339: [0mProperty 'department' does not exist on type 'PrismaService'.

[7m123[0m     const dept = await this.prisma.department.findFirst({ where: { id, organizationId: orgId } });
[7m   [0m [91m                                   ~~~~~~~~~~[0m

[96msrc/email/email.service.ts[0m:[93m33[0m:[93m39[0m - [91merror[0m[90m TS2307: [0mCannot find module 'nodemailer' or its corresponding type declarations.

[7m33[0m       const nodemailer = await import('nodemailer').catch(() => null);
[7m  [0m [91m                                      ~~~~~~~~~~~~[0m

[[90m13:30:22[0m] Found 14 errors. Watching for file changes.

[2J[3J[H[[90m13:31:15[0m] File change detected. Starting incremental compilation...

[96msrc/departments/departments.service.ts[0m:[93m9[0m:[93m24[0m - [91merror[0m[90m TS2339: [0mProperty 'department' does not exist on type 'PrismaService'.

[7m9[0m     return this.prisma.department.findMany({
[7m [0m [91m                       ~~~~~~~~~~[0m

[96msrc/departments/departments.service.ts[0m:[93m20[0m:[93m36[0m - [91merror[0m[90m TS2339: [0mProperty 'department' does not exist on type 'PrismaService'.

[7m20[0m     const dept = await this.prisma.department.findFirst({
[7m  [0m [91m                                   ~~~~~~~~~~[0m

[96msrc/departments/departments.service.ts[0m:[93m33[0m:[93m40[0m - [91merror[0m[90m TS2339: [0mProperty 'department' does not exist on type 'PrismaService'.

[7m33[0m     const existing = await this.prisma.department.findFirst({ where: { slug, organizationId: orgId } });
[7m  [0m [91m                                       ~~~~~~~~~~[0m

[96msrc/departments/departments.service.ts[0m:[93m35[0m:[93m24[0m - [91merror[0m[90m TS2339: [0mProperty 'department' does not exist on type 'PrismaService'.

[7m35[0m     return this.prisma.department.create({
[7m  [0m [91m                       ~~~~~~~~~~[0m

[96msrc/departments/departments.service.ts[0m:[93m47[0m:[93m24[0m - [91merror[0m[90m TS2339: [0mProperty 'department' does not exist on type 'PrismaService'.

[7m47[0m     return this.prisma.department.update({ where: { id }, data });
[7m  [0m [91m                       ~~~~~~~~~~[0m

[96msrc/departments/departments.service.ts[0m:[93m53[0m:[93m50[0m - [91merror[0m[90m TS2353: [0mObject literal may only specify known properties, and 'departmentId' does not exist in type 'UserWhereInput'.

[7m53[0m     await this.prisma.user.updateMany({ where: { departmentId: id }, data: { departmentId: null } });
[7m  [0m [91m                                                 ~~~~~~~~~~~~[0m

  [96mnode_modules/.prisma/client/index.d.ts[0m:[93m6026[0m:[93m5[0m
    [7m6026[0m     where?: UserWhereInput
    [7m    [0m [96m    ~~~~~[0m
    The expected type comes from property 'where' which is declared here on type '{ data: (Without<UserUpdateManyMutationInput, UserUncheckedUpdateManyInput> & UserUncheckedUpdateManyInput) | (Without<...> & UserUpdateManyMutationInput); where?: UserWhereInput; }'

[96msrc/departments/departments.service.ts[0m:[93m53[0m:[93m78[0m - [91merror[0m[90m TS2353: [0mObject literal may only specify known properties, and 'departmentId' does not exist in type '(Without<UserUpdateManyMutationInput, UserUncheckedUpdateManyInput> & UserUncheckedUpdateManyInput) | (Without<...> & UserUpdateManyMutationInput)'.

[7m53[0m     await this.prisma.user.updateMany({ where: { departmentId: id }, data: { departmentId: null } });
[7m  [0m [91m                                                                             ~~~~~~~~~~~~[0m

  [96mnode_modules/.prisma/client/index.d.ts[0m:[93m6022[0m:[93m5[0m
    [7m6022[0m     data: XOR<UserUpdateManyMutationInput, UserUncheckedUpdateManyInput>
    [7m    [0m [96m    ~~~~[0m
    The expected type comes from property 'data' which is declared here on type '{ data: (Without<UserUpdateManyMutationInput, UserUncheckedUpdateManyInput> & UserUncheckedUpdateManyInput) | (Without<...> & UserUpdateManyMutationInput); where?: UserWhereInput; }'

[96msrc/departments/departments.service.ts[0m:[93m54[0m:[93m24[0m - [91merror[0m[90m TS2339: [0mProperty 'department' does not exist on type 'PrismaService'.

[7m54[0m     return this.prisma.department.delete({ where: { id } });
[7m  [0m [91m                       ~~~~~~~~~~[0m

[96msrc/departments/departments.service.ts[0m:[93m64[0m:[93m37[0m - [91merror[0m[90m TS2339: [0mProperty 'departmentPermission' does not exist on type 'PrismaService'.

[7m64[0m     const perms = await this.prisma.departmentPermission.findMany({
[7m  [0m [91m                                    ~~~~~~~~~~~~~~~~~~~~[0m

[96msrc/departments/departments.service.ts[0m:[93m93[0m:[93m24[0m - [91merror[0m[90m TS2339: [0mProperty 'departmentPermission' does not exist on type 'PrismaService'.

[7m93[0m     return this.prisma.departmentPermission.upsert({
[7m  [0m [91m                       ~~~~~~~~~~~~~~~~~~~~[0m

[96msrc/departments/departments.service.ts[0m:[93m112[0m:[93m9[0m - [91merror[0m[90m TS2353: [0mObject literal may only specify known properties, and 'department' does not exist in type 'UserInclude<DefaultArgs>'.

[7m112[0m         department: {
[7m   [0m [91m        ~~~~~~~~~~[0m

  [96mnode_modules/.prisma/client/index.d.ts[0m:[93m5836[0m:[93m5[0m
    [7m5836[0m     include?: UserInclude<ExtArgs> | null
    [7m    [0m [96m    ~~~~~~~[0m
    The expected type comes from property 'include' which is declared here on type '{ select?: UserSelect<DefaultArgs>; include?: UserInclude<DefaultArgs>; where?: UserWhereInput; orderBy?: UserOrderByWithRelationInput | UserOrderByWithRelationInput[]; cursor?: UserWhereUniqueInput; take?: number; skip?: number; distinct?: UserScalarFieldEnum | UserScalarFieldEnum[]; }'

[96msrc/departments/departments.service.ts[0m:[93m119[0m:[93m18[0m - [91merror[0m[90m TS2339: [0mProperty 'department' does not exist on type '{ id: string; isActive: boolean; organizationId: string; createdAt: Date; updatedAt: Date; email: string; password: string; firstName: string; lastName: string; avatar: string; phone: string; role: UserRole; refreshToken: string; lastLoginAt: Date; }'.

[7m119[0m     return user?.department || null;
[7m   [0m [91m                 ~~~~~~~~~~[0m

[96msrc/departments/departments.service.ts[0m:[93m123[0m:[93m36[0m - [91merror[0m[90m TS2339: [0mProperty 'department' does not exist on type 'PrismaService'.

[7m123[0m     const dept = await this.prisma.department.findFirst({ where: { id, organizationId: orgId } });
[7m   [0m [91m                                   ~~~~~~~~~~[0m

[96msrc/email/email.service.ts[0m:[93m33[0m:[93m39[0m - [91merror[0m[90m TS2307: [0mCannot find module 'nodemailer' or its corresponding type declarations.

[7m33[0m       const nodemailer = await import('nodemailer').catch(() => null);
[7m  [0m [91m                                      ~~~~~~~~~~~~[0m

[96msrc/users/users.service.ts[0m:[93m67[0m:[93m9[0m - [91merror[0m[90m TS2353: [0mObject literal may only specify known properties, and 'departmentId' does not exist in type '(Without<UserCreateInput, UserUncheckedCreateInput> & UserUncheckedCreateInput) | (Without<...> & UserCreateInput)'.

[7m67[0m         departmentId: data.departmentId || null,
[7m  [0m [91m        ~~~~~~~~~~~~[0m

  [96mnode_modules/.prisma/client/index.d.ts[0m:[93m5979[0m:[93m5[0m
    [7m5979[0m     data: XOR<UserCreateInput, UserUncheckedCreateInput>
    [7m    [0m [96m    ~~~~[0m
    The expected type comes from property 'data' which is declared here on type '{ select?: UserSelect<DefaultArgs>; include?: UserInclude<DefaultArgs>; data: (Without<UserCreateInput, UserUncheckedCreateInput> & UserUncheckedCreateInput) | (Without<...> & UserCreateInput); }'

[96msrc/users/users.service.ts[0m:[93m156[0m:[93m49[0m - [91merror[0m[90m TS2339: [0mProperty 'departmentPermission' does not exist on type 'PrismaService'.

[7m156[0m       departmentPermissions = await this.prisma.departmentPermission.findMany({
[7m   [0m [91m                                                ~~~~~~~~~~~~~~~~~~~~[0m

[[90m13:31:16[0m] Found 16 errors. Watching for file changes.

[2J[3J[H[[90m13:31:33[0m] File change detected. Starting incremental compilation...

[96msrc/departments/departments.service.ts[0m:[93m9[0m:[93m24[0m - [91merror[0m[90m TS2339: [0mProperty 'department' does not exist on type 'PrismaService'.

[7m9[0m     return this.prisma.department.findMany({
[7m [0m [91m                       ~~~~~~~~~~[0m

[96msrc/departments/departments.service.ts[0m:[93m20[0m:[93m36[0m - [91merror[0m[90m TS2339: [0mProperty 'department' does not exist on type 'PrismaService'.

[7m20[0m     const dept = await this.prisma.department.findFirst({
[7m  [0m [91m                                   ~~~~~~~~~~[0m

[96msrc/departments/departments.service.ts[0m:[93m33[0m:[93m40[0m - [91merror[0m[90m TS2339: [0mProperty 'department' does not exist on type 'PrismaService'.

[7m33[0m     const existing = await this.prisma.department.findFirst({ where: { slug, organizationId: orgId } });
[7m  [0m [91m                                       ~~~~~~~~~~[0m

[96msrc/departments/departments.service.ts[0m:[93m35[0m:[93m24[0m - [91merror[0m[90m TS2339: [0mProperty 'department' does not exist on type 'PrismaService'.

[7m35[0m     return this.prisma.department.create({
[7m  [0m [91m                       ~~~~~~~~~~[0m

[96msrc/departments/departments.service.ts[0m:[93m47[0m:[93m24[0m - [91merror[0m[90m TS2339: [0mProperty 'department' does not exist on type 'PrismaService'.

[7m47[0m     return this.prisma.department.update({ where: { id }, data });
[7m  [0m [91m                       ~~~~~~~~~~[0m

[96msrc/departments/departments.service.ts[0m:[93m53[0m:[93m50[0m - [91merror[0m[90m TS2353: [0mObject literal may only specify known properties, and 'departmentId' does not exist in type 'UserWhereInput'.

[7m53[0m     await this.prisma.user.updateMany({ where: { departmentId: id }, data: { departmentId: null } });
[7m  [0m [91m                                                 ~~~~~~~~~~~~[0m

  [96mnode_modules/.prisma/client/index.d.ts[0m:[93m6026[0m:[93m5[0m
    [7m6026[0m     where?: UserWhereInput
    [7m    [0m [96m    ~~~~~[0m
    The expected type comes from property 'where' which is declared here on type '{ data: (Without<UserUpdateManyMutationInput, UserUncheckedUpdateManyInput> & UserUncheckedUpdateManyInput) | (Without<...> & UserUpdateManyMutationInput); where?: UserWhereInput; }'

[96msrc/departments/departments.service.ts[0m:[93m53[0m:[93m78[0m - [91merror[0m[90m TS2353: [0mObject literal may only specify known properties, and 'departmentId' does not exist in type '(Without<UserUpdateManyMutationInput, UserUncheckedUpdateManyInput> & UserUncheckedUpdateManyInput) | (Without<...> & UserUpdateManyMutationInput)'.

[7m53[0m     await this.prisma.user.updateMany({ where: { departmentId: id }, data: { departmentId: null } });
[7m  [0m [91m                                                                             ~~~~~~~~~~~~[0m

  [96mnode_modules/.prisma/client/index.d.ts[0m:[93m6022[0m:[93m5[0m
    [7m6022[0m     data: XOR<UserUpdateManyMutationInput, UserUncheckedUpdateManyInput>
    [7m    [0m [96m    ~~~~[0m
    The expected type comes from property 'data' which is declared here on type '{ data: (Without<UserUpdateManyMutationInput, UserUncheckedUpdateManyInput> & UserUncheckedUpdateManyInput) | (Without<...> & UserUpdateManyMutationInput); where?: UserWhereInput; }'

[96msrc/departments/departments.service.ts[0m:[93m54[0m:[93m24[0m - [91merror[0m[90m TS2339: [0mProperty 'department' does not exist on type 'PrismaService'.

[7m54[0m     return this.prisma.department.delete({ where: { id } });
[7m  [0m [91m                       ~~~~~~~~~~[0m

[96msrc/departments/departments.service.ts[0m:[93m64[0m:[93m37[0m - [91merror[0m[90m TS2339: [0mProperty 'departmentPermission' does not exist on type 'PrismaService'.

[7m64[0m     const perms = await this.prisma.departmentPermission.findMany({
[7m  [0m [91m                                    ~~~~~~~~~~~~~~~~~~~~[0m

[96msrc/departments/departments.service.ts[0m:[93m93[0m:[93m24[0m - [91merror[0m[90m TS2339: [0mProperty 'departmentPermission' does not exist on type 'PrismaService'.

[7m93[0m     return this.prisma.departmentPermission.upsert({
[7m  [0m [91m                       ~~~~~~~~~~~~~~~~~~~~[0m

[96msrc/departments/departments.service.ts[0m:[93m112[0m:[93m9[0m - [91merror[0m[90m TS2353: [0mObject literal may only specify known properties, and 'department' does not exist in type 'UserInclude<DefaultArgs>'.

[7m112[0m         department: {
[7m   [0m [91m        ~~~~~~~~~~[0m

  [96mnode_modules/.prisma/client/index.d.ts[0m:[93m5836[0m:[93m5[0m
    [7m5836[0m     include?: UserInclude<ExtArgs> | null
    [7m    [0m [96m    ~~~~~~~[0m
    The expected type comes from property 'include' which is declared here on type '{ select?: UserSelect<DefaultArgs>; include?: UserInclude<DefaultArgs>; where?: UserWhereInput; orderBy?: UserOrderByWithRelationInput | UserOrderByWithRelationInput[]; cursor?: UserWhereUniqueInput; take?: number; skip?: number; distinct?: UserScalarFieldEnum | UserScalarFieldEnum[]; }'

[96msrc/departments/departments.service.ts[0m:[93m119[0m:[93m18[0m - [91merror[0m[90m TS2339: [0mProperty 'department' does not exist on type '{ id: string; isActive: boolean; organizationId: string; createdAt: Date; updatedAt: Date; email: string; password: string; firstName: string; lastName: string; avatar: string; phone: string; role: UserRole; refreshToken: string; lastLoginAt: Date; }'.

[7m119[0m     return user?.department || null;
[7m   [0m [91m                 ~~~~~~~~~~[0m

[96msrc/departments/departments.service.ts[0m:[93m123[0m:[93m36[0m - [91merror[0m[90m TS2339: [0mProperty 'department' does not exist on type 'PrismaService'.

[7m123[0m     const dept = await this.prisma.department.findFirst({ where: { id, organizationId: orgId } });
[7m   [0m [91m                                   ~~~~~~~~~~[0m

[96msrc/email/email.service.ts[0m:[93m33[0m:[93m39[0m - [91merror[0m[90m TS2307: [0mCannot find module 'nodemailer' or its corresponding type declarations.

[7m33[0m       const nodemailer = await import('nodemailer').catch(() => null);
[7m  [0m [91m                                      ~~~~~~~~~~~~[0m

[96msrc/users/users.service.ts[0m:[93m67[0m:[93m9[0m - [91merror[0m[90m TS2353: [0mObject literal may only specify known properties, and 'departmentId' does not exist in type '(Without<UserCreateInput, UserUncheckedCreateInput> & UserUncheckedCreateInput) | (Without<...> & UserCreateInput)'.

[7m67[0m         departmentId: data.departmentId || null,
[7m  [0m [91m        ~~~~~~~~~~~~[0m

  [96mnode_modules/.prisma/client/index.d.ts[0m:[93m5979[0m:[93m5[0m
    [7m5979[0m     data: XOR<UserCreateInput, UserUncheckedCreateInput>
    [7m    [0m [96m    ~~~~[0m
    The expected type comes from property 'data' which is declared here on type '{ select?: UserSelect<DefaultArgs>; include?: UserInclude<DefaultArgs>; data: (Without<UserCreateInput, UserUncheckedCreateInput> & UserUncheckedCreateInput) | (Without<...> & UserCreateInput); }'

[96msrc/users/users.service.ts[0m:[93m156[0m:[93m49[0m - [91merror[0m[90m TS2339: [0mProperty 'departmentPermission' does not exist on type 'PrismaService'.

[7m156[0m       departmentPermissions = await this.prisma.departmentPermission.findMany({
[7m   [0m [91m                                                ~~~~~~~~~~~~~~~~~~~~[0m

[[90m13:31:33[0m] Found 16 errors. Watching for file changes.

[2J[3J[H[[90m13:31:45[0m] File change detected. Starting incremental compilation...

[96msrc/departments/departments.service.ts[0m:[93m9[0m:[93m24[0m - [91merror[0m[90m TS2339: [0mProperty 'department' does not exist on type 'PrismaService'.

[7m9[0m     return this.prisma.department.findMany({
[7m [0m [91m                       ~~~~~~~~~~[0m

[96msrc/departments/departments.service.ts[0m:[93m20[0m:[93m36[0m - [91merror[0m[90m TS2339: [0mProperty 'department' does not exist on type 'PrismaService'.

[7m20[0m     const dept = await this.prisma.department.findFirst({
[7m  [0m [91m                                   ~~~~~~~~~~[0m

[96msrc/departments/departments.service.ts[0m:[93m33[0m:[93m40[0m - [91merror[0m[90m TS2339: [0mProperty 'department' does not exist on type 'PrismaService'.

[7m33[0m     const existing = await this.prisma.department.findFirst({ where: { slug, organizationId: orgId } });
[7m  [0m [91m                                       ~~~~~~~~~~[0m

[96msrc/departments/departments.service.ts[0m:[93m35[0m:[93m24[0m - [91merror[0m[90m TS2339: [0mProperty 'department' does not exist on type 'PrismaService'.

[7m35[0m     return this.prisma.department.create({
[7m  [0m [91m                       ~~~~~~~~~~[0m

[96msrc/departments/departments.service.ts[0m:[93m47[0m:[93m24[0m - [91merror[0m[90m TS2339: [0mProperty 'department' does not exist on type 'PrismaService'.

[7m47[0m     return this.prisma.department.update({ where: { id }, data });
[7m  [0m [91m                       ~~~~~~~~~~[0m

[96msrc/departments/departments.service.ts[0m:[93m53[0m:[93m50[0m - [91merror[0m[90m TS2353: [0mObject literal may only specify known properties, and 'departmentId' does not exist in type 'UserWhereInput'.

[7m53[0m     await this.prisma.user.updateMany({ where: { departmentId: id }, data: { departmentId: null } });
[7m  [0m [91m                                                 ~~~~~~~~~~~~[0m

  [96mnode_modules/.prisma/client/index.d.ts[0m:[93m6026[0m:[93m5[0m
    [7m6026[0m     where?: UserWhereInput
    [7m    [0m [96m    ~~~~~[0m
    The expected type comes from property 'where' which is declared here on type '{ data: (Without<UserUpdateManyMutationInput, UserUncheckedUpdateManyInput> & UserUncheckedUpdateManyInput) | (Without<...> & UserUpdateManyMutationInput); where?: UserWhereInput; }'

[96msrc/departments/departments.service.ts[0m:[93m53[0m:[93m78[0m - [91merror[0m[90m TS2353: [0mObject literal may only specify known properties, and 'departmentId' does not exist in type '(Without<UserUpdateManyMutationInput, UserUncheckedUpdateManyInput> & UserUncheckedUpdateManyInput) | (Without<...> & UserUpdateManyMutationInput)'.

[7m53[0m     await this.prisma.user.updateMany({ where: { departmentId: id }, data: { departmentId: null } });
[7m  [0m [91m                                                                             ~~~~~~~~~~~~[0m

  [96mnode_modules/.prisma/client/index.d.ts[0m:[93m6022[0m:[93m5[0m
    [7m6022[0m     data: XOR<UserUpdateManyMutationInput, UserUncheckedUpdateManyInput>
    [7m    [0m [96m    ~~~~[0m
    The expected type comes from property 'data' which is declared here on type '{ data: (Without<UserUpdateManyMutationInput, UserUncheckedUpdateManyInput> & UserUncheckedUpdateManyInput) | (Without<...> & UserUpdateManyMutationInput); where?: UserWhereInput; }'

[96msrc/departments/departments.service.ts[0m:[93m54[0m:[93m24[0m - [91merror[0m[90m TS2339: [0mProperty 'department' does not exist on type 'PrismaService'.

[7m54[0m     return this.prisma.department.delete({ where: { id } });
[7m  [0m [91m                       ~~~~~~~~~~[0m

[96msrc/departments/departments.service.ts[0m:[93m64[0m:[93m37[0m - [91merror[0m[90m TS2339: [0mProperty 'departmentPermission' does not exist on type 'PrismaService'.

[7m64[0m     const perms = await this.prisma.departmentPermission.findMany({
[7m  [0m [91m                                    ~~~~~~~~~~~~~~~~~~~~[0m

[96msrc/departments/departments.service.ts[0m:[93m93[0m:[93m24[0m - [91merror[0m[90m TS2339: [0mProperty 'departmentPermission' does not exist on type 'PrismaService'.

[7m93[0m     return this.prisma.departmentPermission.upsert({
[7m  [0m [91m                       ~~~~~~~~~~~~~~~~~~~~[0m

[96msrc/departments/departments.service.ts[0m:[93m112[0m:[93m9[0m - [91merror[0m[90m TS2353: [0mObject literal may only specify known properties, and 'department' does not exist in type 'UserInclude<DefaultArgs>'.

[7m112[0m         department: {
[7m   [0m [91m        ~~~~~~~~~~[0m

  [96mnode_modules/.prisma/client/index.d.ts[0m:[93m5836[0m:[93m5[0m
    [7m5836[0m     include?: UserInclude<ExtArgs> | null
    [7m    [0m [96m    ~~~~~~~[0m
    The expected type comes from property 'include' which is declared here on type '{ select?: UserSelect<DefaultArgs>; include?: UserInclude<DefaultArgs>; where?: UserWhereInput; orderBy?: UserOrderByWithRelationInput | UserOrderByWithRelationInput[]; cursor?: UserWhereUniqueInput; take?: number; skip?: number; distinct?: UserScalarFieldEnum | UserScalarFieldEnum[]; }'

[96msrc/departments/departments.service.ts[0m:[93m119[0m:[93m18[0m - [91merror[0m[90m TS2339: [0mProperty 'department' does not exist on type '{ id: string; isActive: boolean; organizationId: string; createdAt: Date; updatedAt: Date; email: string; password: string; firstName: string; lastName: string; avatar: string; phone: string; role: UserRole; refreshToken: string; lastLoginAt: Date; }'.

[7m119[0m     return user?.department || null;
[7m   [0m [91m                 ~~~~~~~~~~[0m

[96msrc/departments/departments.service.ts[0m:[93m123[0m:[93m36[0m - [91merror[0m[90m TS2339: [0mProperty 'department' does not exist on type 'PrismaService'.

[7m123[0m     const dept = await this.prisma.department.findFirst({ where: { id, organizationId: orgId } });
[7m   [0m [91m                                   ~~~~~~~~~~[0m

[96msrc/email/email.service.ts[0m:[93m33[0m:[93m39[0m - [91merror[0m[90m TS2307: [0mCannot find module 'nodemailer' or its corresponding type declarations.

[7m33[0m       const nodemailer = await import('nodemailer').catch(() => null);
[7m  [0m [91m                                      ~~~~~~~~~~~~[0m

[96msrc/users/users.service.ts[0m:[93m67[0m:[93m9[0m - [91merror[0m[90m TS2353: [0mObject literal may only specify known properties, and 'departmentId' does not exist in type '(Without<UserCreateInput, UserUncheckedCreateInput> & UserUncheckedCreateInput) | (Without<...> & UserCreateInput)'.

[7m67[0m         departmentId: data.departmentId || null,
[7m  [0m [91m        ~~~~~~~~~~~~[0m

  [96mnode_modules/.prisma/client/index.d.ts[0m:[93m5979[0m:[93m5[0m
    [7m5979[0m     data: XOR<UserCreateInput, UserUncheckedCreateInput>
    [7m    [0m [96m    ~~~~[0m
    The expected type comes from property 'data' which is declared here on type '{ select?: UserSelect<DefaultArgs>; include?: UserInclude<DefaultArgs>; data: (Without<UserCreateInput, UserUncheckedCreateInput> & UserUncheckedCreateInput) | (Without<...> & UserCreateInput); }'

[96msrc/users/users.service.ts[0m:[93m156[0m:[93m49[0m - [91merror[0m[90m TS2339: [0mProperty 'departmentPermission' does not exist on type 'PrismaService'.

[7m156[0m       departmentPermissions = await this.prisma.departmentPermission.findMany({
[7m   [0m [91m                                                ~~~~~~~~~~~~~~~~~~~~[0m

[[90m13:31:46[0m] Found 16 errors. Watching for file changes.

[2J[3J[H[[90m13:32:04[0m] File change detected. Starting incremental compilation...

[96msrc/departments/departments.service.ts[0m:[93m9[0m:[93m24[0m - [91merror[0m[90m TS2339: [0mProperty 'department' does not exist on type 'PrismaService'.

[7m9[0m     return this.prisma.department.findMany({
[7m [0m [91m                       ~~~~~~~~~~[0m

[96msrc/departments/departments.service.ts[0m:[93m20[0m:[93m36[0m - [91merror[0m[90m TS2339: [0mProperty 'department' does not exist on type 'PrismaService'.

[7m20[0m     const dept = await this.prisma.department.findFirst({
[7m  [0m [91m                                   ~~~~~~~~~~[0m

[96msrc/departments/departments.service.ts[0m:[93m33[0m:[93m40[0m - [91merror[0m[90m TS2339: [0mProperty 'department' does not exist on type 'PrismaService'.

[7m33[0m     const existing = await this.prisma.department.findFirst({ where: { slug, organizationId: orgId } });
[7m  [0m [91m                                       ~~~~~~~~~~[0m

[96msrc/departments/departments.service.ts[0m:[93m35[0m:[93m24[0m - [91merror[0m[90m TS2339: [0mProperty 'department' does not exist on type 'PrismaService'.

[7m35[0m     return this.prisma.department.create({
[7m  [0m [91m                       ~~~~~~~~~~[0m

[96msrc/departments/departments.service.ts[0m:[93m47[0m:[93m24[0m - [91merror[0m[90m TS2339: [0mProperty 'department' does not exist on type 'PrismaService'.

[7m47[0m     return this.prisma.department.update({ where: { id }, data });
[7m  [0m [91m                       ~~~~~~~~~~[0m

[96msrc/departments/departments.service.ts[0m:[93m53[0m:[93m50[0m - [91merror[0m[90m TS2353: [0mObject literal may only specify known properties, and 'departmentId' does not exist in type 'UserWhereInput'.

[7m53[0m     await this.prisma.user.updateMany({ where: { departmentId: id }, data: { departmentId: null } });
[7m  [0m [91m                                                 ~~~~~~~~~~~~[0m

  [96mnode_modules/.prisma/client/index.d.ts[0m:[93m6026[0m:[93m5[0m
    [7m6026[0m     where?: UserWhereInput
    [7m    [0m [96m    ~~~~~[0m
    The expected type comes from property 'where' which is declared here on type '{ data: (Without<UserUpdateManyMutationInput, UserUncheckedUpdateManyInput> & UserUncheckedUpdateManyInput) | (Without<...> & UserUpdateManyMutationInput); where?: UserWhereInput; }'

[96msrc/departments/departments.service.ts[0m:[93m53[0m:[93m78[0m - [91merror[0m[90m TS2353: [0mObject literal may only specify known properties, and 'departmentId' does not exist in type '(Without<UserUpdateManyMutationInput, UserUncheckedUpdateManyInput> & UserUncheckedUpdateManyInput) | (Without<...> & UserUpdateManyMutationInput)'.

[7m53[0m     await this.prisma.user.updateMany({ where: { departmentId: id }, data: { departmentId: null } });
[7m  [0m [91m                                                                             ~~~~~~~~~~~~[0m

  [96mnode_modules/.prisma/client/index.d.ts[0m:[93m6022[0m:[93m5[0m
    [7m6022[0m     data: XOR<UserUpdateManyMutationInput, UserUncheckedUpdateManyInput>
    [7m    [0m [96m    ~~~~[0m
    The expected type comes from property 'data' which is declared here on type '{ data: (Without<UserUpdateManyMutationInput, UserUncheckedUpdateManyInput> & UserUncheckedUpdateManyInput) | (Without<...> & UserUpdateManyMutationInput); where?: UserWhereInput; }'

[96msrc/departments/departments.service.ts[0m:[93m54[0m:[93m24[0m - [91merror[0m[90m TS2339: [0mProperty 'department' does not exist on type 'PrismaService'.

[7m54[0m     return this.prisma.department.delete({ where: { id } });
[7m  [0m [91m                       ~~~~~~~~~~[0m

[96msrc/departments/departments.service.ts[0m:[93m64[0m:[93m37[0m - [91merror[0m[90m TS2339: [0mProperty 'departmentPermission' does not exist on type 'PrismaService'.

[7m64[0m     const perms = await this.prisma.departmentPermission.findMany({
[7m  [0m [91m                                    ~~~~~~~~~~~~~~~~~~~~[0m

[96msrc/departments/departments.service.ts[0m:[93m93[0m:[93m24[0m - [91merror[0m[90m TS2339: [0mProperty 'departmentPermission' does not exist on type 'PrismaService'.

[7m93[0m     return this.prisma.departmentPermission.upsert({
[7m  [0m [91m                       ~~~~~~~~~~~~~~~~~~~~[0m

[96msrc/departments/departments.service.ts[0m:[93m112[0m:[93m9[0m - [91merror[0m[90m TS2353: [0mObject literal may only specify known properties, and 'department' does not exist in type 'UserInclude<DefaultArgs>'.

[7m112[0m         department: {
[7m   [0m [91m        ~~~~~~~~~~[0m

  [96mnode_modules/.prisma/client/index.d.ts[0m:[93m5836[0m:[93m5[0m
    [7m5836[0m     include?: UserInclude<ExtArgs> | null
    [7m    [0m [96m    ~~~~~~~[0m
    The expected type comes from property 'include' which is declared here on type '{ select?: UserSelect<DefaultArgs>; include?: UserInclude<DefaultArgs>; where?: UserWhereInput; orderBy?: UserOrderByWithRelationInput | UserOrderByWithRelationInput[]; cursor?: UserWhereUniqueInput; take?: number; skip?: number; distinct?: UserScalarFieldEnum | UserScalarFieldEnum[]; }'

[96msrc/departments/departments.service.ts[0m:[93m119[0m:[93m18[0m - [91merror[0m[90m TS2339: [0mProperty 'department' does not exist on type '{ id: string; isActive: boolean; organizationId: string; createdAt: Date; updatedAt: Date; email: string; password: string; firstName: string; lastName: string; avatar: string; phone: string; role: UserRole; refreshToken: string; lastLoginAt: Date; }'.

[7m119[0m     return user?.department || null;
[7m   [0m [91m                 ~~~~~~~~~~[0m

[96msrc/departments/departments.service.ts[0m:[93m123[0m:[93m36[0m - [91merror[0m[90m TS2339: [0mProperty 'department' does not exist on type 'PrismaService'.

[7m123[0m     const dept = await this.prisma.department.findFirst({ where: { id, organizationId: orgId } });
[7m   [0m [91m                                   ~~~~~~~~~~[0m

[96msrc/email/email.service.ts[0m:[93m33[0m:[93m39[0m - [91merror[0m[90m TS2307: [0mCannot find module 'nodemailer' or its corresponding type declarations.

[7m33[0m       const nodemailer = await import('nodemailer').catch(() => null);
[7m  [0m [91m                                      ~~~~~~~~~~~~[0m

[96msrc/users/users.service.ts[0m:[93m67[0m:[93m9[0m - [91merror[0m[90m TS2353: [0mObject literal may only specify known properties, and 'departmentId' does not exist in type '(Without<UserCreateInput, UserUncheckedCreateInput> & UserUncheckedCreateInput) | (Without<...> & UserCreateInput)'.

[7m67[0m         departmentId: data.departmentId || null,
[7m  [0m [91m        ~~~~~~~~~~~~[0m

  [96mnode_modules/.prisma/client/index.d.ts[0m:[93m5979[0m:[93m5[0m
    [7m5979[0m     data: XOR<UserCreateInput, UserUncheckedCreateInput>
    [7m    [0m [96m    ~~~~[0m
    The expected type comes from property 'data' which is declared here on type '{ select?: UserSelect<DefaultArgs>; include?: UserInclude<DefaultArgs>; data: (Without<UserCreateInput, UserUncheckedCreateInput> & UserUncheckedCreateInput) | (Without<...> & UserCreateInput); }'

[96msrc/users/users.service.ts[0m:[93m156[0m:[93m49[0m - [91merror[0m[90m TS2339: [0mProperty 'departmentPermission' does not exist on type 'PrismaService'.

[7m156[0m       departmentPermissions = await this.prisma.departmentPermission.findMany({
[7m   [0m [91m                                                ~~~~~~~~~~~~~~~~~~~~[0m

[[90m13:32:04[0m] Found 16 errors. Watching for file changes.

[2J[3J[H[[90m13:33:01[0m] File change detected. Starting incremental compilation...

[96msrc/departments/departments.service.ts[0m:[93m9[0m:[93m24[0m - [91merror[0m[90m TS2339: [0mProperty 'department' does not exist on type 'PrismaService'.

[7m9[0m     return this.prisma.department.findMany({
[7m [0m [91m                       ~~~~~~~~~~[0m

[96msrc/departments/departments.service.ts[0m:[93m20[0m:[93m36[0m - [91merror[0m[90m TS2339: [0mProperty 'department' does not exist on type 'PrismaService'.

[7m20[0m     const dept = await this.prisma.department.findFirst({
[7m  [0m [91m                                   ~~~~~~~~~~[0m

[96msrc/departments/departments.service.ts[0m:[93m33[0m:[93m40[0m - [91merror[0m[90m TS2339: [0mProperty 'department' does not exist on type 'PrismaService'.

[7m33[0m     const existing = await this.prisma.department.findFirst({ where: { slug, organizationId: orgId } });
[7m  [0m [91m                                       ~~~~~~~~~~[0m

[96msrc/departments/departments.service.ts[0m:[93m35[0m:[93m24[0m - [91merror[0m[90m TS2339: [0mProperty 'department' does not exist on type 'PrismaService'.

[7m35[0m     return this.prisma.department.create({
[7m  [0m [91m                       ~~~~~~~~~~[0m

[96msrc/departments/departments.service.ts[0m:[93m47[0m:[93m24[0m - [91merror[0m[90m TS2339: [0mProperty 'department' does not exist on type 'PrismaService'.

[7m47[0m     return this.prisma.department.update({ where: { id }, data });
[7m  [0m [91m                       ~~~~~~~~~~[0m

[96msrc/departments/departments.service.ts[0m:[93m53[0m:[93m50[0m - [91merror[0m[90m TS2353: [0mObject literal may only specify known properties, and 'departmentId' does not exist in type 'UserWhereInput'.

[7m53[0m     await this.prisma.user.updateMany({ where: { departmentId: id }, data: { departmentId: null } });
[7m  [0m [91m                                                 ~~~~~~~~~~~~[0m

  [96mnode_modules/.prisma/client/index.d.ts[0m:[93m6026[0m:[93m5[0m
    [7m6026[0m     where?: UserWhereInput
    [7m    [0m [96m    ~~~~~[0m
    The expected type comes from property 'where' which is declared here on type '{ data: (Without<UserUpdateManyMutationInput, UserUncheckedUpdateManyInput> & UserUncheckedUpdateManyInput) | (Without<...> & UserUpdateManyMutationInput); where?: UserWhereInput; }'

[96msrc/departments/departments.service.ts[0m:[93m53[0m:[93m78[0m - [91merror[0m[90m TS2353: [0mObject literal may only specify known properties, and 'departmentId' does not exist in type '(Without<UserUpdateManyMutationInput, UserUncheckedUpdateManyInput> & UserUncheckedUpdateManyInput) | (Without<...> & UserUpdateManyMutationInput)'.

[7m53[0m     await this.prisma.user.updateMany({ where: { departmentId: id }, data: { departmentId: null } });
[7m  [0m [91m                                                                             ~~~~~~~~~~~~[0m

  [96mnode_modules/.prisma/client/index.d.ts[0m:[93m6022[0m:[93m5[0m
    [7m6022[0m     data: XOR<UserUpdateManyMutationInput, UserUncheckedUpdateManyInput>
    [7m    [0m [96m    ~~~~[0m
    The expected type comes from property 'data' which is declared here on type '{ data: (Without<UserUpdateManyMutationInput, UserUncheckedUpdateManyInput> & UserUncheckedUpdateManyInput) | (Without<...> & UserUpdateManyMutationInput); where?: UserWhereInput; }'

[96msrc/departments/departments.service.ts[0m:[93m54[0m:[93m24[0m - [91merror[0m[90m TS2339: [0mProperty 'department' does not exist on type 'PrismaService'.

[7m54[0m     return this.prisma.department.delete({ where: { id } });
[7m  [0m [91m                       ~~~~~~~~~~[0m

[96msrc/departments/departments.service.ts[0m:[93m64[0m:[93m37[0m - [91merror[0m[90m TS2339: [0mProperty 'departmentPermission' does not exist on type 'PrismaService'.

[7m64[0m     const perms = await this.prisma.departmentPermission.findMany({
[7m  [0m [91m                                    ~~~~~~~~~~~~~~~~~~~~[0m

[96msrc/departments/departments.service.ts[0m:[93m93[0m:[93m24[0m - [91merror[0m[90m TS2339: [0mProperty 'departmentPermission' does not exist on type 'PrismaService'.

[7m93[0m     return this.prisma.departmentPermission.upsert({
[7m  [0m [91m                       ~~~~~~~~~~~~~~~~~~~~[0m

[96msrc/departments/departments.service.ts[0m:[93m112[0m:[93m9[0m - [91merror[0m[90m TS2353: [0mObject literal may only specify known properties, and 'department' does not exist in type 'UserInclude<DefaultArgs>'.

[7m112[0m         department: {
[7m   [0m [91m        ~~~~~~~~~~[0m

  [96mnode_modules/.prisma/client/index.d.ts[0m:[93m5836[0m:[93m5[0m
    [7m5836[0m     include?: UserInclude<ExtArgs> | null
    [7m    [0m [96m    ~~~~~~~[0m
    The expected type comes from property 'include' which is declared here on type '{ select?: UserSelect<DefaultArgs>; include?: UserInclude<DefaultArgs>; where?: UserWhereInput; orderBy?: UserOrderByWithRelationInput | UserOrderByWithRelationInput[]; cursor?: UserWhereUniqueInput; take?: number; skip?: number; distinct?: UserScalarFieldEnum | UserScalarFieldEnum[]; }'

[96msrc/departments/departments.service.ts[0m:[93m119[0m:[93m18[0m - [91merror[0m[90m TS2339: [0mProperty 'department' does not exist on type '{ id: string; isActive: boolean; organizationId: string; createdAt: Date; updatedAt: Date; email: string; password: string; firstName: string; lastName: string; avatar: string; phone: string; role: UserRole; refreshToken: string; lastLoginAt: Date; }'.

[7m119[0m     return user?.department || null;
[7m   [0m [91m                 ~~~~~~~~~~[0m

[96msrc/departments/departments.service.ts[0m:[93m123[0m:[93m36[0m - [91merror[0m[90m TS2339: [0mProperty 'department' does not exist on type 'PrismaService'.

[7m123[0m     const dept = await this.prisma.department.findFirst({ where: { id, organizationId: orgId } });
[7m   [0m [91m                                   ~~~~~~~~~~[0m

[96msrc/email/email.service.ts[0m:[93m33[0m:[93m39[0m - [91merror[0m[90m TS2307: [0mCannot find module 'nodemailer' or its corresponding type declarations.

[7m33[0m       const nodemailer = await import('nodemailer').catch(() => null);
[7m  [0m [91m                                      ~~~~~~~~~~~~[0m

[96msrc/users/users.service.ts[0m:[93m67[0m:[93m9[0m - [91merror[0m[90m TS2353: [0mObject literal may only specify known properties, and 'departmentId' does not exist in type '(Without<UserCreateInput, UserUncheckedCreateInput> & UserUncheckedCreateInput) | (Without<...> & UserCreateInput)'.

[7m67[0m         departmentId: data.departmentId || null,
[7m  [0m [91m        ~~~~~~~~~~~~[0m

  [96mnode_modules/.prisma/client/index.d.ts[0m:[93m5979[0m:[93m5[0m
    [7m5979[0m     data: XOR<UserCreateInput, UserUncheckedCreateInput>
    [7m    [0m [96m    ~~~~[0m
    The expected type comes from property 'data' which is declared here on type '{ select?: UserSelect<DefaultArgs>; include?: UserInclude<DefaultArgs>; data: (Without<UserCreateInput, UserUncheckedCreateInput> & UserUncheckedCreateInput) | (Without<...> & UserCreateInput); }'

[96msrc/users/users.service.ts[0m:[93m156[0m:[93m49[0m - [91merror[0m[90m TS2339: [0mProperty 'departmentPermission' does not exist on type 'PrismaService'.

[7m156[0m       departmentPermissions = await this.prisma.departmentPermission.findMany({
[7m   [0m [91m                                                ~~~~~~~~~~~~~~~~~~~~[0m

[[90m13:33:01[0m] Found 16 errors. Watching for file changes.

[2J[3J[H[[90m13:33:07[0m] File change detected. Starting incremental compilation...

[96msrc/departments/departments.service.ts[0m:[93m9[0m:[93m24[0m - [91merror[0m[90m TS2339: [0mProperty 'department' does not exist on type 'PrismaService'.

[7m9[0m     return this.prisma.department.findMany({
[7m [0m [91m                       ~~~~~~~~~~[0m

[96msrc/departments/departments.service.ts[0m:[93m20[0m:[93m36[0m - [91merror[0m[90m TS2339: [0mProperty 'department' does not exist on type 'PrismaService'.

[7m20[0m     const dept = await this.prisma.department.findFirst({
[7m  [0m [91m                                   ~~~~~~~~~~[0m

[96msrc/departments/departments.service.ts[0m:[93m33[0m:[93m40[0m - [91merror[0m[90m TS2339: [0mProperty 'department' does not exist on type 'PrismaService'.

[7m33[0m     const existing = await this.prisma.department.findFirst({ where: { slug, organizationId: orgId } });
[7m  [0m [91m                                       ~~~~~~~~~~[0m

[96msrc/departments/departments.service.ts[0m:[93m35[0m:[93m24[0m - [91merror[0m[90m TS2339: [0mProperty 'department' does not exist on type 'PrismaService'.

[7m35[0m     return this.prisma.department.create({
[7m  [0m [91m                       ~~~~~~~~~~[0m

[96msrc/departments/departments.service.ts[0m:[93m47[0m:[93m24[0m - [91merror[0m[90m TS2339: [0mProperty 'department' does not exist on type 'PrismaService'.

[7m47[0m     return this.prisma.department.update({ where: { id }, data });
[7m  [0m [91m                       ~~~~~~~~~~[0m

[96msrc/departments/departments.service.ts[0m:[93m53[0m:[93m50[0m - [91merror[0m[90m TS2353: [0mObject literal may only specify known properties, and 'departmentId' does not exist in type 'UserWhereInput'.

[7m53[0m     await this.prisma.user.updateMany({ where: { departmentId: id }, data: { departmentId: null } });
[7m  [0m [91m                                                 ~~~~~~~~~~~~[0m

  [96mnode_modules/.prisma/client/index.d.ts[0m:[93m6026[0m:[93m5[0m
    [7m6026[0m     where?: UserWhereInput
    [7m    [0m [96m    ~~~~~[0m
    The expected type comes from property 'where' which is declared here on type '{ data: (Without<UserUpdateManyMutationInput, UserUncheckedUpdateManyInput> & UserUncheckedUpdateManyInput) | (Without<...> & UserUpdateManyMutationInput); where?: UserWhereInput; }'

[96msrc/departments/departments.service.ts[0m:[93m53[0m:[93m78[0m - [91merror[0m[90m TS2353: [0mObject literal may only specify known properties, and 'departmentId' does not exist in type '(Without<UserUpdateManyMutationInput, UserUncheckedUpdateManyInput> & UserUncheckedUpdateManyInput) | (Without<...> & UserUpdateManyMutationInput)'.

[7m53[0m     await this.prisma.user.updateMany({ where: { departmentId: id }, data: { departmentId: null } });
[7m  [0m [91m                                                                             ~~~~~~~~~~~~[0m

  [96mnode_modules/.prisma/client/index.d.ts[0m:[93m6022[0m:[93m5[0m
    [7m6022[0m     data: XOR<UserUpdateManyMutationInput, UserUncheckedUpdateManyInput>
    [7m    [0m [96m    ~~~~[0m
    The expected type comes from property 'data' which is declared here on type '{ data: (Without<UserUpdateManyMutationInput, UserUncheckedUpdateManyInput> & UserUncheckedUpdateManyInput) | (Without<...> & UserUpdateManyMutationInput); where?: UserWhereInput; }'

[96msrc/departments/departments.service.ts[0m:[93m54[0m:[93m24[0m - [91merror[0m[90m TS2339: [0mProperty 'department' does not exist on type 'PrismaService'.

[7m54[0m     return this.prisma.department.delete({ where: { id } });
[7m  [0m [91m                       ~~~~~~~~~~[0m

[96msrc/departments/departments.service.ts[0m:[93m64[0m:[93m37[0m - [91merror[0m[90m TS2339: [0mProperty 'departmentPermission' does not exist on type 'PrismaService'.

[7m64[0m     const perms = await this.prisma.departmentPermission.findMany({
[7m  [0m [91m                                    ~~~~~~~~~~~~~~~~~~~~[0m

[96msrc/departments/departments.service.ts[0m:[93m93[0m:[93m24[0m - [91merror[0m[90m TS2339: [0mProperty 'departmentPermission' does not exist on type 'PrismaService'.

[7m93[0m     return this.prisma.departmentPermission.upsert({
[7m  [0m [91m                       ~~~~~~~~~~~~~~~~~~~~[0m

[96msrc/departments/departments.service.ts[0m:[93m112[0m:[93m9[0m - [91merror[0m[90m TS2353: [0mObject literal may only specify known properties, and 'department' does not exist in type 'UserInclude<DefaultArgs>'.

[7m112[0m         department: {
[7m   [0m [91m        ~~~~~~~~~~[0m

  [96mnode_modules/.prisma/client/index.d.ts[0m:[93m5836[0m:[93m5[0m
    [7m5836[0m     include?: UserInclude<ExtArgs> | null
    [7m    [0m [96m    ~~~~~~~[0m
    The expected type comes from property 'include' which is declared here on type '{ select?: UserSelect<DefaultArgs>; include?: UserInclude<DefaultArgs>; where?: UserWhereInput; orderBy?: UserOrderByWithRelationInput | UserOrderByWithRelationInput[]; cursor?: UserWhereUniqueInput; take?: number; skip?: number; distinct?: UserScalarFieldEnum | UserScalarFieldEnum[]; }'

[96msrc/departments/departments.service.ts[0m:[93m119[0m:[93m18[0m - [91merror[0m[90m TS2339: [0mProperty 'department' does not exist on type '{ id: string; isActive: boolean; organizationId: string; createdAt: Date; updatedAt: Date; email: string; password: string; firstName: string; lastName: string; avatar: string; phone: string; role: UserRole; refreshToken: string; lastLoginAt: Date; }'.

[7m119[0m     return user?.department || null;
[7m   [0m [91m                 ~~~~~~~~~~[0m

[96msrc/departments/departments.service.ts[0m:[93m123[0m:[93m36[0m - [91merror[0m[90m TS2339: [0mProperty 'department' does not exist on type 'PrismaService'.

[7m123[0m     const dept = await this.prisma.department.findFirst({ where: { id, organizationId: orgId } });
[7m   [0m [91m                                   ~~~~~~~~~~[0m

[96msrc/email/email.service.ts[0m:[93m33[0m:[93m39[0m - [91merror[0m[90m TS2307: [0mCannot find module 'nodemailer' or its corresponding type declarations.

[7m33[0m       const nodemailer = await import('nodemailer').catch(() => null);
[7m  [0m [91m                                      ~~~~~~~~~~~~[0m

[96msrc/users/users.service.ts[0m:[93m67[0m:[93m9[0m - [91merror[0m[90m TS2353: [0mObject literal may only specify known properties, and 'departmentId' does not exist in type '(Without<UserCreateInput, UserUncheckedCreateInput> & UserUncheckedCreateInput) | (Without<...> & UserCreateInput)'.

[7m67[0m         departmentId: data.departmentId || null,
[7m  [0m [91m        ~~~~~~~~~~~~[0m

  [96mnode_modules/.prisma/client/index.d.ts[0m:[93m5979[0m:[93m5[0m
    [7m5979[0m     data: XOR<UserCreateInput, UserUncheckedCreateInput>
    [7m    [0m [96m    ~~~~[0m
    The expected type comes from property 'data' which is declared here on type '{ select?: UserSelect<DefaultArgs>; include?: UserInclude<DefaultArgs>; data: (Without<UserCreateInput, UserUncheckedCreateInput> & UserUncheckedCreateInput) | (Without<...> & UserCreateInput); }'

[96msrc/users/users.service.ts[0m:[93m156[0m:[93m49[0m - [91merror[0m[90m TS2339: [0mProperty 'departmentPermission' does not exist on type 'PrismaService'.

[7m156[0m       departmentPermissions = await this.prisma.departmentPermission.findMany({
[7m   [0m [91m                                                ~~~~~~~~~~~~~~~~~~~~[0m

[[90m13:33:07[0m] Found 16 errors. Watching for file changes.

[2J[3J[H[[90m13:33:12[0m] File change detected. Starting incremental compilation...

[96msrc/departments/departments.service.ts[0m:[93m9[0m:[93m24[0m - [91merror[0m[90m TS2339: [0mProperty 'department' does not exist on type 'PrismaService'.

[7m9[0m     return this.prisma.department.findMany({
[7m [0m [91m                       ~~~~~~~~~~[0m

[96msrc/departments/departments.service.ts[0m:[93m20[0m:[93m36[0m - [91merror[0m[90m TS2339: [0mProperty 'department' does not exist on type 'PrismaService'.

[7m20[0m     const dept = await this.prisma.department.findFirst({
[7m  [0m [91m                                   ~~~~~~~~~~[0m

[96msrc/departments/departments.service.ts[0m:[93m33[0m:[93m40[0m - [91merror[0m[90m TS2339: [0mProperty 'department' does not exist on type 'PrismaService'.

[7m33[0m     const existing = await this.prisma.department.findFirst({ where: { slug, organizationId: orgId } });
[7m  [0m [91m                                       ~~~~~~~~~~[0m

[96msrc/departments/departments.service.ts[0m:[93m35[0m:[93m24[0m - [91merror[0m[90m TS2339: [0mProperty 'department' does not exist on type 'PrismaService'.

[7m35[0m     return this.prisma.department.create({
[7m  [0m [91m                       ~~~~~~~~~~[0m

[96msrc/departments/departments.service.ts[0m:[93m47[0m:[93m24[0m - [91merror[0m[90m TS2339: [0mProperty 'department' does not exist on type 'PrismaService'.

[7m47[0m     return this.prisma.department.update({ where: { id }, data });
[7m  [0m [91m                       ~~~~~~~~~~[0m

[96msrc/departments/departments.service.ts[0m:[93m53[0m:[93m50[0m - [91merror[0m[90m TS2353: [0mObject literal may only specify known properties, and 'departmentId' does not exist in type 'UserWhereInput'.

[7m53[0m     await this.prisma.user.updateMany({ where: { departmentId: id }, data: { departmentId: null } });
[7m  [0m [91m                                                 ~~~~~~~~~~~~[0m

  [96mnode_modules/.prisma/client/index.d.ts[0m:[93m6026[0m:[93m5[0m
    [7m6026[0m     where?: UserWhereInput
    [7m    [0m [96m    ~~~~~[0m
    The expected type comes from property 'where' which is declared here on type '{ data: (Without<UserUpdateManyMutationInput, UserUncheckedUpdateManyInput> & UserUncheckedUpdateManyInput) | (Without<...> & UserUpdateManyMutationInput); where?: UserWhereInput; }'

[96msrc/departments/departments.service.ts[0m:[93m53[0m:[93m78[0m - [91merror[0m[90m TS2353: [0mObject literal may only specify known properties, and 'departmentId' does not exist in type '(Without<UserUpdateManyMutationInput, UserUncheckedUpdateManyInput> & UserUncheckedUpdateManyInput) | (Without<...> & UserUpdateManyMutationInput)'.

[7m53[0m     await this.prisma.user.updateMany({ where: { departmentId: id }, data: { departmentId: null } });
[7m  [0m [91m                                                                             ~~~~~~~~~~~~[0m

  [96mnode_modules/.prisma/client/index.d.ts[0m:[93m6022[0m:[93m5[0m
    [7m6022[0m     data: XOR<UserUpdateManyMutationInput, UserUncheckedUpdateManyInput>
    [7m    [0m [96m    ~~~~[0m
    The expected type comes from property 'data' which is declared here on type '{ data: (Without<UserUpdateManyMutationInput, UserUncheckedUpdateManyInput> & UserUncheckedUpdateManyInput) | (Without<...> & UserUpdateManyMutationInput); where?: UserWhereInput; }'

[96msrc/departments/departments.service.ts[0m:[93m54[0m:[93m24[0m - [91merror[0m[90m TS2339: [0mProperty 'department' does not exist on type 'PrismaService'.

[7m54[0m     return this.prisma.department.delete({ where: { id } });
[7m  [0m [91m                       ~~~~~~~~~~[0m

[96msrc/departments/departments.service.ts[0m:[93m64[0m:[93m37[0m - [91merror[0m[90m TS2339: [0mProperty 'departmentPermission' does not exist on type 'PrismaService'.

[7m64[0m     const perms = await this.prisma.departmentPermission.findMany({
[7m  [0m [91m                                    ~~~~~~~~~~~~~~~~~~~~[0m

[96msrc/departments/departments.service.ts[0m:[93m93[0m:[93m24[0m - [91merror[0m[90m TS2339: [0mProperty 'departmentPermission' does not exist on type 'PrismaService'.

[7m93[0m     return this.prisma.departmentPermission.upsert({
[7m  [0m [91m                       ~~~~~~~~~~~~~~~~~~~~[0m

[96msrc/departments/departments.service.ts[0m:[93m112[0m:[93m9[0m - [91merror[0m[90m TS2353: [0mObject literal may only specify known properties, and 'department' does not exist in type 'UserInclude<DefaultArgs>'.

[7m112[0m         department: {
[7m   [0m [91m        ~~~~~~~~~~[0m

  [96mnode_modules/.prisma/client/index.d.ts[0m:[93m5836[0m:[93m5[0m
    [7m5836[0m     include?: UserInclude<ExtArgs> | null
    [7m    [0m [96m    ~~~~~~~[0m
    The expected type comes from property 'include' which is declared here on type '{ select?: UserSelect<DefaultArgs>; include?: UserInclude<DefaultArgs>; where?: UserWhereInput; orderBy?: UserOrderByWithRelationInput | UserOrderByWithRelationInput[]; cursor?: UserWhereUniqueInput; take?: number; skip?: number; distinct?: UserScalarFieldEnum | UserScalarFieldEnum[]; }'

[96msrc/departments/departments.service.ts[0m:[93m119[0m:[93m18[0m - [91merror[0m[90m TS2339: [0mProperty 'department' does not exist on type '{ id: string; isActive: boolean; organizationId: string; createdAt: Date; updatedAt: Date; email: string; password: string; firstName: string; lastName: string; avatar: string; phone: string; role: UserRole; refreshToken: string; lastLoginAt: Date; }'.

[7m119[0m     return user?.department || null;
[7m   [0m [91m                 ~~~~~~~~~~[0m

[96msrc/departments/departments.service.ts[0m:[93m123[0m:[93m36[0m - [91merror[0m[90m TS2339: [0mProperty 'department' does not exist on type 'PrismaService'.

[7m123[0m     const dept = await this.prisma.department.findFirst({ where: { id, organizationId: orgId } });
[7m   [0m [91m                                   ~~~~~~~~~~[0m

[96msrc/email/email.service.ts[0m:[93m33[0m:[93m39[0m - [91merror[0m[90m TS2307: [0mCannot find module 'nodemailer' or its corresponding type declarations.

[7m33[0m       const nodemailer = await import('nodemailer').catch(() => null);
[7m  [0m [91m                                      ~~~~~~~~~~~~[0m

[96msrc/users/users.service.ts[0m:[93m67[0m:[93m9[0m - [91merror[0m[90m TS2353: [0mObject literal may only specify known properties, and 'departmentId' does not exist in type '(Without<UserCreateInput, UserUncheckedCreateInput> & UserUncheckedCreateInput) | (Without<...> & UserCreateInput)'.

[7m67[0m         departmentId: data.departmentId || null,
[7m  [0m [91m        ~~~~~~~~~~~~[0m

  [96mnode_modules/.prisma/client/index.d.ts[0m:[93m5979[0m:[93m5[0m
    [7m5979[0m     data: XOR<UserCreateInput, UserUncheckedCreateInput>
    [7m    [0m [96m    ~~~~[0m
    The expected type comes from property 'data' which is declared here on type '{ select?: UserSelect<DefaultArgs>; include?: UserInclude<DefaultArgs>; data: (Without<UserCreateInput, UserUncheckedCreateInput> & UserUncheckedCreateInput) | (Without<...> & UserCreateInput); }'

[96msrc/users/users.service.ts[0m:[93m156[0m:[93m49[0m - [91merror[0m[90m TS2339: [0mProperty 'departmentPermission' does not exist on type 'PrismaService'.

[7m156[0m       departmentPermissions = await this.prisma.departmentPermission.findMany({
[7m   [0m [91m                                                ~~~~~~~~~~~~~~~~~~~~[0m

[[90m13:33:12[0m] Found 16 errors. Watching for file changes.

[2J[3J[H[[90m13:33:25[0m] File change detected. Starting incremental compilation...

[96msrc/departments/departments.service.ts[0m:[93m9[0m:[93m24[0m - [91merror[0m[90m TS2339: [0mProperty 'department' does not exist on type 'PrismaService'.

[7m9[0m     return this.prisma.department.findMany({
[7m [0m [91m                       ~~~~~~~~~~[0m

[96msrc/departments/departments.service.ts[0m:[93m20[0m:[93m36[0m - [91merror[0m[90m TS2339: [0mProperty 'department' does not exist on type 'PrismaService'.

[7m20[0m     const dept = await this.prisma.department.findFirst({
[7m  [0m [91m                                   ~~~~~~~~~~[0m

[96msrc/departments/departments.service.ts[0m:[93m33[0m:[93m40[0m - [91merror[0m[90m TS2339: [0mProperty 'department' does not exist on type 'PrismaService'.

[7m33[0m     const existing = await this.prisma.department.findFirst({ where: { slug, organizationId: orgId } });
[7m  [0m [91m                                       ~~~~~~~~~~[0m

[96msrc/departments/departments.service.ts[0m:[93m35[0m:[93m24[0m - [91merror[0m[90m TS2339: [0mProperty 'department' does not exist on type 'PrismaService'.

[7m35[0m     return this.prisma.department.create({
[7m  [0m [91m                       ~~~~~~~~~~[0m

[96msrc/departments/departments.service.ts[0m:[93m47[0m:[93m24[0m - [91merror[0m[90m TS2339: [0mProperty 'department' does not exist on type 'PrismaService'.

[7m47[0m     return this.prisma.department.update({ where: { id }, data });
[7m  [0m [91m                       ~~~~~~~~~~[0m

[96msrc/departments/departments.service.ts[0m:[93m53[0m:[93m50[0m - [91merror[0m[90m TS2353: [0mObject literal may only specify known properties, and 'departmentId' does not exist in type 'UserWhereInput'.

[7m53[0m     await this.prisma.user.updateMany({ where: { departmentId: id }, data: { departmentId: null } });
[7m  [0m [91m                                                 ~~~~~~~~~~~~[0m

  [96mnode_modules/.prisma/client/index.d.ts[0m:[93m6026[0m:[93m5[0m
    [7m6026[0m     where?: UserWhereInput
    [7m    [0m [96m    ~~~~~[0m
    The expected type comes from property 'where' which is declared here on type '{ data: (Without<UserUpdateManyMutationInput, UserUncheckedUpdateManyInput> & UserUncheckedUpdateManyInput) | (Without<...> & UserUpdateManyMutationInput); where?: UserWhereInput; }'

[96msrc/departments/departments.service.ts[0m:[93m53[0m:[93m78[0m - [91merror[0m[90m TS2353: [0mObject literal may only specify known properties, and 'departmentId' does not exist in type '(Without<UserUpdateManyMutationInput, UserUncheckedUpdateManyInput> & UserUncheckedUpdateManyInput) | (Without<...> & UserUpdateManyMutationInput)'.

[7m53[0m     await this.prisma.user.updateMany({ where: { departmentId: id }, data: { departmentId: null } });
[7m  [0m [91m                                                                             ~~~~~~~~~~~~[0m

  [96mnode_modules/.prisma/client/index.d.ts[0m:[93m6022[0m:[93m5[0m
    [7m6022[0m     data: XOR<UserUpdateManyMutationInput, UserUncheckedUpdateManyInput>
    [7m    [0m [96m    ~~~~[0m
    The expected type comes from property 'data' which is declared here on type '{ data: (Without<UserUpdateManyMutationInput, UserUncheckedUpdateManyInput> & UserUncheckedUpdateManyInput) | (Without<...> & UserUpdateManyMutationInput); where?: UserWhereInput; }'

[96msrc/departments/departments.service.ts[0m:[93m54[0m:[93m24[0m - [91merror[0m[90m TS2339: [0mProperty 'department' does not exist on type 'PrismaService'.

[7m54[0m     return this.prisma.department.delete({ where: { id } });
[7m  [0m [91m                       ~~~~~~~~~~[0m

[96msrc/departments/departments.service.ts[0m:[93m64[0m:[93m37[0m - [91merror[0m[90m TS2339: [0mProperty 'departmentPermission' does not exist on type 'PrismaService'.

[7m64[0m     const perms = await this.prisma.departmentPermission.findMany({
[7m  [0m [91m                                    ~~~~~~~~~~~~~~~~~~~~[0m

[96msrc/departments/departments.service.ts[0m:[93m93[0m:[93m24[0m - [91merror[0m[90m TS2339: [0mProperty 'departmentPermission' does not exist on type 'PrismaService'.

[7m93[0m     return this.prisma.departmentPermission.upsert({
[7m  [0m [91m                       ~~~~~~~~~~~~~~~~~~~~[0m

[96msrc/departments/departments.service.ts[0m:[93m112[0m:[93m9[0m - [91merror[0m[90m TS2353: [0mObject literal may only specify known properties, and 'department' does not exist in type 'UserInclude<DefaultArgs>'.

[7m112[0m         department: {
[7m   [0m [91m        ~~~~~~~~~~[0m

  [96mnode_modules/.prisma/client/index.d.ts[0m:[93m5836[0m:[93m5[0m
    [7m5836[0m     include?: UserInclude<ExtArgs> | null
    [7m    [0m [96m    ~~~~~~~[0m
    The expected type comes from property 'include' which is declared here on type '{ select?: UserSelect<DefaultArgs>; include?: UserInclude<DefaultArgs>; where?: UserWhereInput; orderBy?: UserOrderByWithRelationInput | UserOrderByWithRelationInput[]; cursor?: UserWhereUniqueInput; take?: number; skip?: number; distinct?: UserScalarFieldEnum | UserScalarFieldEnum[]; }'

[96msrc/departments/departments.service.ts[0m:[93m119[0m:[93m18[0m - [91merror[0m[90m TS2339: [0mProperty 'department' does not exist on type '{ id: string; isActive: boolean; organizationId: string; createdAt: Date; updatedAt: Date; email: string; password: string; firstName: string; lastName: string; avatar: string; phone: string; role: UserRole; refreshToken: string; lastLoginAt: Date; }'.

[7m119[0m     return user?.department || null;
[7m   [0m [91m                 ~~~~~~~~~~[0m

[96msrc/departments/departments.service.ts[0m:[93m123[0m:[93m36[0m - [91merror[0m[90m TS2339: [0mProperty 'department' does not exist on type 'PrismaService'.

[7m123[0m     const dept = await this.prisma.department.findFirst({ where: { id, organizationId: orgId } });
[7m   [0m [91m                                   ~~~~~~~~~~[0m

[96msrc/email/email.service.ts[0m:[93m33[0m:[93m39[0m - [91merror[0m[90m TS2307: [0mCannot find module 'nodemailer' or its corresponding type declarations.

[7m33[0m       const nodemailer = await import('nodemailer').catch(() => null);
[7m  [0m [91m                                      ~~~~~~~~~~~~[0m

[96msrc/users/users.service.ts[0m:[93m67[0m:[93m9[0m - [91merror[0m[90m TS2353: [0mObject literal may only specify known properties, and 'departmentId' does not exist in type '(Without<UserCreateInput, UserUncheckedCreateInput> & UserUncheckedCreateInput) | (Without<...> & UserCreateInput)'.

[7m67[0m         departmentId: data.departmentId || null,
[7m  [0m [91m        ~~~~~~~~~~~~[0m

  [96mnode_modules/.prisma/client/index.d.ts[0m:[93m5979[0m:[93m5[0m
    [7m5979[0m     data: XOR<UserCreateInput, UserUncheckedCreateInput>
    [7m    [0m [96m    ~~~~[0m
    The expected type comes from property 'data' which is declared here on type '{ select?: UserSelect<DefaultArgs>; include?: UserInclude<DefaultArgs>; data: (Without<UserCreateInput, UserUncheckedCreateInput> & UserUncheckedCreateInput) | (Without<...> & UserCreateInput); }'

[96msrc/users/users.service.ts[0m:[93m156[0m:[93m49[0m - [91merror[0m[90m TS2339: [0mProperty 'departmentPermission' does not exist on type 'PrismaService'.

[7m156[0m       departmentPermissions = await this.prisma.departmentPermission.findMany({
[7m   [0m [91m                                                ~~~~~~~~~~~~~~~~~~~~[0m

[[90m13:33:25[0m] Found 16 errors. Watching for file changes.

[2J[3J[H[[90m13:43:29[0m] File change detected. Starting incremental compilation...

[96msrc/departments/departments.service.ts[0m:[93m9[0m:[93m24[0m - [91merror[0m[90m TS2339: [0mProperty 'department' does not exist on type 'PrismaService'.

[7m9[0m     return this.prisma.department.findMany({
[7m [0m [91m                       ~~~~~~~~~~[0m

[96msrc/departments/departments.service.ts[0m:[93m20[0m:[93m36[0m - [91merror[0m[90m TS2339: [0mProperty 'department' does not exist on type 'PrismaService'.

[7m20[0m     const dept = await this.prisma.department.findFirst({
[7m  [0m [91m                                   ~~~~~~~~~~[0m

[96msrc/departments/departments.service.ts[0m:[93m33[0m:[93m40[0m - [91merror[0m[90m TS2339: [0mProperty 'department' does not exist on type 'PrismaService'.

[7m33[0m     const existing = await this.prisma.department.findFirst({ where: { slug, organizationId: orgId } });
[7m  [0m [91m                                       ~~~~~~~~~~[0m

[96msrc/departments/departments.service.ts[0m:[93m35[0m:[93m24[0m - [91merror[0m[90m TS2339: [0mProperty 'department' does not exist on type 'PrismaService'.

[7m35[0m     return this.prisma.department.create({
[7m  [0m [91m                       ~~~~~~~~~~[0m

[96msrc/departments/departments.service.ts[0m:[93m47[0m:[93m24[0m - [91merror[0m[90m TS2339: [0mProperty 'department' does not exist on type 'PrismaService'.

[7m47[0m     return this.prisma.department.update({ where: { id }, data });
[7m  [0m [91m                       ~~~~~~~~~~[0m

[96msrc/departments/departments.service.ts[0m:[93m53[0m:[93m50[0m - [91merror[0m[90m TS2353: [0mObject literal may only specify known properties, and 'departmentId' does not exist in type 'UserWhereInput'.

[7m53[0m     await this.prisma.user.updateMany({ where: { departmentId: id }, data: { departmentId: null } });
[7m  [0m [91m                                                 ~~~~~~~~~~~~[0m

  [96mnode_modules/.prisma/client/index.d.ts[0m:[93m6026[0m:[93m5[0m
    [7m6026[0m     where?: UserWhereInput
    [7m    [0m [96m    ~~~~~[0m
    The expected type comes from property 'where' which is declared here on type '{ data: (Without<UserUpdateManyMutationInput, UserUncheckedUpdateManyInput> & UserUncheckedUpdateManyInput) | (Without<...> & UserUpdateManyMutationInput); where?: UserWhereInput; }'

[96msrc/departments/departments.service.ts[0m:[93m53[0m:[93m78[0m - [91merror[0m[90m TS2353: [0mObject literal may only specify known properties, and 'departmentId' does not exist in type '(Without<UserUpdateManyMutationInput, UserUncheckedUpdateManyInput> & UserUncheckedUpdateManyInput) | (Without<...> & UserUpdateManyMutationInput)'.

[7m53[0m     await this.prisma.user.updateMany({ where: { departmentId: id }, data: { departmentId: null } });
[7m  [0m [91m                                                                             ~~~~~~~~~~~~[0m

  [96mnode_modules/.prisma/client/index.d.ts[0m:[93m6022[0m:[93m5[0m
    [7m6022[0m     data: XOR<UserUpdateManyMutationInput, UserUncheckedUpdateManyInput>
    [7m    [0m [96m    ~~~~[0m
    The expected type comes from property 'data' which is declared here on type '{ data: (Without<UserUpdateManyMutationInput, UserUncheckedUpdateManyInput> & UserUncheckedUpdateManyInput) | (Without<...> & UserUpdateManyMutationInput); where?: UserWhereInput; }'

[96msrc/departments/departments.service.ts[0m:[93m54[0m:[93m24[0m - [91merror[0m[90m TS2339: [0mProperty 'department' does not exist on type 'PrismaService'.

[7m54[0m     return this.prisma.department.delete({ where: { id } });
[7m  [0m [91m                       ~~~~~~~~~~[0m

[96msrc/departments/departments.service.ts[0m:[93m64[0m:[93m37[0m - [91merror[0m[90m TS2339: [0mProperty 'departmentPermission' does not exist on type 'PrismaService'.

[7m64[0m     const perms = await this.prisma.departmentPermission.findMany({
[7m  [0m [91m                                    ~~~~~~~~~~~~~~~~~~~~[0m

[96msrc/departments/departments.service.ts[0m:[93m93[0m:[93m24[0m - [91merror[0m[90m TS2339: [0mProperty 'departmentPermission' does not exist on type 'PrismaService'.

[7m93[0m     return this.prisma.departmentPermission.upsert({
[7m  [0m [91m                       ~~~~~~~~~~~~~~~~~~~~[0m

[96msrc/departments/departments.service.ts[0m:[93m112[0m:[93m9[0m - [91merror[0m[90m TS2353: [0mObject literal may only specify known properties, and 'department' does not exist in type 'UserInclude<DefaultArgs>'.

[7m112[0m         department: {
[7m   [0m [91m        ~~~~~~~~~~[0m

  [96mnode_modules/.prisma/client/index.d.ts[0m:[93m5836[0m:[93m5[0m
    [7m5836[0m     include?: UserInclude<ExtArgs> | null
    [7m    [0m [96m    ~~~~~~~[0m
    The expected type comes from property 'include' which is declared here on type '{ select?: UserSelect<DefaultArgs>; include?: UserInclude<DefaultArgs>; where?: UserWhereInput; orderBy?: UserOrderByWithRelationInput | UserOrderByWithRelationInput[]; cursor?: UserWhereUniqueInput; take?: number; skip?: number; distinct?: UserScalarFieldEnum | UserScalarFieldEnum[]; }'

[96msrc/departments/departments.service.ts[0m:[93m119[0m:[93m18[0m - [91merror[0m[90m TS2339: [0mProperty 'department' does not exist on type '{ id: string; isActive: boolean; organizationId: string; createdAt: Date; updatedAt: Date; email: string; password: string; firstName: string; lastName: string; avatar: string; phone: string; role: UserRole; refreshToken: string; lastLoginAt: Date; }'.

[7m119[0m     return user?.department || null;
[7m   [0m [91m                 ~~~~~~~~~~[0m

[96msrc/departments/departments.service.ts[0m:[93m123[0m:[93m36[0m - [91merror[0m[90m TS2339: [0mProperty 'department' does not exist on type 'PrismaService'.

[7m123[0m     const dept = await this.prisma.department.findFirst({ where: { id, organizationId: orgId } });
[7m   [0m [91m                                   ~~~~~~~~~~[0m

[96msrc/email/email.service.ts[0m:[93m33[0m:[93m39[0m - [91merror[0m[90m TS2307: [0mCannot find module 'nodemailer' or its corresponding type declarations.

[7m33[0m       const nodemailer = await import('nodemailer').catch(() => null);
[7m  [0m [91m                                      ~~~~~~~~~~~~[0m

[96msrc/users/users.service.ts[0m:[93m67[0m:[93m9[0m - [91merror[0m[90m TS2353: [0mObject literal may only specify known properties, and 'departmentId' does not exist in type '(Without<UserCreateInput, UserUncheckedCreateInput> & UserUncheckedCreateInput) | (Without<...> & UserCreateInput)'.

[7m67[0m         departmentId: data.departmentId || null,
[7m  [0m [91m        ~~~~~~~~~~~~[0m

  [96mnode_modules/.prisma/client/index.d.ts[0m:[93m5979[0m:[93m5[0m
    [7m5979[0m     data: XOR<UserCreateInput, UserUncheckedCreateInput>
    [7m    [0m [96m    ~~~~[0m
    The expected type comes from property 'data' which is declared here on type '{ select?: UserSelect<DefaultArgs>; include?: UserInclude<DefaultArgs>; data: (Without<UserCreateInput, UserUncheckedCreateInput> & UserUncheckedCreateInput) | (Without<...> & UserCreateInput); }'

[96msrc/users/users.service.ts[0m:[93m156[0m:[93m49[0m - [91merror[0m[90m TS2339: [0mProperty 'departmentPermission' does not exist on type 'PrismaService'.

[7m156[0m       departmentPermissions = await this.prisma.departmentPermission.findMany({
[7m   [0m [91m                                                ~~~~~~~~~~~~~~~~~~~~[0m

[[90m13:43:30[0m] Found 16 errors. Watching for file changes.

[2J[3J[H[[90m13:50:46[0m] File change detected. Starting incremental compilation...

[96msrc/departments/departments.service.ts[0m:[93m9[0m:[93m24[0m - [91merror[0m[90m TS2339: [0mProperty 'department' does not exist on type 'PrismaService'.

[7m9[0m     return this.prisma.department.findMany({
[7m [0m [91m                       ~~~~~~~~~~[0m

[96msrc/departments/departments.service.ts[0m:[93m20[0m:[93m36[0m - [91merror[0m[90m TS2339: [0mProperty 'department' does not exist on type 'PrismaService'.

[7m20[0m     const dept = await this.prisma.department.findFirst({
[7m  [0m [91m                                   ~~~~~~~~~~[0m

[96msrc/departments/departments.service.ts[0m:[93m33[0m:[93m40[0m - [91merror[0m[90m TS2339: [0mProperty 'department' does not exist on type 'PrismaService'.

[7m33[0m     const existing = await this.prisma.department.findFirst({ where: { slug, organizationId: orgId } });
[7m  [0m [91m                                       ~~~~~~~~~~[0m

[96msrc/departments/departments.service.ts[0m:[93m35[0m:[93m24[0m - [91merror[0m[90m TS2339: [0mProperty 'department' does not exist on type 'PrismaService'.

[7m35[0m     return this.prisma.department.create({
[7m  [0m [91m                       ~~~~~~~~~~[0m

[96msrc/departments/departments.service.ts[0m:[93m47[0m:[93m24[0m - [91merror[0m[90m TS2339: [0mProperty 'department' does not exist on type 'PrismaService'.

[7m47[0m     return this.prisma.department.update({ where: { id }, data });
[7m  [0m [91m                       ~~~~~~~~~~[0m

[96msrc/departments/departments.service.ts[0m:[93m53[0m:[93m50[0m - [91merror[0m[90m TS2353: [0mObject literal may only specify known properties, and 'departmentId' does not exist in type 'UserWhereInput'.

[7m53[0m     await this.prisma.user.updateMany({ where: { departmentId: id }, data: { departmentId: null } });
[7m  [0m [91m                                                 ~~~~~~~~~~~~[0m

  [96mnode_modules/.prisma/client/index.d.ts[0m:[93m6026[0m:[93m5[0m
    [7m6026[0m     where?: UserWhereInput
    [7m    [0m [96m    ~~~~~[0m
    The expected type comes from property 'where' which is declared here on type '{ data: (Without<UserUpdateManyMutationInput, UserUncheckedUpdateManyInput> & UserUncheckedUpdateManyInput) | (Without<...> & UserUpdateManyMutationInput); where?: UserWhereInput; }'

[96msrc/departments/departments.service.ts[0m:[93m53[0m:[93m78[0m - [91merror[0m[90m TS2353: [0mObject literal may only specify known properties, and 'departmentId' does not exist in type '(Without<UserUpdateManyMutationInput, UserUncheckedUpdateManyInput> & UserUncheckedUpdateManyInput) | (Without<...> & UserUpdateManyMutationInput)'.

[7m53[0m     await this.prisma.user.updateMany({ where: { departmentId: id }, data: { departmentId: null } });
[7m  [0m [91m                                                                             ~~~~~~~~~~~~[0m

  [96mnode_modules/.prisma/client/index.d.ts[0m:[93m6022[0m:[93m5[0m
    [7m6022[0m     data: XOR<UserUpdateManyMutationInput, UserUncheckedUpdateManyInput>
    [7m    [0m [96m    ~~~~[0m
    The expected type comes from property 'data' which is declared here on type '{ data: (Without<UserUpdateManyMutationInput, UserUncheckedUpdateManyInput> & UserUncheckedUpdateManyInput) | (Without<...> & UserUpdateManyMutationInput); where?: UserWhereInput; }'

[96msrc/departments/departments.service.ts[0m:[93m54[0m:[93m24[0m - [91merror[0m[90m TS2339: [0mProperty 'department' does not exist on type 'PrismaService'.

[7m54[0m     return this.prisma.department.delete({ where: { id } });
[7m  [0m [91m                       ~~~~~~~~~~[0m

[96msrc/departments/departments.service.ts[0m:[93m64[0m:[93m37[0m - [91merror[0m[90m TS2339: [0mProperty 'departmentPermission' does not exist on type 'PrismaService'.

[7m64[0m     const perms = await this.prisma.departmentPermission.findMany({
[7m  [0m [91m                                    ~~~~~~~~~~~~~~~~~~~~[0m

[96msrc/departments/departments.service.ts[0m:[93m93[0m:[93m24[0m - [91merror[0m[90m TS2339: [0mProperty 'departmentPermission' does not exist on type 'PrismaService'.

[7m93[0m     return this.prisma.departmentPermission.upsert({
[7m  [0m [91m                       ~~~~~~~~~~~~~~~~~~~~[0m

[96msrc/departments/departments.service.ts[0m:[93m112[0m:[93m9[0m - [91merror[0m[90m TS2353: [0mObject literal may only specify known properties, and 'department' does not exist in type 'UserInclude<DefaultArgs>'.

[7m112[0m         department: {
[7m   [0m [91m        ~~~~~~~~~~[0m

  [96mnode_modules/.prisma/client/index.d.ts[0m:[93m5836[0m:[93m5[0m
    [7m5836[0m     include?: UserInclude<ExtArgs> | null
    [7m    [0m [96m    ~~~~~~~[0m
    The expected type comes from property 'include' which is declared here on type '{ select?: UserSelect<DefaultArgs>; include?: UserInclude<DefaultArgs>; where?: UserWhereInput; orderBy?: UserOrderByWithRelationInput | UserOrderByWithRelationInput[]; cursor?: UserWhereUniqueInput; take?: number; skip?: number; distinct?: UserScalarFieldEnum | UserScalarFieldEnum[]; }'

[96msrc/departments/departments.service.ts[0m:[93m119[0m:[93m18[0m - [91merror[0m[90m TS2339: [0mProperty 'department' does not exist on type '{ id: string; isActive: boolean; organizationId: string; createdAt: Date; updatedAt: Date; email: string; password: string; firstName: string; lastName: string; avatar: string; phone: string; role: UserRole; refreshToken: string; lastLoginAt: Date; }'.

[7m119[0m     return user?.department || null;
[7m   [0m [91m                 ~~~~~~~~~~[0m

[96msrc/departments/departments.service.ts[0m:[93m123[0m:[93m36[0m - [91merror[0m[90m TS2339: [0mProperty 'department' does not exist on type 'PrismaService'.

[7m123[0m     const dept = await this.prisma.department.findFirst({ where: { id, organizationId: orgId } });
[7m   [0m [91m                                   ~~~~~~~~~~[0m

[96msrc/email/email.service.ts[0m:[93m33[0m:[93m39[0m - [91merror[0m[90m TS2307: [0mCannot find module 'nodemailer' or its corresponding type declarations.

[7m33[0m       const nodemailer = await import('nodemailer').catch(() => null);
[7m  [0m [91m                                      ~~~~~~~~~~~~[0m

[96msrc/users/users.service.ts[0m:[93m67[0m:[93m9[0m - [91merror[0m[90m TS2353: [0mObject literal may only specify known properties, and 'departmentId' does not exist in type '(Without<UserCreateInput, UserUncheckedCreateInput> & UserUncheckedCreateInput) | (Without<...> & UserCreateInput)'.

[7m67[0m         departmentId: data.departmentId || null,
[7m  [0m [91m        ~~~~~~~~~~~~[0m

  [96mnode_modules/.prisma/client/index.d.ts[0m:[93m5979[0m:[93m5[0m
    [7m5979[0m     data: XOR<UserCreateInput, UserUncheckedCreateInput>
    [7m    [0m [96m    ~~~~[0m
    The expected type comes from property 'data' which is declared here on type '{ select?: UserSelect<DefaultArgs>; include?: UserInclude<DefaultArgs>; data: (Without<UserCreateInput, UserUncheckedCreateInput> & UserUncheckedCreateInput) | (Without<...> & UserCreateInput); }'

[96msrc/users/users.service.ts[0m:[93m156[0m:[93m49[0m - [91merror[0m[90m TS2339: [0mProperty 'departmentPermission' does not exist on type 'PrismaService'.

[7m156[0m       departmentPermissions = await this.prisma.departmentPermission.findMany({
[7m   [0m [91m                                                ~~~~~~~~~~~~~~~~~~~~[0m

[[90m13:50:46[0m] Found 16 errors. Watching for file changes.

[2J[3J[H[[90m13:50:54[0m] File change detected. Starting incremental compilation...

[96msrc/departments/departments.service.ts[0m:[93m9[0m:[93m24[0m - [91merror[0m[90m TS2339: [0mProperty 'department' does not exist on type 'PrismaService'.

[7m9[0m     return this.prisma.department.findMany({
[7m [0m [91m                       ~~~~~~~~~~[0m

[96msrc/departments/departments.service.ts[0m:[93m20[0m:[93m36[0m - [91merror[0m[90m TS2339: [0mProperty 'department' does not exist on type 'PrismaService'.

[7m20[0m     const dept = await this.prisma.department.findFirst({
[7m  [0m [91m                                   ~~~~~~~~~~[0m

[96msrc/departments/departments.service.ts[0m:[93m33[0m:[93m40[0m - [91merror[0m[90m TS2339: [0mProperty 'department' does not exist on type 'PrismaService'.

[7m33[0m     const existing = await this.prisma.department.findFirst({ where: { slug, organizationId: orgId } });
[7m  [0m [91m                                       ~~~~~~~~~~[0m

[96msrc/departments/departments.service.ts[0m:[93m35[0m:[93m24[0m - [91merror[0m[90m TS2339: [0mProperty 'department' does not exist on type 'PrismaService'.

[7m35[0m     return this.prisma.department.create({
[7m  [0m [91m                       ~~~~~~~~~~[0m

[96msrc/departments/departments.service.ts[0m:[93m47[0m:[93m24[0m - [91merror[0m[90m TS2339: [0mProperty 'department' does not exist on type 'PrismaService'.

[7m47[0m     return this.prisma.department.update({ where: { id }, data });
[7m  [0m [91m                       ~~~~~~~~~~[0m

[96msrc/departments/departments.service.ts[0m:[93m53[0m:[93m50[0m - [91merror[0m[90m TS2353: [0mObject literal may only specify known properties, and 'departmentId' does not exist in type 'UserWhereInput'.

[7m53[0m     await this.prisma.user.updateMany({ where: { departmentId: id }, data: { departmentId: null } });
[7m  [0m [91m                                                 ~~~~~~~~~~~~[0m

  [96mnode_modules/.prisma/client/index.d.ts[0m:[93m6026[0m:[93m5[0m
    [7m6026[0m     where?: UserWhereInput
    [7m    [0m [96m    ~~~~~[0m
    The expected type comes from property 'where' which is declared here on type '{ data: (Without<UserUpdateManyMutationInput, UserUncheckedUpdateManyInput> & UserUncheckedUpdateManyInput) | (Without<...> & UserUpdateManyMutationInput); where?: UserWhereInput; }'

[96msrc/departments/departments.service.ts[0m:[93m53[0m:[93m78[0m - [91merror[0m[90m TS2353: [0mObject literal may only specify known properties, and 'departmentId' does not exist in type '(Without<UserUpdateManyMutationInput, UserUncheckedUpdateManyInput> & UserUncheckedUpdateManyInput) | (Without<...> & UserUpdateManyMutationInput)'.

[7m53[0m     await this.prisma.user.updateMany({ where: { departmentId: id }, data: { departmentId: null } });
[7m  [0m [91m                                                                             ~~~~~~~~~~~~[0m

  [96mnode_modules/.prisma/client/index.d.ts[0m:[93m6022[0m:[93m5[0m
    [7m6022[0m     data: XOR<UserUpdateManyMutationInput, UserUncheckedUpdateManyInput>
    [7m    [0m [96m    ~~~~[0m
    The expected type comes from property 'data' which is declared here on type '{ data: (Without<UserUpdateManyMutationInput, UserUncheckedUpdateManyInput> & UserUncheckedUpdateManyInput) | (Without<...> & UserUpdateManyMutationInput); where?: UserWhereInput; }'

[96msrc/departments/departments.service.ts[0m:[93m54[0m:[93m24[0m - [91merror[0m[90m TS2339: [0mProperty 'department' does not exist on type 'PrismaService'.

[7m54[0m     return this.prisma.department.delete({ where: { id } });
[7m  [0m [91m                       ~~~~~~~~~~[0m

[96msrc/departments/departments.service.ts[0m:[93m64[0m:[93m37[0m - [91merror[0m[90m TS2339: [0mProperty 'departmentPermission' does not exist on type 'PrismaService'.

[7m64[0m     const perms = await this.prisma.departmentPermission.findMany({
[7m  [0m [91m                                    ~~~~~~~~~~~~~~~~~~~~[0m

[96msrc/departments/departments.service.ts[0m:[93m93[0m:[93m24[0m - [91merror[0m[90m TS2339: [0mProperty 'departmentPermission' does not exist on type 'PrismaService'.

[7m93[0m     return this.prisma.departmentPermission.upsert({
[7m  [0m [91m                       ~~~~~~~~~~~~~~~~~~~~[0m

[96msrc/departments/departments.service.ts[0m:[93m112[0m:[93m9[0m - [91merror[0m[90m TS2353: [0mObject literal may only specify known properties, and 'department' does not exist in type 'UserInclude<DefaultArgs>'.

[7m112[0m         department: {
[7m   [0m [91m        ~~~~~~~~~~[0m

  [96mnode_modules/.prisma/client/index.d.ts[0m:[93m5836[0m:[93m5[0m
    [7m5836[0m     include?: UserInclude<ExtArgs> | null
    [7m    [0m [96m    ~~~~~~~[0m
    The expected type comes from property 'include' which is declared here on type '{ select?: UserSelect<DefaultArgs>; include?: UserInclude<DefaultArgs>; where?: UserWhereInput; orderBy?: UserOrderByWithRelationInput | UserOrderByWithRelationInput[]; cursor?: UserWhereUniqueInput; take?: number; skip?: number; distinct?: UserScalarFieldEnum | UserScalarFieldEnum[]; }'

[96msrc/departments/departments.service.ts[0m:[93m119[0m:[93m18[0m - [91merror[0m[90m TS2339: [0mProperty 'department' does not exist on type '{ id: string; isActive: boolean; organizationId: string; createdAt: Date; updatedAt: Date; email: string; password: string; firstName: string; lastName: string; avatar: string; phone: string; role: UserRole; refreshToken: string; lastLoginAt: Date; }'.

[7m119[0m     return user?.department || null;
[7m   [0m [91m                 ~~~~~~~~~~[0m

[96msrc/departments/departments.service.ts[0m:[93m123[0m:[93m36[0m - [91merror[0m[90m TS2339: [0mProperty 'department' does not exist on type 'PrismaService'.

[7m123[0m     const dept = await this.prisma.department.findFirst({ where: { id, organizationId: orgId } });
[7m   [0m [91m                                   ~~~~~~~~~~[0m

[96msrc/email/email.service.ts[0m:[93m33[0m:[93m39[0m - [91merror[0m[90m TS2307: [0mCannot find module 'nodemailer' or its corresponding type declarations.

[7m33[0m       const nodemailer = await import('nodemailer').catch(() => null);
[7m  [0m [91m                                      ~~~~~~~~~~~~[0m

[96msrc/users/users.service.ts[0m:[93m67[0m:[93m9[0m - [91merror[0m[90m TS2353: [0mObject literal may only specify known properties, and 'departmentId' does not exist in type '(Without<UserCreateInput, UserUncheckedCreateInput> & UserUncheckedCreateInput) | (Without<...> & UserCreateInput)'.

[7m67[0m         departmentId: data.departmentId || null,
[7m  [0m [91m        ~~~~~~~~~~~~[0m

  [96mnode_modules/.prisma/client/index.d.ts[0m:[93m5979[0m:[93m5[0m
    [7m5979[0m     data: XOR<UserCreateInput, UserUncheckedCreateInput>
    [7m    [0m [96m    ~~~~[0m
    The expected type comes from property 'data' which is declared here on type '{ select?: UserSelect<DefaultArgs>; include?: UserInclude<DefaultArgs>; data: (Without<UserCreateInput, UserUncheckedCreateInput> & UserUncheckedCreateInput) | (Without<...> & UserCreateInput); }'

[96msrc/users/users.service.ts[0m:[93m156[0m:[93m49[0m - [91merror[0m[90m TS2339: [0mProperty 'departmentPermission' does not exist on type 'PrismaService'.

[7m156[0m       departmentPermissions = await this.prisma.departmentPermission.findMany({
[7m   [0m [91m                                                ~~~~~~~~~~~~~~~~~~~~[0m

[[90m13:50:54[0m] Found 16 errors. Watching for file changes.

[2J[3J[H[[90m13:50:58[0m] File change detected. Starting incremental compilation...

[96msrc/departments/departments.service.ts[0m:[93m9[0m:[93m24[0m - [91merror[0m[90m TS2339: [0mProperty 'department' does not exist on type 'PrismaService'.

[7m9[0m     return this.prisma.department.findMany({
[7m [0m [91m                       ~~~~~~~~~~[0m

[96msrc/departments/departments.service.ts[0m:[93m20[0m:[93m36[0m - [91merror[0m[90m TS2339: [0mProperty 'department' does not exist on type 'PrismaService'.

[7m20[0m     const dept = await this.prisma.department.findFirst({
[7m  [0m [91m                                   ~~~~~~~~~~[0m

[96msrc/departments/departments.service.ts[0m:[93m33[0m:[93m40[0m - [91merror[0m[90m TS2339: [0mProperty 'department' does not exist on type 'PrismaService'.

[7m33[0m     const existing = await this.prisma.department.findFirst({ where: { slug, organizationId: orgId } });
[7m  [0m [91m                                       ~~~~~~~~~~[0m

[96msrc/departments/departments.service.ts[0m:[93m35[0m:[93m24[0m - [91merror[0m[90m TS2339: [0mProperty 'department' does not exist on type 'PrismaService'.

[7m35[0m     return this.prisma.department.create({
[7m  [0m [91m                       ~~~~~~~~~~[0m

[96msrc/departments/departments.service.ts[0m:[93m47[0m:[93m24[0m - [91merror[0m[90m TS2339: [0mProperty 'department' does not exist on type 'PrismaService'.

[7m47[0m     return this.prisma.department.update({ where: { id }, data });
[7m  [0m [91m                       ~~~~~~~~~~[0m

[96msrc/departments/departments.service.ts[0m:[93m53[0m:[93m50[0m - [91merror[0m[90m TS2353: [0mObject literal may only specify known properties, and 'departmentId' does not exist in type 'UserWhereInput'.

[7m53[0m     await this.prisma.user.updateMany({ where: { departmentId: id }, data: { departmentId: null } });
[7m  [0m [91m                                                 ~~~~~~~~~~~~[0m

  [96mnode_modules/.prisma/client/index.d.ts[0m:[93m6026[0m:[93m5[0m
    [7m6026[0m     where?: UserWhereInput
    [7m    [0m [96m    ~~~~~[0m
    The expected type comes from property 'where' which is declared here on type '{ data: (Without<UserUpdateManyMutationInput, UserUncheckedUpdateManyInput> & UserUncheckedUpdateManyInput) | (Without<...> & UserUpdateManyMutationInput); where?: UserWhereInput; }'

[96msrc/departments/departments.service.ts[0m:[93m53[0m:[93m78[0m - [91merror[0m[90m TS2353: [0mObject literal may only specify known properties, and 'departmentId' does not exist in type '(Without<UserUpdateManyMutationInput, UserUncheckedUpdateManyInput> & UserUncheckedUpdateManyInput) | (Without<...> & UserUpdateManyMutationInput)'.

[7m53[0m     await this.prisma.user.updateMany({ where: { departmentId: id }, data: { departmentId: null } });
[7m  [0m [91m                                                                             ~~~~~~~~~~~~[0m

  [96mnode_modules/.prisma/client/index.d.ts[0m:[93m6022[0m:[93m5[0m
    [7m6022[0m     data: XOR<UserUpdateManyMutationInput, UserUncheckedUpdateManyInput>
    [7m    [0m [96m    ~~~~[0m
    The expected type comes from property 'data' which is declared here on type '{ data: (Without<UserUpdateManyMutationInput, UserUncheckedUpdateManyInput> & UserUncheckedUpdateManyInput) | (Without<...> & UserUpdateManyMutationInput); where?: UserWhereInput; }'

[96msrc/departments/departments.service.ts[0m:[93m54[0m:[93m24[0m - [91merror[0m[90m TS2339: [0mProperty 'department' does not exist on type 'PrismaService'.

[7m54[0m     return this.prisma.department.delete({ where: { id } });
[7m  [0m [91m                       ~~~~~~~~~~[0m

[96msrc/departments/departments.service.ts[0m:[93m64[0m:[93m37[0m - [91merror[0m[90m TS2339: [0mProperty 'departmentPermission' does not exist on type 'PrismaService'.

[7m64[0m     const perms = await this.prisma.departmentPermission.findMany({
[7m  [0m [91m                                    ~~~~~~~~~~~~~~~~~~~~[0m

[96msrc/departments/departments.service.ts[0m:[93m93[0m:[93m24[0m - [91merror[0m[90m TS2339: [0mProperty 'departmentPermission' does not exist on type 'PrismaService'.

[7m93[0m     return this.prisma.departmentPermission.upsert({
[7m  [0m [91m                       ~~~~~~~~~~~~~~~~~~~~[0m

[96msrc/departments/departments.service.ts[0m:[93m112[0m:[93m9[0m - [91merror[0m[90m TS2353: [0mObject literal may only specify known properties, and 'department' does not exist in type 'UserInclude<DefaultArgs>'.

[7m112[0m         department: {
[7m   [0m [91m        ~~~~~~~~~~[0m

  [96mnode_modules/.prisma/client/index.d.ts[0m:[93m5836[0m:[93m5[0m
    [7m5836[0m     include?: UserInclude<ExtArgs> | null
    [7m    [0m [96m    ~~~~~~~[0m
    The expected type comes from property 'include' which is declared here on type '{ select?: UserSelect<DefaultArgs>; include?: UserInclude<DefaultArgs>; where?: UserWhereInput; orderBy?: UserOrderByWithRelationInput | UserOrderByWithRelationInput[]; cursor?: UserWhereUniqueInput; take?: number; skip?: number; distinct?: UserScalarFieldEnum | UserScalarFieldEnum[]; }'

[96msrc/departments/departments.service.ts[0m:[93m119[0m:[93m18[0m - [91merror[0m[90m TS2339: [0mProperty 'department' does not exist on type '{ id: string; isActive: boolean; organizationId: string; createdAt: Date; updatedAt: Date; email: string; password: string; firstName: string; lastName: string; avatar: string; phone: string; role: UserRole; refreshToken: string; lastLoginAt: Date; }'.

[7m119[0m     return user?.department || null;
[7m   [0m [91m                 ~~~~~~~~~~[0m

[96msrc/departments/departments.service.ts[0m:[93m123[0m:[93m36[0m - [91merror[0m[90m TS2339: [0mProperty 'department' does not exist on type 'PrismaService'.

[7m123[0m     const dept = await this.prisma.department.findFirst({ where: { id, organizationId: orgId } });
[7m   [0m [91m                                   ~~~~~~~~~~[0m

[96msrc/email/email.service.ts[0m:[93m33[0m:[93m39[0m - [91merror[0m[90m TS2307: [0mCannot find module 'nodemailer' or its corresponding type declarations.

[7m33[0m       const nodemailer = await import('nodemailer').catch(() => null);
[7m  [0m [91m                                      ~~~~~~~~~~~~[0m

[96msrc/users/users.service.ts[0m:[93m67[0m:[93m9[0m - [91merror[0m[90m TS2353: [0mObject literal may only specify known properties, and 'departmentId' does not exist in type '(Without<UserCreateInput, UserUncheckedCreateInput> & UserUncheckedCreateInput) | (Without<...> & UserCreateInput)'.

[7m67[0m         departmentId: data.departmentId || null,
[7m  [0m [91m        ~~~~~~~~~~~~[0m

  [96mnode_modules/.prisma/client/index.d.ts[0m:[93m5979[0m:[93m5[0m
    [7m5979[0m     data: XOR<UserCreateInput, UserUncheckedCreateInput>
    [7m    [0m [96m    ~~~~[0m
    The expected type comes from property 'data' which is declared here on type '{ select?: UserSelect<DefaultArgs>; include?: UserInclude<DefaultArgs>; data: (Without<UserCreateInput, UserUncheckedCreateInput> & UserUncheckedCreateInput) | (Without<...> & UserCreateInput); }'

[96msrc/users/users.service.ts[0m:[93m156[0m:[93m49[0m - [91merror[0m[90m TS2339: [0mProperty 'departmentPermission' does not exist on type 'PrismaService'.

[7m156[0m       departmentPermissions = await this.prisma.departmentPermission.findMany({
[7m   [0m [91m                                                ~~~~~~~~~~~~~~~~~~~~[0m

[[90m13:50:58[0m] Found 16 errors. Watching for file changes.

[2J[3J[H[[90m13:51:06[0m] File change detected. Starting incremental compilation...

[96msrc/departments/departments.service.ts[0m:[93m9[0m:[93m24[0m - [91merror[0m[90m TS2339: [0mProperty 'department' does not exist on type 'PrismaService'.

[7m9[0m     return this.prisma.department.findMany({
[7m [0m [91m                       ~~~~~~~~~~[0m

[96msrc/departments/departments.service.ts[0m:[93m20[0m:[93m36[0m - [91merror[0m[90m TS2339: [0mProperty 'department' does not exist on type 'PrismaService'.

[7m20[0m     const dept = await this.prisma.department.findFirst({
[7m  [0m [91m                                   ~~~~~~~~~~[0m

[96msrc/departments/departments.service.ts[0m:[93m33[0m:[93m40[0m - [91merror[0m[90m TS2339: [0mProperty 'department' does not exist on type 'PrismaService'.

[7m33[0m     const existing = await this.prisma.department.findFirst({ where: { slug, organizationId: orgId } });
[7m  [0m [91m                                       ~~~~~~~~~~[0m

[96msrc/departments/departments.service.ts[0m:[93m35[0m:[93m24[0m - [91merror[0m[90m TS2339: [0mProperty 'department' does not exist on type 'PrismaService'.

[7m35[0m     return this.prisma.department.create({
[7m  [0m [91m                       ~~~~~~~~~~[0m

[96msrc/departments/departments.service.ts[0m:[93m47[0m:[93m24[0m - [91merror[0m[90m TS2339: [0mProperty 'department' does not exist on type 'PrismaService'.

[7m47[0m     return this.prisma.department.update({ where: { id }, data });
[7m  [0m [91m                       ~~~~~~~~~~[0m

[96msrc/departments/departments.service.ts[0m:[93m53[0m:[93m50[0m - [91merror[0m[90m TS2353: [0mObject literal may only specify known properties, and 'departmentId' does not exist in type 'UserWhereInput'.

[7m53[0m     await this.prisma.user.updateMany({ where: { departmentId: id }, data: { departmentId: null } });
[7m  [0m [91m                                                 ~~~~~~~~~~~~[0m

  [96mnode_modules/.prisma/client/index.d.ts[0m:[93m6026[0m:[93m5[0m
    [7m6026[0m     where?: UserWhereInput
    [7m    [0m [96m    ~~~~~[0m
    The expected type comes from property 'where' which is declared here on type '{ data: (Without<UserUpdateManyMutationInput, UserUncheckedUpdateManyInput> & UserUncheckedUpdateManyInput) | (Without<...> & UserUpdateManyMutationInput); where?: UserWhereInput; }'

[96msrc/departments/departments.service.ts[0m:[93m53[0m:[93m78[0m - [91merror[0m[90m TS2353: [0mObject literal may only specify known properties, and 'departmentId' does not exist in type '(Without<UserUpdateManyMutationInput, UserUncheckedUpdateManyInput> & UserUncheckedUpdateManyInput) | (Without<...> & UserUpdateManyMutationInput)'.

[7m53[0m     await this.prisma.user.updateMany({ where: { departmentId: id }, data: { departmentId: null } });
[7m  [0m [91m                                                                             ~~~~~~~~~~~~[0m

  [96mnode_modules/.prisma/client/index.d.ts[0m:[93m6022[0m:[93m5[0m
    [7m6022[0m     data: XOR<UserUpdateManyMutationInput, UserUncheckedUpdateManyInput>
    [7m    [0m [96m    ~~~~[0m
    The expected type comes from property 'data' which is declared here on type '{ data: (Without<UserUpdateManyMutationInput, UserUncheckedUpdateManyInput> & UserUncheckedUpdateManyInput) | (Without<...> & UserUpdateManyMutationInput); where?: UserWhereInput; }'

[96msrc/departments/departments.service.ts[0m:[93m54[0m:[93m24[0m - [91merror[0m[90m TS2339: [0mProperty 'department' does not exist on type 'PrismaService'.

[7m54[0m     return this.prisma.department.delete({ where: { id } });
[7m  [0m [91m                       ~~~~~~~~~~[0m

[96msrc/departments/departments.service.ts[0m:[93m64[0m:[93m37[0m - [91merror[0m[90m TS2339: [0mProperty 'departmentPermission' does not exist on type 'PrismaService'.

[7m64[0m     const perms = await this.prisma.departmentPermission.findMany({
[7m  [0m [91m                                    ~~~~~~~~~~~~~~~~~~~~[0m

[96msrc/departments/departments.service.ts[0m:[93m93[0m:[93m24[0m - [91merror[0m[90m TS2339: [0mProperty 'departmentPermission' does not exist on type 'PrismaService'.

[7m93[0m     return this.prisma.departmentPermission.upsert({
[7m  [0m [91m                       ~~~~~~~~~~~~~~~~~~~~[0m

[96msrc/departments/departments.service.ts[0m:[93m112[0m:[93m9[0m - [91merror[0m[90m TS2353: [0mObject literal may only specify known properties, and 'department' does not exist in type 'UserInclude<DefaultArgs>'.

[7m112[0m         department: {
[7m   [0m [91m        ~~~~~~~~~~[0m

  [96mnode_modules/.prisma/client/index.d.ts[0m:[93m5836[0m:[93m5[0m
    [7m5836[0m     include?: UserInclude<ExtArgs> | null
    [7m    [0m [96m    ~~~~~~~[0m
    The expected type comes from property 'include' which is declared here on type '{ select?: UserSelect<DefaultArgs>; include?: UserInclude<DefaultArgs>; where?: UserWhereInput; orderBy?: UserOrderByWithRelationInput | UserOrderByWithRelationInput[]; cursor?: UserWhereUniqueInput; take?: number; skip?: number; distinct?: UserScalarFieldEnum | UserScalarFieldEnum[]; }'

[96msrc/departments/departments.service.ts[0m:[93m119[0m:[93m18[0m - [91merror[0m[90m TS2339: [0mProperty 'department' does not exist on type '{ id: string; isActive: boolean; organizationId: string; createdAt: Date; updatedAt: Date; email: string; password: string; firstName: string; lastName: string; avatar: string; phone: string; role: UserRole; refreshToken: string; lastLoginAt: Date; }'.

[7m119[0m     return user?.department || null;
[7m   [0m [91m                 ~~~~~~~~~~[0m

[96msrc/departments/departments.service.ts[0m:[93m123[0m:[93m36[0m - [91merror[0m[90m TS2339: [0mProperty 'department' does not exist on type 'PrismaService'.

[7m123[0m     const dept = await this.prisma.department.findFirst({ where: { id, organizationId: orgId } });
[7m   [0m [91m                                   ~~~~~~~~~~[0m

[96msrc/email/email.service.ts[0m:[93m33[0m:[93m39[0m - [91merror[0m[90m TS2307: [0mCannot find module 'nodemailer' or its corresponding type declarations.

[7m33[0m       const nodemailer = await import('nodemailer').catch(() => null);
[7m  [0m [91m                                      ~~~~~~~~~~~~[0m

[96msrc/users/users.controller.ts[0m:[93m21[0m:[93m30[0m - [91merror[0m[90m TS2339: [0mProperty 'create' does not exist on type 'UsersService'.

[7m21[0m     return this.usersService.create(user.organizationId, body);
[7m  [0m [91m                             ~~~~~~[0m

[96msrc/users/users.controller.ts[0m:[93m26[0m:[93m30[0m - [91merror[0m[90m TS2339: [0mProperty 'getProfile' does not exist on type 'UsersService'.

[7m26[0m     return this.usersService.getProfile(user.sub, user.organizationId);
[7m  [0m [91m                             ~~~~~~~~~~[0m

[96msrc/users/users.controller.ts[0m:[93m36[0m:[93m30[0m - [91merror[0m[90m TS2339: [0mProperty 'getProfile' does not exist on type 'UsersService'.

[7m36[0m     return this.usersService.getProfile(id, user.organizationId);
[7m  [0m [91m                             ~~~~~~~~~~[0m

[96msrc/users/users.controller.ts[0m:[93m51[0m:[93m30[0m - [91merror[0m[90m TS2339: [0mProperty 'reactivate' does not exist on type 'UsersService'.

[7m51[0m     return this.usersService.reactivate(id, user.organizationId);
[7m  [0m [91m                             ~~~~~~~~~~[0m

[96msrc/users/users.controller.ts[0m:[93m56[0m:[93m30[0m - [91merror[0m[90m TS2339: [0mProperty 'deactivate' does not exist on type 'UsersService'.

[7m56[0m     return this.usersService.deactivate(id, user.organizationId);
[7m  [0m [91m                             ~~~~~~~~~~[0m

[96msrc/users/users.service.ts[0m:[93m15[0m:[93m22[0m - [91merror[0m[90m TS2353: [0mObject literal may only specify known properties, and 'jobTitle' does not exist in type 'UserSelect<DefaultArgs>'.

[7m15[0m         phone: true, jobTitle: true,
[7m  [0m [91m                     ~~~~~~~~[0m

  [96mnode_modules/.prisma/client/index.d.ts[0m:[93m5928[0m:[93m5[0m
    [7m5928[0m     select?: UserSelect<ExtArgs> | null
    [7m    [0m [96m    ~~~~~~[0m
    The expected type comes from property 'select' which is declared here on type '{ select?: UserSelect<DefaultArgs>; include?: UserInclude<DefaultArgs>; where?: UserWhereInput; orderBy?: UserOrderByWithRelationInput | UserOrderByWithRelationInput[]; cursor?: UserWhereUniqueInput; take?: number; skip?: number; distinct?: UserScalarFieldEnum | UserScalarFieldEnum[]; }'

[[90m13:51:07[0m] Found 20 errors. Watching for file changes.

[32m[Nest] 25384  - [39m23/05/2026, 13:51:09 [32m    LOG[39m [38;5;3m[NestFactory] [39m[32mStarting Nest application...[39m
[32m[Nest] 25384  - [39m23/05/2026, 13:51:09 [32m    LOG[39m [38;5;3m[InstanceLoader] [39m[32mAppModule dependencies initialized[39m[38;5;3m +17ms[39m
[32m[Nest] 25384  - [39m23/05/2026, 13:51:09 [32m    LOG[39m [38;5;3m[InstanceLoader] [39m[32mPrismaModule dependencies initialized[39m[38;5;3m +10ms[39m
[32m[Nest] 25384  - [39m23/05/2026, 13:51:09 [32m    LOG[39m [38;5;3m[InstanceLoader] [39m[32mPassportModule dependencies initialized[39m[38;5;3m +0ms[39m
[32m[Nest] 25384  - [39m23/05/2026, 13:51:09 [32m    LOG[39m [38;5;3m[InstanceLoader] [39m[32mWebsocketModule dependencies initialized[39m[38;5;3m +0ms[39m
[32m[Nest] 25384  - [39m23/05/2026, 13:51:09 [32m    LOG[39m [38;5;3m[InstanceLoader] [39m[32mThrottlerModule dependencies initialized[39m[38;5;3m +4ms[39m
[32m[Nest] 25384  - [39m23/05/2026, 13:51:09 [32m    LOG[39m [38;5;3m[InstanceLoader] [39m[32mJwtModule dependencies initialized[39m[38;5;3m +0ms[39m
[32m[Nest] 25384  - [39m23/05/2026, 13:51:09 [32m    LOG[39m [38;5;3m[InstanceLoader] [39m[32mConfigHostModule dependencies initialized[39m[38;5;3m +1ms[39m
[32m[Nest] 25384  - [39m23/05/2026, 13:51:09 [32m    LOG[39m [38;5;3m[InstanceLoader] [39m[32mDiscoveryModule dependencies initialized[39m[38;5;3m +0ms[39m
[32m[Nest] 25384  - [39m23/05/2026, 13:51:09 [32m    LOG[39m [38;5;3m[InstanceLoader] [39m[32mConfigModule dependencies initialized[39m[38;5;3m +1ms[39m
[32m[Nest] 25384  - [39m23/05/2026, 13:51:09 [32m    LOG[39m [38;5;3m[InstanceLoader] [39m[32mScheduleModule dependencies initialized[39m[38;5;3m +0ms[39m
[32m[Nest] 25384  - [39m23/05/2026, 13:51:09 [32m    LOG[39m [38;5;3m[InstanceLoader] [39m[32mUsersModule dependencies initialized[39m[38;5;3m +1ms[39m
[32m[Nest] 25384  - [39m23/05/2026, 13:51:09 [32m    LOG[39m [38;5;3m[InstanceLoader] [39m[32mOrganizationsModule dependencies initialized[39m[38;5;3m +0ms[39m
[32m[Nest] 25384  - [39m23/05/2026, 13:51:09 [32m    LOG[39m [38;5;3m[InstanceLoader] [39m[32mModulesModule dependencies initialized[39m[38;5;3m +0ms[39m
[32m[Nest] 25384  - [39m23/05/2026, 13:51:09 [32m    LOG[39m [38;5;3m[InstanceLoader] [39m[32mFieldsModule dependencies initialized[39m[38;5;3m +0ms[39m
[32m[Nest] 25384  - [39m23/05/2026, 13:51:09 [32m    LOG[39m [38;5;3m[InstanceLoader] [39m[32mRecordsModule dependencies initialized[39m[38;5;3m +0ms[39m
[32m[Nest] 25384  - [39m23/05/2026, 13:51:09 [32m    LOG[39m [38;5;3m[InstanceLoader] [39m[32mRelationshipsModule dependencies initialized[39m[38;5;3m +0ms[39m
[32m[Nest] 25384  - [39m23/05/2026, 13:51:09 [32m    LOG[39m [38;5;3m[InstanceLoader] [39m[32mWorkflowsModule dependencies initialized[39m[38;5;3m +0ms[39m
[32m[Nest] 25384  - [39m23/05/2026, 13:51:09 [32m    LOG[39m [38;5;3m[InstanceLoader] [39m[32mNotificationsModule dependencies initialized[39m[38;5;3m +0ms[39m
[32m[Nest] 25384  - [39m23/05/2026, 13:51:09 [32m    LOG[39m [38;5;3m[InstanceLoader] [39m[32mAuditModule dependencies initialized[39m[38;5;3m +0ms[39m
[32m[Nest] 25384  - [39m23/05/2026, 13:51:09 [32m    LOG[39m [38;5;3m[InstanceLoader] [39m[32mFilesModule dependencies initialized[39m[38;5;3m +0ms[39m
[32m[Nest] 25384  - [39m23/05/2026, 13:51:09 [32m    LOG[39m [38;5;3m[InstanceLoader] [39m[32mDashboardsModule dependencies initialized[39m[38;5;3m +0ms[39m
[32m[Nest] 25384  - [39m23/05/2026, 13:51:09 [32m    LOG[39m [38;5;3m[InstanceLoader] [39m[32mViewsModule dependencies initialized[39m[38;5;3m +0ms[39m
[32m[Nest] 25384  - [39m23/05/2026, 13:51:09 [32m    LOG[39m [38;5;3m[InstanceLoader] [39m[32mPermissionsModule dependencies initialized[39m[38;5;3m +0ms[39m
[32m[Nest] 25384  - [39m23/05/2026, 13:51:09 [32m    LOG[39m [38;5;3m[InstanceLoader] [39m[32mGlobalListsModule dependencies initialized[39m[38;5;3m +0ms[39m
[32m[Nest] 25384  - [39m23/05/2026, 13:51:09 [32m    LOG[39m [38;5;3m[InstanceLoader] [39m[32mFormsModule dependencies initialized[39m[38;5;3m +0ms[39m
[32m[Nest] 25384  - [39m23/05/2026, 13:51:09 [32m    LOG[39m [38;5;3m[InstanceLoader] [39m[32mAnalyticsModule dependencies initialized[39m[38;5;3m +0ms[39m
[32m[Nest] 25384  - [39m23/05/2026, 13:51:09 [32m    LOG[39m [38;5;3m[InstanceLoader] [39m[32mAuthModule dependencies initialized[39m[38;5;3m +0ms[39m
[32m[Nest] 25384  - [39m23/05/2026, 13:51:09 [32m    LOG[39m [38;5;3m[WebSocketsController] [39m[32mAppGateway subscribed to the "join-org" message[39m[38;5;3m +40ms[39m
[32m[Nest] 25384  - [39m23/05/2026, 13:51:09 [32m    LOG[39m [38;5;3m[WebSocketsController] [39m[32mAppGateway subscribed to the "join-module" message[39m[38;5;3m +0ms[39m
[32m[Nest] 25384  - [39m23/05/2026, 13:51:09 [32m    LOG[39m [38;5;3m[RoutesResolver] [39m[32mAuthController {/api/v1/auth}:[39m[38;5;3m +1ms[39m
[32m[Nest] 25384  - [39m23/05/2026, 13:51:09 [32m    LOG[39m [38;5;3m[RouterExplorer] [39m[32mMapped {/api/v1/auth/register, POST} route[39m[38;5;3m +1ms[39m
[32m[Nest] 25384  - [39m23/05/2026, 13:51:09 [32m    LOG[39m [38;5;3m[RouterExplorer] [39m[32mMapped {/api/v1/auth/login, POST} route[39m[38;5;3m +0ms[39m
[32m[Nest] 25384  - [39m23/05/2026, 13:51:09 [32m    LOG[39m [38;5;3m[RouterExplorer] [39m[32mMapped {/api/v1/auth/refresh, POST} route[39m[38;5;3m +0ms[39m
[32m[Nest] 25384  - [39m23/05/2026, 13:51:09 [32m    LOG[39m [38;5;3m[RouterExplorer] [39m[32mMapped {/api/v1/auth/logout, POST} route[39m[38;5;3m +1ms[39m
[32m[Nest] 25384  - [39m23/05/2026, 13:51:09 [32m    LOG[39m [38;5;3m[RoutesResolver] [39m[32mUsersController {/api/v1/users}:[39m[38;5;3m +0ms[39m
[32m[Nest] 25384  - [39m23/05/2026, 13:51:09 [32m    LOG[39m [38;5;3m[RouterExplorer] [39m[32mMapped {/api/v1/users, GET} route[39m[38;5;3m +0ms[39m
[32m[Nest] 25384  - [39m23/05/2026, 13:51:09 [32m    LOG[39m [38;5;3m[RouterExplorer] [39m[32mMapped {/api/v1/users, POST} route[39m[38;5;3m +0ms[39m
[32m[Nest] 25384  - [39m23/05/2026, 13:51:09 [32m    LOG[39m [38;5;3m[RouterExplorer] [39m[32mMapped {/api/v1/users/me/profile, GET} route[39m[38;5;3m +0ms[39m
[32m[Nest] 25384  - [39m23/05/2026, 13:51:09 [32m    LOG[39m [38;5;3m[RouterExplorer] [39m[32mMapped {/api/v1/users/me, PATCH} route[39m[38;5;3m +0ms[39m
[32m[Nest] 25384  - [39m23/05/2026, 13:51:09 [32m    LOG[39m [38;5;3m[RouterExplorer] [39m[32mMapped {/api/v1/users/:id/profile, GET} route[39m[38;5;3m +1ms[39m
[32m[Nest] 25384  - [39m23/05/2026, 13:51:09 [32m    LOG[39m [38;5;3m[RouterExplorer] [39m[32mMapped {/api/v1/users/:id, GET} route[39m[38;5;3m +0ms[39m
[32m[Nest] 25384  - [39m23/05/2026, 13:51:09 [32m    LOG[39m [38;5;3m[RouterExplorer] [39m[32mMapped {/api/v1/users/:id, PATCH} route[39m[38;5;3m +0ms[39m
[32m[Nest] 25384  - [39m23/05/2026, 13:51:09 [32m    LOG[39m [38;5;3m[RouterExplorer] [39m[32mMapped {/api/v1/users/:id/reactivate, PATCH} route[39m[38;5;3m +0ms[39m
[32m[Nest] 25384  - [39m23/05/2026, 13:51:09 [32m    LOG[39m [38;5;3m[RouterExplorer] [39m[32mMapped {/api/v1/users/:id, DELETE} route[39m[38;5;3m +0ms[39m
[32m[Nest] 25384  - [39m23/05/2026, 13:51:09 [32m    LOG[39m [38;5;3m[RoutesResolver] [39m[32mOrganizationsController {/api/v1/organizations}:[39m[38;5;3m +0ms[39m
[32m[Nest] 25384  - [39m23/05/2026, 13:51:09 [32m    LOG[39m [38;5;3m[RouterExplorer] [39m[32mMapped {/api/v1/organizations/me, GET} route[39m[38;5;3m +0ms[39m
[32m[Nest] 25384  - [39m23/05/2026, 13:51:09 [32m    LOG[39m [38;5;3m[RouterExplorer] [39m[32mMapped {/api/v1/organizations/me, PATCH} route[39m[38;5;3m +0ms[39m
[32m[Nest] 25384  - [39m23/05/2026, 13:51:09 [32m    LOG[39m [38;5;3m[RoutesResolver] [39m[32mModulesController {/api/v1/modules}:[39m[38;5;3m +0ms[39m
[32m[Nest] 25384  - [39m23/05/2026, 13:51:09 [32m    LOG[39m [38;5;3m[RouterExplorer] [39m[32mMapped {/api/v1/modules, POST} route[39m[38;5;3m +0ms[39m
[32m[Nest] 25384  - [39m23/05/2026, 13:51:09 [32m    LOG[39m [38;5;3m[RouterExplorer] [39m[32mMapped {/api/v1/modules, GET} route[39m[38;5;3m +0ms[39m
[32m[Nest] 25384  - [39m23/05/2026, 13:51:09 [32m    LOG[39m [38;5;3m[RouterExplorer] [39m[32mMapped {/api/v1/modules/:id, GET} route[39m[38;5;3m +1ms[39m
[32m[Nest] 25384  - [39m23/05/2026, 13:51:09 [32m    LOG[39m [38;5;3m[RouterExplorer] [39m[32mMapped {/api/v1/modules/by-slug/:slug, GET} route[39m[38;5;3m +0ms[39m
[32m[Nest] 25384  - [39m23/05/2026, 13:51:09 [32m    LOG[39m [38;5;3m[RouterExplorer] [39m[32mMapped {/api/v1/modules/:id, PATCH} route[39m[38;5;3m +0ms[39m
[32m[Nest] 25384  - [39m23/05/2026, 13:51:09 [32m    LOG[39m [38;5;3m[RouterExplorer] [39m[32mMapped {/api/v1/modules/:id, DELETE} route[39m[38;5;3m +0ms[39m
[32m[Nest] 25384  - [39m23/05/2026, 13:51:09 [32m    LOG[39m [38;5;3m[RoutesResolver] [39m[32mFieldsController {/api/v1/modules/:moduleId/fields}:[39m[38;5;3m +0ms[39m
[32m[Nest] 25384  - [39m23/05/2026, 13:51:09 [32m    LOG[39m [38;5;3m[RouterExplorer] [39m[32mMapped {/api/v1/modules/:moduleId/fields, POST} route[39m[38;5;3m +0ms[39m
[32m[Nest] 25384  - [39m23/05/2026, 13:51:09 [32m    LOG[39m [38;5;3m[RouterExplorer] [39m[32mMapped {/api/v1/modules/:moduleId/fields, GET} route[39m[38;5;3m +0ms[39m
[32m[Nest] 25384  - [39m23/05/2026, 13:51:09 [32m    LOG[39m [38;5;3m[RouterExplorer] [39m[32mMapped {/api/v1/modules/:moduleId/fields/:id, PATCH} route[39m[38;5;3m +0ms[39m
[32m[Nest] 25384  - [39m23/05/2026, 13:51:09 [32m    LOG[39m [38;5;3m[RouterExplorer] [39m[32mMapped {/api/v1/modules/:moduleId/fields/reorder, POST} route[39m[38;5;3m +0ms[39m
[32m[Nest] 25384  - [39m23/05/2026, 13:51:09 [32m    LOG[39m [38;5;3m[RouterExplorer] [39m[32mMapped {/api/v1/modules/:moduleId/fields/:id, DELETE} route[39m[38;5;3m +0ms[39m
[32m[Nest] 25384  - [39m23/05/2026, 13:51:09 [32m    LOG[39m [38;5;3m[RoutesResolver] [39m[32mRecordsController {/api/v1/modules/:moduleId/records}:[39m[38;5;3m +0ms[39m
[32m[Nest] 25384  - [39m23/05/2026, 13:51:09 [32m    LOG[39m [38;5;3m[RouterExplorer] [39m[32mMapped {/api/v1/modules/:moduleId/records, POST} route[39m[38;5;3m +0ms[39m
[32m[Nest] 25384  - [39m23/05/2026, 13:51:09 [32m    LOG[39m [38;5;3m[RouterExplorer] [39m[32mMapped {/api/v1/modules/:moduleId/records, GET} route[39m[38;5;3m +0ms[39m
[32m[Nest] 25384  - [39m23/05/2026, 13:51:09 [32m    LOG[39m [38;5;3m[RouterExplorer] [39m[32mMapped {/api/v1/modules/:moduleId/records/:id, GET} route[39m[38;5;3m +0ms[39m
[32m[Nest] 25384  - [39m23/05/2026, 13:51:09 [32m    LOG[39m [38;5;3m[RouterExplorer] [39m[32mMapped {/api/v1/modules/:moduleId/records/:id, PATCH} route[39m[38;5;3m +0ms[39m
[32m[Nest] 25384  - [39m23/05/2026, 13:51:09 [32m    LOG[39m [38;5;3m[RouterExplorer] [39m[32mMapped {/api/v1/modules/:moduleId/records/:id, DELETE} route[39m[38;5;3m +0ms[39m
[32m[Nest] 25384  - [39m23/05/2026, 13:51:09 [32m    LOG[39m [38;5;3m[RouterExplorer] [39m[32mMapped {/api/v1/modules/:moduleId/records/bulk-delete, POST} route[39m[38;5;3m +1ms[39m
[32m[Nest] 25384  - [39m23/05/2026, 13:51:09 [32m    LOG[39m [38;5;3m[RouterExplorer] [39m[32mMapped {/api/v1/modules/:moduleId/records/import/template, GET} route[39m[38;5;3m +0ms[39m
[32m[Nest] 25384  - [39m23/05/2026, 13:51:09 [32m    LOG[39m [38;5;3m[RouterExplorer] [39m[32mMapped {/api/v1/modules/:moduleId/records/import/preview, POST} route[39m[38;5;3m +0ms[39m
[32m[Nest] 25384  - [39m23/05/2026, 13:51:09 [32m    LOG[39m [38;5;3m[RouterExplorer] [39m[32mMapped {/api/v1/modules/:moduleId/records/import/run, POST} route[39m[38;5;3m +0ms[39m
[32m[Nest] 25384  - [39m23/05/2026, 13:51:09 [32m    LOG[39m [38;5;3m[RouterExplorer] [39m[32mMapped {/api/v1/modules/:moduleId/records/export/csv, GET} route[39m[38;5;3m +0ms[39m
[32m[Nest] 25384  - [39m23/05/2026, 13:51:09 [32m    LOG[39m [38;5;3m[RouterExplorer] [39m[32mMapped {/api/v1/modules/:moduleId/records/:id/comments, POST} route[39m[38;5;3m +0ms[39m
[32m[Nest] 25384  - [39m23/05/2026, 13:51:09 [32m    LOG[39m [38;5;3m[RoutesResolver] [39m[32mLookupController {/api/v1/records}:[39m[38;5;3m +0ms[39m
[32m[Nest] 25384  - [39m23/05/2026, 13:51:09 [32m    LOG[39m [38;5;3m[RouterExplorer] [39m[32mMapped {/api/v1/records/lookup, GET} route[39m[38;5;3m +0ms[39m
[32m[Nest] 25384  - [39m23/05/2026, 13:51:09 [32m    LOG[39m [38;5;3m[RoutesResolver] [39m[32mRelationshipsController {/api/v1/relationships}:[39m[38;5;3m +0ms[39m
[32m[Nest] 25384  - [39m23/05/2026, 13:51:09 [32m    LOG[39m [38;5;3m[RouterExplorer] [39m[32mMapped {/api/v1/relationships, POST} route[39m[38;5;3m +0ms[39m
[32m[Nest] 25384  - [39m23/05/2026, 13:51:09 [32m    LOG[39m [38;5;3m[RouterExplorer] [39m[32mMapped {/api/v1/relationships, GET} route[39m[38;5;3m +0ms[39m
[32m[Nest] 25384  - [39m23/05/2026, 13:51:09 [32m    LOG[39m [38;5;3m[RouterExplorer] [39m[32mMapped {/api/v1/relationships/module/:moduleId, GET} route[39m[38;5;3m +0ms[39m
[32m[Nest] 25384  - [39m23/05/2026, 13:51:09 [32m    LOG[39m [38;5;3m[RoutesResolver] [39m[32mWorkflowsController {/api/v1/workflows}:[39m[38;5;3m +0ms[39m
[32m[Nest] 25384  - [39m23/05/2026, 13:51:09 [32m    LOG[39m [38;5;3m[RouterExplorer] [39m[32mMapped {/api/v1/workflows, POST} route[39m[38;5;3m +0ms[39m
[32m[Nest] 25384  - [39m23/05/2026, 13:51:09 [32m    LOG[39m [38;5;3m[RouterExplorer] [39m[32mMapped {/api/v1/workflows, GET} route[39m[38;5;3m +0ms[39m
[32m[Nest] 25384  - [39m23/05/2026, 13:51:09 [32m    LOG[39m [38;5;3m[RouterExplorer] [39m[32mMapped {/api/v1/workflows/:id/toggle, PATCH} route[39m[38;5;3m +0ms[39m
[32m[Nest] 25384  - [39m23/05/2026, 13:51:09 [32m    LOG[39m [38;5;3m[RoutesResolver] [39m[32mNotificationsController {/api/v1/notifications}:[39m[38;5;3m +0ms[39m
[32m[Nest] 25384  - [39m23/05/2026, 13:51:09 [32m    LOG[39m [38;5;3m[RouterExplorer] [39m[32mMapped {/api/v1/notifications, GET} route[39m[38;5;3m +1ms[39m
[32m[Nest] 25384  - [39m23/05/2026, 13:51:09 [32m    LOG[39m [38;5;3m[RouterExplorer] [39m[32mMapped {/api/v1/notifications/unread-count, GET} route[39m[38;5;3m +0ms[39m
[32m[Nest] 25384  - [39m23/05/2026, 13:51:09 [32m    LOG[39m [38;5;3m[RouterExplorer] [39m[32mMapped {/api/v1/notifications/:id/read, PATCH} route[39m[38;5;3m +0ms[39m
[32m[Nest] 25384  - [39m23/05/2026, 13:51:09 [32m    LOG[39m [38;5;3m[RouterExplorer] [39m[32mMapped {/api/v1/notifications/read-all, PATCH} route[39m[38;5;3m +0ms[39m
[32m[Nest] 25384  - [39m23/05/2026, 13:51:09 [32m    LOG[39m [38;5;3m[RoutesResolver] [39m[32mAuditController {/api/v1/audit}:[39m[38;5;3m +0ms[39m
[32m[Nest] 25384  - [39m23/05/2026, 13:51:09 [32m    LOG[39m [38;5;3m[RouterExplorer] [39m[32mMapped {/api/v1/audit, GET} route[39m[38;5;3m +0ms[39m
[32m[Nest] 25384  - [39m23/05/2026, 13:51:09 [32m    LOG[39m [38;5;3m[RoutesResolver] [39m[32mFilesController {/api/v1/files}:[39m[38;5;3m +0ms[39m
[32m[Nest] 25384  - [39m23/05/2026, 13:51:09 [32m    LOG[39m [38;5;3m[RouterExplorer] [39m[32mMapped {/api/v1/files/record/:recordId, GET} route[39m[38;5;3m +0ms[39m
[32m[Nest] 25384  - [39m23/05/2026, 13:51:09 [32m    LOG[39m [38;5;3m[RoutesResolver] [39m[32mDashboardsController {/api/v1/dashboards}:[39m[38;5;3m +0ms[39m
[32m[Nest] 25384  - [39m23/05/2026, 13:51:09 [32m    LOG[39m [38;5;3m[RouterExplorer] [39m[32mMapped {/api/v1/dashboards, POST} route[39m[38;5;3m +0ms[39m
[32m[Nest] 25384  - [39m23/05/2026, 13:51:09 [32m    LOG[39m [38;5;3m[RouterExplorer] [39m[32mMapped {/api/v1/dashboards, GET} route[39m[38;5;3m +0ms[39m
[32m[Nest] 25384  - [39m23/05/2026, 13:51:09 [32m    LOG[39m [38;5;3m[RouterExplorer] [39m[32mMapped {/api/v1/dashboards/:id, GET} route[39m[38;5;3m +0ms[39m
[32m[Nest] 25384  - [39m23/05/2026, 13:51:09 [32m    LOG[39m [38;5;3m[RouterExplorer] [39m[32mMapped {/api/v1/dashboards/:id/widgets, POST} route[39m[38;5;3m +0ms[39m
[32m[Nest] 25384  - [39m23/05/2026, 13:51:09 [32m    LOG[39m [38;5;3m[RouterExplorer] [39m[32mMapped {/api/v1/dashboards/widgets/:widgetId, DELETE} route[39m[38;5;3m +0ms[39m
[32m[Nest] 25384  - [39m23/05/2026, 13:51:09 [32m    LOG[39m [38;5;3m[RouterExplorer] [39m[32mMapped {/api/v1/dashboards/analytics/:moduleId, GET} route[39m[38;5;3m +0ms[39m
[32m[Nest] 25384  - [39m23/05/2026, 13:51:09 [32m    LOG[39m [38;5;3m[RoutesResolver] [39m[32mViewsController {/api/v1/modules/:moduleId/views}:[39m[38;5;3m +0ms[39m
[32m[Nest] 25384  - [39m23/05/2026, 13:51:09 [32m    LOG[39m [38;5;3m[RouterExplorer] [39m[32mMapped {/api/v1/modules/:moduleId/views, POST} route[39m[38;5;3m +0ms[39m
[32m[Nest] 25384  - [39m23/05/2026, 13:51:09 [32m    LOG[39m [38;5;3m[RouterExplorer] [39m[32mMapped {/api/v1/modules/:moduleId/views, GET} route[39m[38;5;3m +1ms[39m
[32m[Nest] 25384  - [39m23/05/2026, 13:51:09 [32m    LOG[39m [38;5;3m[RouterExplorer] [39m[32mMapped {/api/v1/modules/:moduleId/views/:id, PATCH} route[39m[38;5;3m +0ms[39m
[32m[Nest] 25384  - [39m23/05/2026, 13:51:09 [32m    LOG[39m [38;5;3m[RouterExplorer] [39m[32mMapped {/api/v1/modules/:moduleId/views/:id, DELETE} route[39m[38;5;3m +0ms[39m
[32m[Nest] 25384  - [39m23/05/2026, 13:51:09 [32m    LOG[39m [38;5;3m[RoutesResolver] [39m[32mPermissionsController {/api/v1/permissions}:[39m[38;5;3m +0ms[39m
[32m[Nest] 25384  - [39m23/05/2026, 13:51:09 [32m    LOG[39m [38;5;3m[RouterExplorer] [39m[32mMapped {/api/v1/permissions, POST} route[39m[38;5;3m +0ms[39m
[32m[Nest] 25384  - [39m23/05/2026, 13:51:09 [32m    LOG[39m [38;5;3m[RouterExplorer] [39m[32mMapped {/api/v1/permissions, GET} route[39m[38;5;3m +0ms[39m
[32m[Nest] 25384  - [39m23/05/2026, 13:51:09 [32m    LOG[39m [38;5;3m[RouterExplorer] [39m[32mMapped {/api/v1/permissions/matrix, GET} route[39m[38;5;3m +0ms[39m
[32m[Nest] 25384  - [39m23/05/2026, 13:51:09 [32m    LOG[39m [38;5;3m[RouterExplorer] [39m[32mMapped {/api/v1/permissions/bulk, POST} route[39m[38;5;3m +0ms[39m
[32m[Nest] 25384  - [39m23/05/2026, 13:51:09 [32m    LOG[39m [38;5;3m[RouterExplorer] [39m[32mMapped {/api/v1/permissions/seed/:moduleId, POST} route[39m[38;5;3m +0ms[39m
[32m[Nest] 25384  - [39m23/05/2026, 13:51:09 [32m    LOG[39m [38;5;3m[RoutesResolver] [39m[32mGlobalListsController {/api/v1/global-lists}:[39m[38;5;3m +0ms[39m
[32m[Nest] 25384  - [39m23/05/2026, 13:51:09 [32m    LOG[39m [38;5;3m[RouterExplorer] [39m[32mMapped {/api/v1/global-lists, GET} route[39m[38;5;3m +0ms[39m
[32m[Nest] 25384  - [39m23/05/2026, 13:51:09 [32m    LOG[39m [38;5;3m[RouterExplorer] [39m[32mMapped {/api/v1/global-lists/:id, GET} route[39m[38;5;3m +0ms[39m
[32m[Nest] 25384  - [39m23/05/2026, 13:51:09 [32m    LOG[39m [38;5;3m[RouterExplorer] [39m[32mMapped {/api/v1/global-lists, POST} route[39m[38;5;3m +0ms[39m
[32m[Nest] 25384  - [39m23/05/2026, 13:51:09 [32m    LOG[39m [38;5;3m[RouterExplorer] [39m[32mMapped {/api/v1/global-lists/:id, PATCH} route[39m[38;5;3m +0ms[39m
[32m[Nest] 25384  - [39m23/05/2026, 13:51:09 [32m    LOG[39m [38;5;3m[RouterExplorer] [39m[32mMapped {/api/v1/global-lists/:id, DELETE} route[39m[38;5;3m +0ms[39m
[32m[Nest] 25384  - [39m23/05/2026, 13:51:09 [32m    LOG[39m [38;5;3m[RouterExplorer] [39m[32mMapped {/api/v1/global-lists/:id/items, GET} route[39m[38;5;3m +0ms[39m
[32m[Nest] 25384  - [39m23/05/2026, 13:51:09 [32m    LOG[39m [38;5;3m[RouterExplorer] [39m[32mMapped {/api/v1/global-lists/:id/tree, GET} route[39m[38;5;3m +0ms[39m
[32m[Nest] 25384  - [39m23/05/2026, 13:51:09 [32m    LOG[39m [38;5;3m[RouterExplorer] [39m[32mMapped {/api/v1/global-lists/:id/items, POST} route[39m[38;5;3m +0ms[39m
[32m[Nest] 25384  - [39m23/05/2026, 13:51:09 [32m    LOG[39m [38;5;3m[RouterExplorer] [39m[32mMapped {/api/v1/global-lists/:id/items/:itemId, PATCH} route[39m[38;5;3m +0ms[39m
[32m[Nest] 25384  - [39m23/05/2026, 13:51:09 [32m    LOG[39m [38;5;3m[RouterExplorer] [39m[32mMapped {/api/v1/global-lists/:id/items/:itemId, DELETE} route[39m[38;5;3m +0ms[39m
[32m[Nest] 25384  - [39m23/05/2026, 13:51:09 [32m    LOG[39m [38;5;3m[RouterExplorer] [39m[32mMapped {/api/v1/global-lists/:id/items/:itemId/children, GET} route[39m[38;5;3m +0ms[39m
[32m[Nest] 25384  - [39m23/05/2026, 13:51:09 [32m    LOG[39m [38;5;3m[RoutesResolver] [39m[32mFormsController {/api/v1/forms}:[39m[38;5;3m +1ms[39m
[32m[Nest] 25384  - [39m23/05/2026, 13:51:09 [32m    LOG[39m [38;5;3m[RouterExplorer] [39m[32mMapped {/api/v1/forms, GET} route[39m[38;5;3m +0ms[39m
[32m[Nest] 25384  - [39m23/05/2026, 13:51:09 [32m    LOG[39m [38;5;3m[RouterExplorer] [39m[32mMapped {/api/v1/forms/:id, GET} route[39m[38;5;3m +0ms[39m
[32m[Nest] 25384  - [39m23/05/2026, 13:51:09 [32m    LOG[39m [38;5;3m[RouterExplorer] [39m[32mMapped {/api/v1/forms, POST} route[39m[38;5;3m +0ms[39m
[32m[Nest] 25384  - [39m23/05/2026, 13:51:09 [32m    LOG[39m [38;5;3m[RouterExplorer] [39m[32mMapped {/api/v1/forms/:id, PATCH} route[39m[38;5;3m +0ms[39m
[32m[Nest] 25384  - [39m23/05/2026, 13:51:09 [32m    LOG[39m [38;5;3m[RouterExplorer] [39m[32mMapped {/api/v1/forms/:id, DELETE} route[39m[38;5;3m +0ms[39m
[32m[Nest] 25384  - [39m23/05/2026, 13:51:09 [32m    LOG[39m [38;5;3m[RouterExplorer] [39m[32mMapped {/api/v1/forms/:id/sections, POST} route[39m[38;5;3m +0ms[39m
[32m[Nest] 25384  - [39m23/05/2026, 13:51:09 [32m    LOG[39m [38;5;3m[RouterExplorer] [39m[32mMapped {/api/v1/forms/:id/sections/:sectionId, PATCH} route[39m[38;5;3m +0ms[39m
[32m[Nest] 25384  - [39m23/05/2026, 13:51:09 [32m    LOG[39m [38;5;3m[RouterExplorer] [39m[32mMapped {/api/v1/forms/:id/sections/:sectionId, DELETE} route[39m[38;5;3m +0ms[39m
[32m[Nest] 25384  - [39m23/05/2026, 13:51:09 [32m    LOG[39m [38;5;3m[RouterExplorer] [39m[32mMapped {/api/v1/forms/:id/available-fields, GET} route[39m[38;5;3m +0ms[39m
[32m[Nest] 25384  - [39m23/05/2026, 13:51:09 [32m    LOG[39m [38;5;3m[RouterExplorer] [39m[32mMapped {/api/v1/forms/:id/fields, POST} route[39m[38;5;3m +0ms[39m
[32m[Nest] 25384  - [39m23/05/2026, 13:51:09 [32m    LOG[39m [38;5;3m[RouterExplorer] [39m[32mMapped {/api/v1/forms/:id/fields/:formFieldId, PATCH} route[39m[38;5;3m +0ms[39m
[32m[Nest] 25384  - [39m23/05/2026, 13:51:09 [32m    LOG[39m [38;5;3m[RouterExplorer] [39m[32mMapped {/api/v1/forms/:id/fields/:formFieldId, DELETE} route[39m[38;5;3m +0ms[39m
[32m[Nest] 25384  - [39m23/05/2026, 13:51:09 [32m    LOG[39m [38;5;3m[RouterExplorer] [39m[32mMapped {/api/v1/forms/:id/fields/reorder, POST} route[39m[38;5;3m +0ms[39m
[32m[Nest] 25384  - [39m23/05/2026, 13:51:09 [32m    LOG[39m [38;5;3m[RouterExplorer] [39m[32mMapped {/api/v1/forms/:id/permissions, GET} route[39m[38;5;3m +0ms[39m
[32m[Nest] 25384  - [39m23/05/2026, 13:51:09 [32m    LOG[39m [38;5;3m[RouterExplorer] [39m[32mMapped {/api/v1/forms/:id/permissions, POST} route[39m[38;5;3m +0ms[39m
[32m[Nest] 25384  - [39m23/05/2026, 13:51:09 [32m    LOG[39m [38;5;3m[RouterExplorer] [39m[32mMapped {/api/v1/forms/:id/generate-token, POST} route[39m[38;5;3m +0ms[39m
[32m[Nest] 25384  - [39m23/05/2026, 13:51:09 [32m    LOG[39m [38;5;3m[RouterExplorer] [39m[32mMapped {/api/v1/forms/:id/revoke-token, POST} route[39m[38;5;3m +0ms[39m
[32m[Nest] 25384  - [39m23/05/2026, 13:51:09 [32m    LOG[39m [38;5;3m[RouterExplorer] [39m[32mMapped {/api/v1/forms/:id/submissions, GET} route[39m[38;5;3m +1ms[39m
[32m[Nest] 25384  - [39m23/05/2026, 13:51:09 [32m    LOG[39m [38;5;3m[RoutesResolver] [39m[32mPublicFormsController {/api/v1/public/forms}:[39m[38;5;3m +0ms[39m
[32m[Nest] 25384  - [39m23/05/2026, 13:51:09 [32m    LOG[39m [38;5;3m[RouterExplorer] [39m[32mMapped {/api/v1/public/forms/:token, GET} route[39m[38;5;3m +0ms[39m
[32m[Nest] 25384  - [39m23/05/2026, 13:51:09 [32m    LOG[39m [38;5;3m[RouterExplorer] [39m[32mMapped {/api/v1/public/forms/:token/submit, POST} route[39m[38;5;3m +0ms[39m
[32m[Nest] 25384  - [39m23/05/2026, 13:51:09 [32m    LOG[39m [38;5;3m[RoutesResolver] [39m[32mAnalyticsController {/api/v1/analytics}:[39m[38;5;3m +0ms[39m
[32m[Nest] 25384  - [39m23/05/2026, 13:51:09 [32m    LOG[39m [38;5;3m[RouterExplorer] [39m[32mMapped {/api/v1/analytics/data/:moduleId, POST} route[39m[38;5;3m +0ms[39m
[32m[Nest] 25384  - [39m23/05/2026, 13:51:09 [32m    LOG[39m [38;5;3m[RouterExplorer] [39m[32mMapped {/api/v1/analytics/:moduleId, GET} route[39m[38;5;3m +0ms[39m
[32m[Nest] 25384  - [39m23/05/2026, 13:51:09 [32m    LOG[39m [38;5;3m[RouterExplorer] [39m[32mMapped {/api/v1/analytics/kanban/:moduleId, POST} route[39m[38;5;3m +0ms[39m
[32m[Nest] 25384  - [39m23/05/2026, 13:51:09 [32m    LOG[39m [38;5;3m[RouterExplorer] [39m[32mMapped {/api/v1/analytics/views/list, GET} route[39m[38;5;3m +0ms[39m
[32m[Nest] 25384  - [39m23/05/2026, 13:51:09 [32m    LOG[39m [38;5;3m[RouterExplorer] [39m[32mMapped {/api/v1/analytics/views, POST} route[39m[38;5;3m +0ms[39m
[32m[Nest] 25384  - [39m23/05/2026, 13:51:09 [32m    LOG[39m [38;5;3m[RouterExplorer] [39m[32mMapped {/api/v1/analytics/views/:id, PATCH} route[39m[38;5;3m +0ms[39m
[32m[Nest] 25384  - [39m23/05/2026, 13:51:09 [32m    LOG[39m [38;5;3m[RouterExplorer] [39m[32mMapped {/api/v1/analytics/views/:id, DELETE} route[39m[38;5;3m +0ms[39m
[32m[Nest] 25384  - [39m23/05/2026, 13:51:09 [32m    LOG[39m [38;5;3m[RouterExplorer] [39m[32mMapped {/api/v1/analytics/targets/list, GET} route[39m[38;5;3m +0ms[39m
[32m[Nest] 25384  - [39m23/05/2026, 13:51:09 [32m    LOG[39m [38;5;3m[RouterExplorer] [39m[32mMapped {/api/v1/analytics/targets, POST} route[39m[38;5;3m +0ms[39m
[32m[Nest] 25384  - [39m23/05/2026, 13:51:09 [32m    LOG[39m [38;5;3m[RouterExplorer] [39m[32mMapped {/api/v1/analytics/targets/:id, PATCH} route[39m[38;5;3m +0ms[39m
[32m[Nest] 25384  - [39m23/05/2026, 13:51:09 [32m    LOG[39m [38;5;3m[RouterExplorer] [39m[32mMapped {/api/v1/analytics/targets/:id, DELETE} route[39m[38;5;3m +3ms[39m
[32m[Nest] 25384  - [39m23/05/2026, 13:51:09 [32m    LOG[39m [38;5;3m[RouterExplorer] [39m[32mMapped {/api/v1/analytics/targets/:id/compute, POST} route[39m[38;5;3m +1ms[39m
[32m[Nest] 25384  - [39m23/05/2026, 13:51:09 [32m    LOG[39m [38;5;3m[NestApplication] [39m[32mNest application successfully started[39m[38;5;3m +18ms[39m
Application running on http://localhost:4000
[2J[3J[H[[90m13:51:12[0m] File change detected. Starting incremental compilation...

[96msrc/departments/departments.service.ts[0m:[93m9[0m:[93m24[0m - [91merror[0m[90m TS2339: [0mProperty 'department' does not exist on type 'PrismaService'.

[7m9[0m     return this.prisma.department.findMany({
[7m [0m [91m                       ~~~~~~~~~~[0m

[96msrc/departments/departments.service.ts[0m:[93m20[0m:[93m36[0m - [91merror[0m[90m TS2339: [0mProperty 'department' does not exist on type 'PrismaService'.

[7m20[0m     const dept = await this.prisma.department.findFirst({
[7m  [0m [91m                                   ~~~~~~~~~~[0m

[96msrc/departments/departments.service.ts[0m:[93m33[0m:[93m40[0m - [91merror[0m[90m TS2339: [0mProperty 'department' does not exist on type 'PrismaService'.

[7m33[0m     const existing = await this.prisma.department.findFirst({ where: { slug, organizationId: orgId } });
[7m  [0m [91m                                       ~~~~~~~~~~[0m

[96msrc/departments/departments.service.ts[0m:[93m35[0m:[93m24[0m - [91merror[0m[90m TS2339: [0mProperty 'department' does not exist on type 'PrismaService'.

[7m35[0m     return this.prisma.department.create({
[7m  [0m [91m                       ~~~~~~~~~~[0m

[96msrc/departments/departments.service.ts[0m:[93m47[0m:[93m24[0m - [91merror[0m[90m TS2339: [0mProperty 'department' does not exist on type 'PrismaService'.

[7m47[0m     return this.prisma.department.update({ where: { id }, data });
[7m  [0m [91m                       ~~~~~~~~~~[0m

[96msrc/departments/departments.service.ts[0m:[93m53[0m:[93m50[0m - [91merror[0m[90m TS2353: [0mObject literal may only specify known properties, and 'departmentId' does not exist in type 'UserWhereInput'.

[7m53[0m     await this.prisma.user.updateMany({ where: { departmentId: id }, data: { departmentId: null } });
[7m  [0m [91m                                                 ~~~~~~~~~~~~[0m

  [96mnode_modules/.prisma/client/index.d.ts[0m:[93m6026[0m:[93m5[0m
    [7m6026[0m     where?: UserWhereInput
    [7m    [0m [96m    ~~~~~[0m
    The expected type comes from property 'where' which is declared here on type '{ data: (Without<UserUpdateManyMutationInput, UserUncheckedUpdateManyInput> & UserUncheckedUpdateManyInput) | (Without<...> & UserUpdateManyMutationInput); where?: UserWhereInput; }'

[96msrc/departments/departments.service.ts[0m:[93m53[0m:[93m78[0m - [91merror[0m[90m TS2353: [0mObject literal may only specify known properties, and 'departmentId' does not exist in type '(Without<UserUpdateManyMutationInput, UserUncheckedUpdateManyInput> & UserUncheckedUpdateManyInput) | (Without<...> & UserUpdateManyMutationInput)'.

[7m53[0m     await this.prisma.user.updateMany({ where: { departmentId: id }, data: { departmentId: null } });
[7m  [0m [91m                                                                             ~~~~~~~~~~~~[0m

  [96mnode_modules/.prisma/client/index.d.ts[0m:[93m6022[0m:[93m5[0m
    [7m6022[0m     data: XOR<UserUpdateManyMutationInput, UserUncheckedUpdateManyInput>
    [7m    [0m [96m    ~~~~[0m
    The expected type comes from property 'data' which is declared here on type '{ data: (Without<UserUpdateManyMutationInput, UserUncheckedUpdateManyInput> & UserUncheckedUpdateManyInput) | (Without<...> & UserUpdateManyMutationInput); where?: UserWhereInput; }'

[96msrc/departments/departments.service.ts[0m:[93m54[0m:[93m24[0m - [91merror[0m[90m TS2339: [0mProperty 'department' does not exist on type 'PrismaService'.

[7m54[0m     return this.prisma.department.delete({ where: { id } });
[7m  [0m [91m                       ~~~~~~~~~~[0m

[96msrc/departments/departments.service.ts[0m:[93m64[0m:[93m37[0m - [91merror[0m[90m TS2339: [0mProperty 'departmentPermission' does not exist on type 'PrismaService'.

[7m64[0m     const perms = await this.prisma.departmentPermission.findMany({
[7m  [0m [91m                                    ~~~~~~~~~~~~~~~~~~~~[0m

[96msrc/departments/departments.service.ts[0m:[93m93[0m:[93m24[0m - [91merror[0m[90m TS2339: [0mProperty 'departmentPermission' does not exist on type 'PrismaService'.

[7m93[0m     return this.prisma.departmentPermission.upsert({
[7m  [0m [91m                       ~~~~~~~~~~~~~~~~~~~~[0m

[96msrc/departments/departments.service.ts[0m:[93m112[0m:[93m9[0m - [91merror[0m[90m TS2353: [0mObject literal may only specify known properties, and 'department' does not exist in type 'UserInclude<DefaultArgs>'.

[7m112[0m         department: {
[7m   [0m [91m        ~~~~~~~~~~[0m

  [96mnode_modules/.prisma/client/index.d.ts[0m:[93m5836[0m:[93m5[0m
    [7m5836[0m     include?: UserInclude<ExtArgs> | null
    [7m    [0m [96m    ~~~~~~~[0m
    The expected type comes from property 'include' which is declared here on type '{ select?: UserSelect<DefaultArgs>; include?: UserInclude<DefaultArgs>; where?: UserWhereInput; orderBy?: UserOrderByWithRelationInput | UserOrderByWithRelationInput[]; cursor?: UserWhereUniqueInput; take?: number; skip?: number; distinct?: UserScalarFieldEnum | UserScalarFieldEnum[]; }'

[96msrc/departments/departments.service.ts[0m:[93m119[0m:[93m18[0m - [91merror[0m[90m TS2339: [0mProperty 'department' does not exist on type '{ id: string; isActive: boolean; organizationId: string; createdAt: Date; updatedAt: Date; email: string; password: string; firstName: string; lastName: string; avatar: string; phone: string; role: UserRole; refreshToken: string; lastLoginAt: Date; }'.

[7m119[0m     return user?.department || null;
[7m   [0m [91m                 ~~~~~~~~~~[0m

[96msrc/departments/departments.service.ts[0m:[93m123[0m:[93m36[0m - [91merror[0m[90m TS2339: [0mProperty 'department' does not exist on type 'PrismaService'.

[7m123[0m     const dept = await this.prisma.department.findFirst({ where: { id, organizationId: orgId } });
[7m   [0m [91m                                   ~~~~~~~~~~[0m

[96msrc/email/email.service.ts[0m:[93m33[0m:[93m39[0m - [91merror[0m[90m TS2307: [0mCannot find module 'nodemailer' or its corresponding type declarations.

[7m33[0m       const nodemailer = await import('nodemailer').catch(() => null);
[7m  [0m [91m                                      ~~~~~~~~~~~~[0m

[96msrc/users/users.service.ts[0m:[93m15[0m:[93m22[0m - [91merror[0m[90m TS2353: [0mObject literal may only specify known properties, and 'jobTitle' does not exist in type 'UserSelect<DefaultArgs>'.

[7m15[0m         phone: true, jobTitle: true,
[7m  [0m [91m                     ~~~~~~~~[0m

  [96mnode_modules/.prisma/client/index.d.ts[0m:[93m5928[0m:[93m5[0m
    [7m5928[0m     select?: UserSelect<ExtArgs> | null
    [7m    [0m [96m    ~~~~~~[0m
    The expected type comes from property 'select' which is declared here on type '{ select?: UserSelect<DefaultArgs>; include?: UserInclude<DefaultArgs>; where?: UserWhereInput; orderBy?: UserOrderByWithRelationInput | UserOrderByWithRelationInput[]; cursor?: UserWhereUniqueInput; take?: number; skip?: number; distinct?: UserScalarFieldEnum | UserScalarFieldEnum[]; }'

[[90m13:51:13[0m] Found 15 errors. Watching for file changes.

[2J[3J[H[[90m13:52:16[0m] File change detected. Starting incremental compilation...

[96msrc/users/users.service.ts[0m:[93m15[0m:[93m22[0m - [91merror[0m[90m TS2353: [0mObject literal may only specify known properties, and 'jobTitle' does not exist in type 'UserSelect<DefaultArgs>'.

[7m15[0m         phone: true, jobTitle: true,
[7m  [0m [91m                     ~~~~~~~~[0m

  [96mnode_modules/.prisma/client/index.d.ts[0m:[93m5928[0m:[93m5[0m
    [7m5928[0m     select?: UserSelect<ExtArgs> | null
    [7m    [0m [96m    ~~~~~~[0m
    The expected type comes from property 'select' which is declared here on type '{ select?: UserSelect<DefaultArgs>; include?: UserInclude<DefaultArgs>; where?: UserWhereInput; orderBy?: UserOrderByWithRelationInput | UserOrderByWithRelationInput[]; cursor?: UserWhereUniqueInput; take?: number; skip?: number; distinct?: UserScalarFieldEnum | UserScalarFieldEnum[]; }'

[[90m13:52:17[0m] Found 1 error. Watching for file changes.

[2J[3J[H[[90m13:52:20[0m] File change detected. Starting incremental compilation...

[96msrc/records/records.service.ts[0m:[93m264[0m:[93m36[0m - [91merror[0m[90m TS2339: [0mProperty 'parseCsv' does not exist on type 'RecordsService'.

[7m264[0m     const { headers, rows } = this.parseCsv(csvText);
[7m   [0m [91m                                   ~~~~~~~~[0m

[96msrc/records/records.service.ts[0m:[93m278[0m:[93m27[0m - [91merror[0m[90m TS2339: [0mProperty 'parseCsv' does not exist on type 'RecordsService'.

[7m278[0m     const { rows } = this.parseCsv(csvText);
[7m   [0m [91m                          ~~~~~~~~[0m

[96msrc/users/users.service.ts[0m:[93m15[0m:[93m22[0m - [91merror[0m[90m TS2353: [0mObject literal may only specify known properties, and 'jobTitle' does not exist in type 'UserSelect<DefaultArgs>'.

[7m15[0m         phone: true, jobTitle: true,
[7m  [0m [91m                     ~~~~~~~~[0m

  [96mnode_modules/.prisma/client/index.d.ts[0m:[93m5928[0m:[93m5[0m
    [7m5928[0m     select?: UserSelect<ExtArgs> | null
    [7m    [0m [96m    ~~~~~~[0m
    The expected type comes from property 'select' which is declared here on type '{ select?: UserSelect<DefaultArgs>; include?: UserInclude<DefaultArgs>; where?: UserWhereInput; orderBy?: UserOrderByWithRelationInput | UserOrderByWithRelationInput[]; cursor?: UserWhereUniqueInput; take?: number; skip?: number; distinct?: UserScalarFieldEnum | UserScalarFieldEnum[]; }'

[[90m13:52:21[0m] Found 3 errors. Watching for file changes.

m[38;5;3m +0ms[39m
[32m[Nest] 20272  - [39m23/05/2026, 13:51:09 [32m    LOG[39m [38;5;3m[RouterExplorer] [39m[32mMapped {/api/v1/global-lists/:id/items, POST} route[39m[38;5;3m +0ms[39m
[32m[Nest] 20272  - [39m23/05/2026, 13:51:09 [32m    LOG[39m [38;5;3m[RouterExplorer] [39m[32mMapped {/api/v1/global-lists/:id/items/:itemId, PATCH} route[39m[38;5;3m +0ms[39m
[32m[Nest] 20272  - [39m23/05/2026, 13:51:09 [32m    LOG[39m [38;5;3m[RouterExplorer] [39m[32mMapped {/api/v1/global-lists/:id/items/:itemId, DELETE} route[39m[38;5;3m +0ms[39m
[32m[Nest] 20272  - [39m23/05/2026, 13:51:09 [32m    LOG[39m [38;5;3m[RouterExplorer] [39m[32mMapped {/api/v1/global-lists/:id/items/:itemId/children, GET} route[39m[38;5;3m +1ms[39m
[32m[Nest] 20272  - [39m23/05/2026, 13:51:09 [32m    LOG[39m [38;5;3m[RoutesResolver] [39m[32mFormsController {/api/v1/forms}:[39m[38;5;3m +0ms[39m
[32m[Nest] 20272  - [39m23/05/2026, 13:51:09 [32m    LOG[39m [38;5;3m[RouterExplorer] [39m[32mMapped {/api/v1/forms, GET} route[39m[38;5;3m +0ms[39m
[32m[Nest] 20272  - [39m23/05/2026, 13:51:09 [32m    LOG[39m [38;5;3m[RouterExplorer] [39m[32mMapped {/api/v1/forms/:id, GET} route[39m[38;5;3m +0ms[39m
[32m[Nest] 20272  - [39m23/05/2026, 13:51:09 [32m    LOG[39m [38;5;3m[RouterExplorer] [39m[32mMapped {/api/v1/forms, POST} route[39m[38;5;3m +0ms[39m
[32m[Nest] 20272  - [39m23/05/2026, 13:51:09 [32m    LOG[39m [38;5;3m[RouterExplorer] [39m[32mMapped {/api/v1/forms/:id, PATCH} route[39m[38;5;3m +0ms[39m
[32m[Nest] 20272  - [39m23/05/2026, 13:51:09 [32m    LOG[39m [38;5;3m[RouterExplorer] [39m[32mMapped {/api/v1/forms/:id, DELETE} route[39m[38;5;3m +0ms[39m
[32m[Nest] 20272  - [39m23/05/2026, 13:51:09 [32m    LOG[39m [38;5;3m[RouterExplorer] [39m[32mMapped {/api/v1/forms/:id/sections, POST} route[39m[38;5;3m +0ms[39m
[32m[Nest] 20272  - [39m23/05/2026, 13:51:09 [32m    LOG[39m [38;5;3m[RouterExplorer] [39m[32mMapped {/api/v1/forms/:id/sections/:sectionId, PATCH} route[39m[38;5;3m +0ms[39m
[32m[Nest] 20272  - [39m23/05/2026, 13:51:09 [32m    LOG[39m [38;5;3m[RouterExplorer] [39m[32mMapped {/api/v1/forms/:id/sections/:sectionId, DELETE} route[39m[38;5;3m +0ms[39m
[32m[Nest] 20272  - [39m23/05/2026, 13:51:09 [32m    LOG[39m [38;5;3m[RouterExplorer] [39m[32mMapped {/api/v1/forms/:id/available-fields, GET} route[39m[38;5;3m +0ms[39m
[32m[Nest] 20272  - [39m23/05/2026, 13:51:09 [32m    LOG[39m [38;5;3m[RouterExplorer] [39m[32mMapped {/api/v1/forms/:id/fields, POST} route[39m[38;5;3m +0ms[39m
[32m[Nest] 20272  - [39m23/05/2026, 13:51:09 [32m    LOG[39m [38;5;3m[RouterExplorer] [39m[32mMapped {/api/v1/forms/:id/fields/:formFieldId, PATCH} route[39m[38;5;3m +0ms[39m
[32m[Nest] 20272  - [39m23/05/2026, 13:51:09 [32m    LOG[39m [38;5;3m[RouterExplorer] [39m[32mMapped {/api/v1/forms/:id/fields/:formFieldId, DELETE} route[39m[38;5;3m +0ms[39m
[32m[Nest] 20272  - [39m23/05/2026, 13:51:09 [32m    LOG[39m [38;5;3m[RouterExplorer] [39m[32mMapped {/api/v1/forms/:id/fields/reorder, POST} route[39m[38;5;3m +0ms[39m
[32m[Nest] 20272  - [39m23/05/2026, 13:51:09 [32m    LOG[39m [38;5;3m[RouterExplorer] [39m[32mMapped {/api/v1/forms/:id/permissions, GET} route[39m[38;5;3m +0ms[39m
[32m[Nest] 20272  - [39m23/05/2026, 13:51:09 [32m    LOG[39m [38;5;3m[RouterExplorer] [39m[32mMapped {/api/v1/forms/:id/permissions, POST} route[39m[38;5;3m +0ms[39m
[32m[Nest] 20272  - [39m23/05/2026, 13:51:09 [32m    LOG[39m [38;5;3m[RouterExplorer] [39m[32mMapped {/api/v1/forms/:id/generate-token, POST} route[39m[38;5;3m +0ms[39m
[32m[Nest] 20272  - [39m23/05/2026, 13:51:09 [32m    LOG[39m [38;5;3m[RouterExplorer] [39m[32mMapped {/api/v1/forms/:id/revoke-token, POST} route[39m[38;5;3m +1ms[39m
[32m[Nest] 20272  - [39m23/05/2026, 13:51:09 [32m    LOG[39m [38;5;3m[RouterExplorer] [39m[32mMapped {/api/v1/forms/:id/submissions, GET} route[39m[38;5;3m +0ms[39m
[32m[Nest] 20272  - [39m23/05/2026, 13:51:09 [32m    LOG[39m [38;5;3m[RoutesResolver] [39m[32mPublicFormsController {/api/v1/public/forms}:[39m[38;5;3m +0ms[39m
[32m[Nest] 20272  - [39m23/05/2026, 13:51:09 [32m    LOG[39m [38;5;3m[RouterExplorer] [39m[32mMapped {/api/v1/public/forms/:token, GET} route[39m[38;5;3m +0ms[39m
[32m[Nest] 20272  - [39m23/05/2026, 13:51:09 [32m    LOG[39m [38;5;3m[RouterExplorer] [39m[32mMapped {/api/v1/public/forms/:token/submit, POST} route[39m[38;5;3m +0ms[39m
[32m[Nest] 20272  - [39m23/05/2026, 13:51:09 [32m    LOG[39m [38;5;3m[RoutesResolver] [39m[32mAnalyticsController {/api/v1/analytics}:[39m[38;5;3m +0ms[39m
[32m[Nest] 20272  - [39m23/05/2026, 13:51:09 [32m    LOG[39m [38;5;3m[RouterExplorer] [39m[32mMapped {/api/v1/analytics/data/:moduleId, POST} route[39m[38;5;3m +4ms[39m
[32m[Nest] 20272  - [39m23/05/2026, 13:51:09 [32m    LOG[39m [38;5;3m[RouterExplorer] [39m[32mMapped {/api/v1/analytics/:moduleId, GET} route[39m[38;5;3m +0ms[39m
[32m[Nest] 20272  - [39m23/05/2026, 13:51:09 [32m    LOG[39m [38;5;3m[RouterExplorer] [39m[32mMapped {/api/v1/analytics/kanban/:moduleId, POST} route[39m[38;5;3m +0ms[39m
[32m[Nest] 20272  - [39m23/05/2026, 13:51:09 [32m    LOG[39m [38;5;3m[RouterExplorer] [39m[32mMapped {/api/v1/analytics/views/list, GET} route[39m[38;5;3m +1ms[39m
[32m[Nest] 20272  - [39m23/05/2026, 13:51:09 [32m    LOG[39m [38;5;3m[RouterExplorer] [39m[32mMapped {/api/v1/analytics/views, POST} route[39m[38;5;3m +0ms[39m
[32m[Nest] 20272  - [39m23/05/2026, 13:51:09 [32m    LOG[39m [38;5;3m[RouterExplorer] [39m[32mMapped {/api/v1/analytics/views/:id, PATCH} route[39m[38;5;3m +0ms[39m
[32m[Nest] 20272  - [39m23/05/2026, 13:51:09 [32m    LOG[39m [38;5;3m[RouterExplorer] [39m[32mMapped {/api/v1/analytics/views/:id, DELETE} route[39m[38;5;3m +0ms[39m
[32m[Nest] 20272  - [39m23/05/2026, 13:51:09 [32m    LOG[39m [38;5;3m[RouterExplorer] [39m[32mMapped {/api/v1/analytics/targets/list, GET} route[39m[38;5;3m +0ms[39m
[32m[Nest] 20272  - [39m23/05/2026, 13:51:09 [32m    LOG[39m [38;5;3m[RouterExplorer] [39m[32mMapped {/api/v1/analytics/targets, POST} route[39m[38;5;3m +0ms[39m
[32m[Nest] 20272  - [39m23/05/2026, 13:51:09 [32m    LOG[39m [38;5;3m[RouterExplorer] [39m[32mMapped {/api/v1/analytics/targets/:id, PATCH} route[39m[38;5;3m +0ms[39m
[32m[Nest] 20272  - [39m23/05/2026, 13:51:09 [32m    LOG[39m [38;5;3m[RouterExplorer] [39m[32mMapped {/api/v1/analytics/targets/:id, DELETE} route[39m[38;5;3m +0ms[39m
[32m[Nest] 20272  - [39m23/05/2026, 13:51:09 [32m    LOG[39m [38;5;3m[RouterExplorer] [39m[32mMapped {/api/v1/analytics/targets/:id/compute, POST} route[39m[38;5;3m +0ms[39m
[32m[Nest] 20272  - [39m23/05/2026, 13:51:09 [32m    LOG[39m [38;5;3m[NestApplication] [39m[32mNest application successfully started[39m[38;5;3m +19ms[39m
[31m[Nest] 20272  - [39m23/05/2026, 13:51:09 [31m  ERROR[39m [38;5;3m[NestApplication] [39m[31mError: listen EADDRINUSE: address already in use :::4000[39m[38;5;3m +1ms[39m
node:net:1948
    const ex = new UVExceptionWithHostPort(err, 'listen', address, port);
               ^

Error: listen EADDRINUSE: address already in use :::4000
    at Server.setupListenHandle [as _listen2] (node:net:1948:16)
    at listenInCluster (node:net:2005:12)
    at Server.listen (node:net:2110:7)
    at ExpressAdapter.listen (C:\xampp\htdocs\CRM\backend\node_modules\@nestjs\platform-express\adapters\express-adapter.js:95:32)
    at C:\xampp\htdocs\CRM\backend\node_modules\@nestjs\core\nest-application.js:183:30
    at new Promise (<anonymous>)
    at NestApplication.listen (C:\xampp\htdocs\CRM\backend\node_modules\@nestjs\core\nest-application.js:173:16)
    at async bootstrap (C:\xampp\htdocs\CRM\backend\src\main.ts:34:3) {
  code: 'EADDRINUSE',
  errno: -4091,
  syscall: 'listen',
  address: '::',
  port: 4000
}

Node.js v24.14.0
[2J[3J[H[[90m13:51:12[0m] File change detected. Starting incremental compilation...

[96msrc/departments/departments.service.ts[0m:[93m9[0m:[93m24[0m - [91merror[0m[90m TS2339: [0mProperty 'department' does not exist on type 'PrismaService'.

[7m9[0m     return this.prisma.department.findMany({
[7m [0m [91m                       ~~~~~~~~~~[0m

[96msrc/departments/departments.service.ts[0m:[93m20[0m:[93m36[0m - [91merror[0m[90m TS2339: [0mProperty 'department' does not exist on type 'PrismaService'.

[7m20[0m     const dept = await this.prisma.department.findFirst({
[7m  [0m [91m                                   ~~~~~~~~~~[0m

[96msrc/departments/departments.service.ts[0m:[93m33[0m:[93m40[0m - [91merror[0m[90m TS2339: [0mProperty 'department' does not exist on type 'PrismaService'.

[7m33[0m     const existing = await this.prisma.department.findFirst({ where: { slug, organizationId: orgId } });
[7m  [0m [91m                                       ~~~~~~~~~~[0m

[96msrc/departments/departments.service.ts[0m:[93m35[0m:[93m24[0m - [91merror[0m[90m TS2339: [0mProperty 'department' does not exist on type 'PrismaService'.

[7m35[0m     return this.prisma.department.create({
[7m  [0m [91m                       ~~~~~~~~~~[0m

[96msrc/departments/departments.service.ts[0m:[93m47[0m:[93m24[0m - [91merror[0m[90m TS2339: [0mProperty 'department' does not exist on type 'PrismaService'.

[7m47[0m     return this.prisma.department.update({ where: { id }, data });
[7m  [0m [91m                       ~~~~~~~~~~[0m

[96msrc/departments/departments.service.ts[0m:[93m53[0m:[93m50[0m - [91merror[0m[90m TS2353: [0mObject literal may only specify known properties, and 'departmentId' does not exist in type 'UserWhereInput'.

[7m53[0m     await this.prisma.user.updateMany({ where: { departmentId: id }, data: { departmentId: null } });
[7m  [0m [91m                                                 ~~~~~~~~~~~~[0m

  [96mnode_modules/.prisma/client/index.d.ts[0m:[93m6026[0m:[93m5[0m
    [7m6026[0m     where?: UserWhereInput
    [7m    [0m [96m    ~~~~~[0m
    The expected type comes from property 'where' which is declared here on type '{ data: (Without<UserUpdateManyMutationInput, UserUncheckedUpdateManyInput> & UserUncheckedUpdateManyInput) | (Without<...> & UserUpdateManyMutationInput); where?: UserWhereInput; }'

[96msrc/departments/departments.service.ts[0m:[93m53[0m:[93m78[0m - [91merror[0m[90m TS2353: [0mObject literal may only specify known properties, and 'departmentId' does not exist in type '(Without<UserUpdateManyMutationInput, UserUncheckedUpdateManyInput> & UserUncheckedUpdateManyInput) | (Without<...> & UserUpdateManyMutationInput)'.

[7m53[0m     await this.prisma.user.updateMany({ where: { departmentId: id }, data: { departmentId: null } });
[7m  [0m [91m                                                                             ~~~~~~~~~~~~[0m

  [96mnode_modules/.prisma/client/index.d.ts[0m:[93m6022[0m:[93m5[0m
    [7m6022[0m     data: XOR<UserUpdateManyMutationInput, UserUncheckedUpdateManyInput>
    [7m    [0m [96m    ~~~~[0m
    The expected type comes from property 'data' which is declared here on type '{ data: (Without<UserUpdateManyMutationInput, UserUncheckedUpdateManyInput> & UserUncheckedUpdateManyInput) | (Without<...> & UserUpdateManyMutationInput); where?: UserWhereInput; }'

[96msrc/departments/departments.service.ts[0m:[93m54[0m:[93m24[0m - [91merror[0m[90m TS2339: [0mProperty 'department' does not exist on type 'PrismaService'.

[7m54[0m     return this.prisma.department.delete({ where: { id } });
[7m  [0m [91m                       ~~~~~~~~~~[0m

[96msrc/departments/departments.service.ts[0m:[93m64[0m:[93m37[0m - [91merror[0m[90m TS2339: [0mProperty 'departmentPermission' does not exist on type 'PrismaService'.

[7m64[0m     const perms = await this.prisma.departmentPermission.findMany({
[7m  [0m [91m                                    ~~~~~~~~~~~~~~~~~~~~[0m

[96msrc/departments/departments.service.ts[0m:[93m93[0m:[93m24[0m - [91merror[0m[90m TS2339: [0mProperty 'departmentPermission' does not exist on type 'PrismaService'.

[7m93[0m     return this.prisma.departmentPermission.upsert({
[7m  [0m [91m                       ~~~~~~~~~~~~~~~~~~~~[0m

[96msrc/departments/departments.service.ts[0m:[93m112[0m:[93m9[0m - [91merror[0m[90m TS2353: [0mObject literal may only specify known properties, and 'department' does not exist in type 'UserInclude<DefaultArgs>'.

[7m112[0m         department: {
[7m   [0m [91m        ~~~~~~~~~~[0m

  [96mnode_modules/.prisma/client/index.d.ts[0m:[93m5836[0m:[93m5[0m
    [7m5836[0m     include?: UserInclude<ExtArgs> | null
    [7m    [0m [96m    ~~~~~~~[0m
    The expected type comes from property 'include' which is declared here on type '{ select?: UserSelect<DefaultArgs>; include?: UserInclude<DefaultArgs>; where?: UserWhereInput; orderBy?: UserOrderByWithRelationInput | UserOrderByWithRelationInput[]; cursor?: UserWhereUniqueInput; take?: number; skip?: number; distinct?: UserScalarFieldEnum | UserScalarFieldEnum[]; }'

[96msrc/departments/departments.service.ts[0m:[93m119[0m:[93m18[0m - [91merror[0m[90m TS2339: [0mProperty 'department' does not exist on type '{ id: string; isActive: boolean; organizationId: string; createdAt: Date; updatedAt: Date; email: string; password: string; firstName: string; lastName: string; avatar: string; phone: string; role: UserRole; refreshToken: string; lastLoginAt: Date; }'.

[7m119[0m     return user?.department || null;
[7m   [0m [91m                 ~~~~~~~~~~[0m

[96msrc/departments/departments.service.ts[0m:[93m123[0m:[93m36[0m - [91merror[0m[90m TS2339: [0mProperty 'department' does not exist on type 'PrismaService'.

[7m123[0m     const dept = await this.prisma.department.findFirst({ where: { id, organizationId: orgId } });
[7m   [0m [91m                                   ~~~~~~~~~~[0m

[96msrc/email/email.service.ts[0m:[93m33[0m:[93m39[0m - [91merror[0m[90m TS2307: [0mCannot find module 'nodemailer' or its corresponding type declarations.

[7m33[0m       const nodemailer = await import('nodemailer').catch(() => null);
[7m  [0m [91m                                      ~~~~~~~~~~~~[0m

[96msrc/users/users.service.ts[0m:[93m15[0m:[93m22[0m - [91merror[0m[90m TS2353: [0mObject literal may only specify known properties, and 'jobTitle' does not exist in type 'UserSelect<DefaultArgs>'.

[7m15[0m         phone: true, jobTitle: true,
[7m  [0m [91m                     ~~~~~~~~[0m

  [96mnode_modules/.prisma/client/index.d.ts[0m:[93m5928[0m:[93m5[0m
    [7m5928[0m     select?: UserSelect<ExtArgs> | null
    [7m    [0m [96m    ~~~~~~[0m
    The expected type comes from property 'select' which is declared here on type '{ select?: UserSelect<DefaultArgs>; include?: UserInclude<DefaultArgs>; where?: UserWhereInput; orderBy?: UserOrderByWithRelationInput | UserOrderByWithRelationInput[]; cursor?: UserWhereUniqueInput; take?: number; skip?: number; distinct?: UserScalarFieldEnum | UserScalarFieldEnum[]; }'

[[90m13:51:13[0m] Found 15 errors. Watching for file changes.

[2J[3J[H[[90m13:52:16[0m] File change detected. Starting incremental compilation...

[96msrc/users/users.service.ts[0m:[93m15[0m:[93m22[0m - [91merror[0m[90m TS2353: [0mObject literal may only specify known properties, and 'jobTitle' does not exist in type 'UserSelect<DefaultArgs>'.

[7m15[0m         phone: true, jobTitle: true,
[7m  [0m [91m                     ~~~~~~~~[0m

  [96mnode_modules/.prisma/client/index.d.ts[0m:[93m5928[0m:[93m5[0m
    [7m5928[0m     select?: UserSelect<ExtArgs> | null
    [7m    [0m [96m    ~~~~~~[0m
    The expected type comes from property 'select' which is declared here on type '{ select?: UserSelect<DefaultArgs>; include?: UserInclude<DefaultArgs>; where?: UserWhereInput; orderBy?: UserOrderByWithRelationInput | UserOrderByWithRelationInput[]; cursor?: UserWhereUniqueInput; take?: number; skip?: number; distinct?: UserScalarFieldEnum | UserScalarFieldEnum[]; }'

[[90m13:52:17[0m] Found 1 error. Watching for file changes.

[2J[3J[H[[90m13:52:20[0m] File change detected. Starting incremental compilation...

[96msrc/records/records.service.ts[0m:[93m264[0m:[93m36[0m - [91merror[0m[90m TS2339: [0mProperty 'parseCsv' does not exist on type 'RecordsService'.

[7m264[0m     const { headers, rows } = this.parseCsv(csvText);
[7m   [0m [91m                                   ~~~~~~~~[0m

[96msrc/records/records.service.ts[0m:[93m278[0m:[93m27[0m - [91merror[0m[90m TS2339: [0mProperty 'parseCsv' does not exist on type 'RecordsService'.

[7m278[0m     const { rows } = this.parseCsv(csvText);
[7m   [0m [91m                          ~~~~~~~~[0m

[96msrc/users/users.service.ts[0m:[93m15[0m:[93m22[0m - [91merror[0m[90m TS2353: [0mObject literal may only specify known properties, and 'jobTitle' does not exist in type 'UserSelect<DefaultArgs>'.

[7m15[0m         phone: true, jobTitle: true,
[7m  [0m [91m                     ~~~~~~~~[0m

  [96mnode_modules/.prisma/client/index.d.ts[0m:[93m5928[0m:[93m5[0m
    [7m5928[0m     select?: UserSelect<ExtArgs> | null
    [7m    [0m [96m    ~~~~~~[0m
    The expected type comes from property 'select' which is declared here on type '{ select?: UserSelect<DefaultArgs>; include?: UserInclude<DefaultArgs>; where?: UserWhereInput; orderBy?: UserOrderByWithRelationInput | UserOrderByWithRelationInput[]; cursor?: UserWhereUniqueInput; take?: number; skip?: number; distinct?: UserScalarFieldEnum | UserScalarFieldEnum[]; }'

[[90m13:52:21[0m] Found 3 errors. Watching for file changes.

